OTU ID	1	10	11	12	13	14	15	2	3	4	5	6	7	8	9
d0e4b1fa370c69f7bf6edc0ee3bd8721	0	0	0	0	0	0	0	0	0	0	0	0	0	6	0
dcaedd304dad3a6294225fc685bbc248	0	0	0	3	0	0	0	0	0	0	0	0	0	0	0
cdc8d6bc9d367a4f4fa09c9b351e865e	0	0	6	0	0	0	0	0	0	0	0	0	0	0	0
4bb373c6461f6894ca9833bba0d1d817	0	9	0	0	0	0	0	0	0	0	0	0	0	0	0
e3dd8f6d5141301aea9cf4d1012ed4a2	20	0	0	0	0	0	0	0	0	0	0	0	0	0	0
cf7a993853d59154863cf54082c7c577	0	9	0	0	0	0	0	0	0	0	0	0	0	0	0
7891868bc9f5df75fc46072c222b5dc4	0	0	10	0	0	0	0	0	0	0	0	0	0	0	0
664b04b9c0f4c12f1b54d1f6ca7432ff	0	0	0	0	6	0	0	0	0	0	0	0	0	0	0
05481b1289252832cc27625e3899b377	0	0	0	0	0	0	0	0	0	0	0	16	0	0	0
dfd7b5bad28f6776b621a41ef153638c	0	0	0	0	0	3	0	0	0	0	0	0	0	0	0
bd6dda765a54e23099570e80cff27d33	9	0	0	0	0	0	0	0	0	0	0	0	0	0	0
ad1b37e1780036ad74c4a41b7a671565	0	0	0	11	0	0	0	0	0	0	0	0	0	0	0
01fbd1b0b6a4269ec58ecbb195ee7a66	0	0	0	8	0	0	0	0	0	0	0	0	0	0	0
3e019705d3246b9c3c36491de647dbd2	0	0	0	0	0	10	0	0	0	0	0	0	0	0	0
42d87c3c411682698567c66ccadf5474	0	19	0	0	0	0	0	0	0	0	0	0	0	0	0
9eb6d6e7d370dd104eeb396eb4024401	0	0	0	0	21	0	0	0	0	0	0	0	0	0	0
e4e85302f1d1275e47cba3a3d73ae8d4	0	0	0	0	0	0	0	2	0	0	0	0	0	0	0
8f79b07b6be992ea2a14ff151890e49e	0	0	0	0	0	0	0	0	0	0	0	0	9	0	0
23d08b45a8670b538803f3cbaf27434b	0	0	0	0	0	0	0	0	0	0	0	8	0	0	0
956657249fafba095be5ce96bc4ee053	0	0	0	0	0	0	0	0	0	0	0	0	6	0	0
1bb96a4800f654bf69fc305f3c6f091e	0	0	0	0	0	0	0	12	0	0	0	0	0	0	0
355d3a9882724f732bd8f5015ea595d8	3	0	0	0	0	0	0	0	0	0	0	0	0	0	0
0e5e731ecd5bb92c399bae9a69e297f0	0	0	0	0	0	9	0	0	0	0	0	0	0	0	0
f924ebfd1f4b870fd45037235ade113c	0	0	10	0	0	0	0	0	0	0	0	0	0	0	0
b7479b1eb1a1dd98fc77fcf92c41c43e	0	0	0	0	0	0	0	0	0	0	0	0	7	0	0
33a2e388f01a1c49bd3ad8c9eb7e5633	7	0	0	0	0	0	0	0	0	0	0	0	0	0	0
6b7f8156302da917249b1519eaaa5aab	0	0	0	0	0	0	0	0	0	0	0	0	0	0	14
83021bbc64d8a041c1392935e9143fa4	0	0	3	0	0	0	0	0	0	0	0	0	0	0	0
0e005eb906bd66e1ead4ac0c98670206	0	0	0	0	0	0	0	7	0	0	0	0	0	0	0
eff0e4101b0575e2b6a2e8d5aaea5611	0	0	0	0	0	0	0	0	0	0	0	0	0	0	9
95ec0d024b30d25ee0497a63dc48ec44	0	0	0	0	0	0	11	0	0	0	0	0	0	0	0
bf2c648f72b376b575d8586ea0f29d9e	0	0	0	3	0	0	0	0	0	0	0	0	0	0	0
4d6dba5a5653c9b293b72eefdebd2569	0	0	0	0	0	0	0	0	6	0	0	0	0	0	0
b24b7ae78582e98e249137b5740cb5f4	0	0	0	0	0	0	0	0	0	0	4	0	0	0	0
0bc0cb95d7970c340d9b2f95dfc0a96c	13	0	0	0	0	0	0	0	0	0	0	0	0	0	0
be69ca5e78e722f816eddac563eabe93	0	6	0	0	0	0	0	0	0	0	0	0	0	0	0
91f47255147a3c8e828959c190d8c537	0	0	0	0	0	13	0	0	0	0	0	0	0	0	0
57c768ab404583abb5e86f75419807a7	0	0	0	0	0	0	0	9	0	0	0	0	0	0	0
4631ed65e68a43a62a4fe155d13da306	0	0	0	0	0	0	0	0	0	0	0	0	34	0	0
4177e771a0cdcb6b4150ddfc2188fbe7	0	0	0	0	17	0	0	0	0	0	0	0	0	0	0
b0445323d1e8f38175c1c7d80751e5a4	0	0	0	0	0	0	0	0	5	0	0	0	0	0	0
8b9c8ae957cf603f08cf0fc7ff09d2ca	0	0	0	0	0	0	0	0	0	0	0	0	0	0	17
dce996bd51e1a7d40829437db13ed372	0	0	0	0	19	0	0	0	0	0	0	0	0	0	0
abbb3bfb85d88a1e9ac889e0fecb20bb	0	0	0	0	0	0	0	0	0	0	0	0	10	0	0
c9b310c6ba095f9b044af3fd1e32332c	0	5	0	0	0	0	0	0	0	0	0	0	0	0	0
6fcac367a57ae5ecf4daae1b4c7d290e	0	0	0	0	0	0	0	0	3	0	0	0	0	0	0
0c31587638c6f27ba82e769a655c9867	0	0	0	0	0	18	0	0	0	0	0	0	0	0	0
00ba79d1d7456ae74948710c83d85a7b	0	0	33	0	0	0	0	0	0	0	0	0	0	0	0
074d266a8aabdf37cbe14b7a65ad4b7a	0	0	0	0	0	0	0	0	0	0	0	0	0	0	74
d8d699d9435ec128d9dc24cce3b9731e	0	0	0	0	0	0	0	0	0	0	0	81	0	0	0
52a2c8c2412f47c5ea75682e7a732833	0	44	0	0	0	0	0	0	0	0	0	0	0	0	0
d7af2ddc881198dd48ffa4f53fd52802	0	0	0	0	0	0	16	0	0	0	0	0	0	0	0
5127c0b36a97dced3d33a53b31da271e	0	0	0	0	0	0	0	0	24	0	0	0	0	0	0
367cb9c3da3126411a98c237c51fd31e	0	0	0	9	0	0	0	0	0	0	0	0	0	0	0
2013d1e63b8cefea8cd037c12f54ba98	0	0	0	0	0	0	0	0	0	0	0	0	0	30	0
4b584a58a6b598f0df678f8db9aa678e	0	0	0	0	0	0	0	45	0	0	0	0	0	0	0
6711ad9d893ad0d260e8584508601644	0	0	0	0	0	0	0	0	0	0	0	6	0	0	0
4be8b58493f6007d500316a0f803098d	0	0	0	0	0	0	0	0	0	0	0	0	0	0	18
2def21defe59c35e5eddcf879232a22a	0	0	0	0	0	13	0	0	0	0	0	0	0	0	0
c38745977fab66df88f70a15af7694a0	0	26	0	0	0	0	0	0	0	0	0	0	0	0	0
0208543a64720fcdcb4a33bc6d4abbce	0	0	0	0	0	0	0	0	0	0	0	0	4	0	0
e135e7bcb22f255ab533aea8815f754d	76	0	0	0	0	0	0	0	0	0	0	0	0	0	0
f991ac0e101dea262b14b57abd07c403	0	0	0	0	0	0	73	53	0	0	0	0	0	0	0
23628750d09ab174851989ab27aae7ac	0	0	0	0	0	0	0	0	65	0	0	0	0	0	0
f3c5d9d0a9dbfe41705cbd8bb16f6e10	0	63	0	0	0	0	0	0	0	0	0	0	0	0	0
7584849a2268537d23eada84be8a1219	0	0	51	0	0	0	0	0	0	0	0	0	0	0	0
820575b24769befedb213ef4bc664b7b	0	0	0	0	0	0	0	0	0	0	0	0	12	0	0
53d16bb05938e0e8d04df5a3ca056bc4	0	0	0	0	0	0	0	0	2	0	0	0	0	0	0
d61828602cc81ba77e7eb413c9bd1ae8	0	0	0	0	0	0	0	0	0	0	0	0	0	0	22
707ce9b488735f6b12e436c2aca22982	0	11	0	0	0	0	0	0	0	0	0	0	0	0	0
4d573a72f22368a4dec2754c0eca2172	0	0	0	0	0	0	0	0	9	0	0	0	0	0	0
4d13268e592f5d85143dccba23ffa7d2	0	0	10	0	0	0	0	0	0	0	0	0	0	0	0
26bed83458d0b11f3b572e071ac4af4f	0	0	0	0	0	0	0	0	0	0	0	7	0	0	0
a7531078d1e625c9ea5277aef47b70fb	0	0	0	0	10	0	0	0	0	0	0	0	0	0	0
1c37db26cea369656e24cedfa315513c	0	7	0	0	0	0	0	0	0	0	0	0	0	0	0
c5fe2080e95d2dff477e779a339fc7a0	0	0	0	19	0	0	0	0	0	0	0	0	0	0	0
d74b9980a4f00ee149325e8148a0021d	0	0	0	0	0	0	0	0	0	0	0	0	0	0	20
bc225e2ad921b8cb5d48529410fdc5cb	0	0	0	0	0	0	0	0	0	0	0	15	0	0	0
ef0809aa8ceb08f77915cb8a157b7538	2	0	0	0	0	0	0	0	0	0	0	0	0	0	0
39c9d2e96281f52b23666546d1d90f30	0	0	14	0	0	0	0	0	0	0	0	0	0	0	0
f9452817aa03ecc8f9bd90b217066dcc	0	0	0	0	0	0	29	0	0	0	0	0	0	0	21
a6b3afa29b656e19a068340d7c86d382	0	0	0	0	8	0	0	0	0	0	0	0	0	0	0
868d50f929668db0a926a8d972f1985b	0	0	0	5	0	0	0	0	0	0	0	0	0	0	0
2974ee0b9ec0d4fdea4258003a54d855	0	0	0	0	0	0	0	0	0	0	0	0	0	15	0
09fe097d830683be209eb73fc39787df	0	0	0	0	0	4	0	0	0	0	0	0	0	0	0
10de29a4648f183f10deaf1d37795cea	5	0	0	0	0	0	0	0	0	0	0	0	0	0	0
7fd6d8a1fdad5bc7db244642a86307fe	0	0	0	0	0	0	0	0	0	0	0	0	7	0	0
7cd6874f3026f18a1dc8c0cc05122e67	0	0	0	0	0	0	0	0	0	0	0	3	0	0	0
27fb84250f3dc3ba9f09d3db6f731adc	0	0	10	0	0	0	0	0	0	0	0	0	0	0	0
8cca0c7ab5befd6c144bfacf08df3483	0	0	0	0	0	0	0	0	3	0	0	0	0	0	0
57079fa5890c1ac708ec04dbd3ec0377	0	0	0	0	0	0	0	2	0	0	0	0	0	0	0
5e9a0dd3d1704fced93f6cc58e1196cc	0	6	0	0	0	0	0	0	0	0	0	0	0	0	0
7c0a163b3ee7dbd10fd0a8d548f09b5c	0	0	0	0	0	0	0	15	0	0	0	0	0	0	0
1e5ea7c5ba8168737adb3296d101d46a	0	0	0	0	0	0	0	0	3	0	0	0	0	0	0
2e3a12cbedccd591d0491063ee18f8e4	0	0	0	16	0	0	0	0	0	0	0	0	0	0	0
f8ba6ae049c5cc6a41722ed5a16f8794	0	0	0	0	0	0	0	0	0	0	0	0	2	0	0
046d56274aec4658885ff957c43752cb	0	2	0	0	0	0	0	0	0	0	0	0	0	0	0
7548fea29bace81c7064a5b0d706e9f4	0	0	0	0	0	0	0	0	0	0	0	0	0	25	0
ee423ef62b3d6b9336a80c3b02b24a95	0	0	9	0	0	0	0	0	0	0	0	0	0	0	0
b0e247abde5f4b73981466eaa8adf0ea	0	0	4	0	0	0	0	0	0	0	0	0	0	0	0
4d3d0c71a01e8c2089f34de096431704	15	0	0	0	0	11	0	0	0	0	0	0	0	0	0
90abbd04f6ad1dab8ea11fa8accf0c54	0	0	0	0	0	0	0	0	9	0	0	0	0	0	0
e59ad1ed7ad76cbf763b1cd4ef30e7c5	0	0	0	0	0	0	0	0	0	0	0	24	0	0	0
da721864918fd06022518a470208520c	0	49	0	0	0	0	0	0	0	0	0	0	0	0	0
7bac1d397597757b3abbc9b2cf178f76	0	0	0	0	0	0	0	0	0	0	0	37	0	0	0
dcf2e1f79746622a122c13c079a41873	0	0	0	0	0	15	0	0	0	0	0	0	0	0	36
6f1204ff3a017ba38859c15a3d466b19	0	0	0	24	0	0	0	0	0	0	0	0	0	0	0
3563ff597e2edf00887728faaa3a9b00	0	0	0	0	0	0	0	0	0	0	0	60	0	0	0
4eb79775f00c4a195a9610688d650d7d	0	0	0	0	0	0	0	0	41	0	0	0	42	0	0
1c95aa294970d215f99329e3dd8f363d	0	40	0	0	37	0	0	0	0	0	0	0	0	0	0
47072221476315f78b4cf8e33007e35e	0	0	0	0	0	0	0	26	0	0	0	0	0	0	0
9b5cecce307ef577d538f84d5cf11258	0	0	0	0	10	0	0	0	0	0	0	0	0	0	0
b491f96aa872b911afdfb346e247e9f9	0	0	0	14	0	0	0	0	0	0	0	0	0	0	0
4aa07b8b48438e45437c1b498e742a40	0	0	0	0	0	0	0	4	0	0	0	0	0	0	0
10dd8d142e9c5c479bf84501dbca9bf2	0	0	0	0	0	0	0	0	0	0	0	2	0	0	0
fbaa22cfe3279bc6e0d1ea4092a51a3d	0	0	0	0	9	0	0	0	0	0	0	0	0	0	0
20e164aa90928e00eaf2bae995e5878d	0	0	0	0	0	0	0	0	2	0	0	0	0	0	0
cc05be44f2bdf2407ae8a162d9c0b4ab	0	0	0	0	8	0	0	0	0	0	0	0	0	0	0
6ce9a3424d0cee4ddfa60f043bc4a5ad	0	0	0	0	0	0	8	0	0	0	0	0	0	0	0
75d6ebca7630c3b833952e14a3ef83c2	0	0	11	0	0	0	0	0	0	0	0	0	0	0	0
ad02a6af7096438329a557fd4668316f	0	0	0	0	0	0	0	0	0	0	12	0	0	0	0
26ff8512f1449baad7fb0bd449cc40b0	0	0	0	0	152	0	0	0	0	0	0	0	0	0	0
f9ae8a71b3391c836453f22d58b94a58	0	82	0	0	0	0	0	0	0	0	0	0	0	0	0
fe390a937afde2c645961931d441e068	0	0	92	0	0	0	0	0	0	0	0	0	0	0	0
5babe917d625d65bdbad8cb83b7a779a	0	0	0	0	0	0	0	0	115	0	0	0	0	0	0
604b717360710cefca4267a0c291ac37	0	0	0	0	0	116	0	0	0	0	0	0	0	0	0
0e1fd3cd92ceda946f90dc5793462dbc	89	0	0	0	0	0	0	89	0	0	0	115	0	0	0
bf825812a4acbbcfc877c53ba38983ba	0	0	0	0	0	0	0	0	0	0	0	0	42	0	130
374e208759698ba0a88de6c5b30f1e75	0	0	0	0	0	0	0	0	0	0	0	0	0	84	0
239547d1fd5689b98efe0e4e6b1ae20c	0	0	0	0	0	0	30	0	0	0	0	0	0	0	0
e48c5b0d94e9b406b2eaaf7886446a68	0	0	0	23	0	0	0	0	0	0	0	0	0	0	0
83fe9d25b103527cb96f9ec33d2d1c21	0	0	0	4	0	0	0	0	0	0	0	0	0	0	0
84303b2b17a99a9352b438b79888efd4	0	0	0	0	0	0	0	0	0	0	0	0	0	60	0
8b73e1b21a079a83dffb71da91d5573f	0	0	0	0	0	0	0	0	0	0	0	48	0	0	0
bfca3839fea95d2037157c7e35e245d1	0	0	0	0	0	676	0	328	0	0	0	0	0	0	696
a57790b04029f89702ebd0807879d840	292	0	0	0	0	0	218	0	0	0	0	0	0	0	0
3039fa465029cd849f056ce904bab292	0	0	843	0	0	0	0	0	0	271	0	0	0	483	0
8644c9ea2a91aed8fb718a970d131e5e	0	0	0	0	0	0	0	0	0	0	0	316	0	0	0
73622be1710ae1ca11069667a350001d	0	0	0	0	582	0	0	0	0	0	0	0	0	0	0
70a789a8116d5d0f4d4cc43f6c0024e1	0	1494	0	0	0	0	0	0	0	0	0	0	0	0	0
f31ed1f30bc588d3e93ecbf5d12223f2	0	0	0	0	0	0	0	0	520	0	0	0	0	0	0
c12e7dfc1e790b16958d91a624df8943	0	0	0	0	0	0	0	0	0	0	0	0	417	0	0
5ca52faa64078ea829a781233c40eadb	0	0	0	91	0	0	0	0	0	0	0	0	0	0	0
e299bf6e064518ea59d6b192627db170	0	0	0	0	0	0	0	0	0	78	0	0	0	0	0
2e591e26fb4e085c09b83ac76a0b5fb8	0	0	0	0	0	0	0	0	0	53	0	0	0	0	0
d4bc4b5263ec40082d04230e3c310f7e	0	20	0	0	0	0	0	0	0	0	0	0	0	0	0
0a4a36a8f0e484531e45f96508b57838	0	0	0	0	0	0	0	0	0	0	0	0	0	0	16
a71c2f5945cc7da8c6d03e5d88c49360	0	0	0	0	0	0	0	0	0	0	0	0	0	16	0
aa080784d48fd0b154e1f80830b3c359	16	0	0	0	0	0	0	0	0	0	0	0	0	0	0
a72ef3c3891c0899f1ffc2d3a8e5e77b	0	0	0	0	0	0	0	0	6	0	0	0	0	0	0
0bf92dd51b6949aba5ce5aed254a1dab	0	0	0	0	0	0	0	0	0	0	0	0	0	0	55
f47ce340a01a9ff095e062b5ee03aa85	0	33	0	0	0	0	0	0	0	0	0	0	0	0	0
3b374f0a8634153f8cbd2cb2401b9015	0	0	0	0	0	45	0	0	0	194	0	0	0	0	0
91a42a4cd16f49ebd6a3f07d50a43bea	0	0	0	0	0	0	0	0	0	0	0	45	0	0	0
9485c46c1dc7dfe99c296252a156e2d2	0	0	0	0	0	0	0	0	0	0	0	0	0	37	0
a4d0dbc3fc9f113dedb0a3c629c26ece	0	0	0	0	0	0	9	0	0	0	0	0	0	0	0
7a27ab4e912d7531b8b4ba58018bf097	0	0	0	31	0	0	0	0	0	0	0	0	0	0	0
cb0fd5e102445e9741fac8d9651e4999	0	0	0	0	0	0	0	14	0	0	0	0	0	0	0
dd32273ce4f1d5c4c176aaf1e0ff97c5	0	0	0	0	0	0	12	0	0	0	0	0	0	0	0
6a8b629218c224e7cc5cd3bafa3d2e53	0	0	0	3	0	0	0	0	0	0	0	0	0	0	0
ceea09573987f25e98acfc0ecc4bc1b5	0	0	0	0	0	0	0	0	0	0	0	0	0	10	0
7ab8f58a47ef7d06719d0364987cb6d6	0	0	10	0	0	0	0	0	0	0	0	0	0	0	0
7202673cd44e7958d8c26d9d0f028b9b	0	0	0	3	0	0	0	0	0	0	0	0	0	0	0
2f64e67c235b2caa5239d6401dd5819e	0	0	0	0	0	0	0	6	0	0	0	0	0	0	0
7e2bf31d80a1c7c1dead77bdd8bed898	0	0	0	0	0	0	0	0	0	0	0	0	0	0	17
cbf04f4a9362e0f919613b63c169b7c7	10	0	0	0	0	0	0	0	0	0	0	0	0	0	0
949e9a60cbb502dc96b13b91c2b0ceaf	0	0	0	0	0	4	0	0	0	0	0	0	0	0	0
0eb1682ef2503c58fad4a6aa4bff4fe3	0	0	0	0	0	0	0	0	0	0	0	0	0	0	6
009e3abe3f17126cee21377ab2ac2143	0	4	0	0	0	0	0	0	0	0	0	0	0	0	0
9b2d6905e54dc5e710b180bdafa605d2	0	0	0	5	0	0	0	0	0	0	0	0	0	0	0
7d1d038f67d27f92db7e7e778c9bc97a	0	0	0	0	0	0	0	0	0	0	0	0	23	0	0
2b8d86b90916e8bb70a3f2adf1f5ecd9	0	0	0	0	0	0	0	0	10	0	0	0	0	0	0
1a91bb0f33d44383b565e6ff3884f5fa	0	0	0	0	45	0	0	0	0	0	0	0	0	0	0
2fd7e7c64eb5428cf4254d5a2dd56bde	0	0	0	0	0	0	0	0	0	0	0	0	0	17	0
8029488758cef111a1744204aead2c66	0	0	0	0	0	0	0	0	0	0	0	0	0	0	42
c786a860fe56b36136a92c045b6f1bd9	0	0	0	0	0	0	0	0	0	0	0	0	0	29	0
e10f7a94c308d2dc12bd33dd52ee604b	0	0	0	0	0	0	0	0	0	0	0	0	18	0	0
c15698b1b08b4d677e35c5f41d04cb24	0	0	0	0	0	0	0	0	0	0	0	0	0	0	14
599ea49d20a6d3ab6705b1d2f29e7bfb	0	0	0	0	13	0	0	0	0	0	0	0	0	0	0
f553165c733bdba70d49c94ffcd43914	0	0	0	0	0	0	0	0	0	0	0	0	0	14	0
3025d669e12d8111512837e134005a2b	0	4	0	0	0	0	0	0	0	0	0	0	0	0	0
37f52ae4fc70675ac66aee5537ac0074	0	0	0	0	0	0	5	0	0	0	0	0	0	0	0
5da7a0c3d4d8aacbde750e14e52c6faf	0	0	0	0	7	0	0	0	0	0	0	0	0	0	0
99d6c4be804fa3ded49f31afe8d900de	0	0	0	8	0	0	0	0	0	0	0	0	0	0	0
d38fb76232d4835c7c92138f9c8cae32	0	0	0	0	0	0	0	0	0	0	0	0	0	8	0
905ffd8bb19fd14e49eadb4b10456015	0	0	0	0	6	0	0	0	0	0	0	0	0	0	0
b02e4cb0634e0a0eaef985bef8419e2d	0	0	0	11	0	0	0	0	0	0	0	0	0	0	0
d81ae05903e8f63b1f4dfbe61c2c5aba	0	0	0	0	0	0	0	0	0	0	0	0	0	6	0
b69d5120793c31da03c0b3de03f5286a	0	0	5	0	0	0	0	0	0	0	0	0	0	0	0
bf7203b88ae7ce3391aa651b5bf81bfe	0	0	0	0	0	0	0	10	0	0	0	0	0	0	0
b7e7aba60c4f48f732156f7d2a3e3732	0	0	0	0	0	0	0	0	0	0	0	0	0	6	0
7012644fafdfa4527ca1a1da93eedfe3	6	0	0	0	0	0	0	0	0	0	0	0	0	0	0
40d9041d4334a9f1e250c29a98fef037	0	0	9	0	0	0	0	0	0	0	0	0	0	0	0
8a0e8343c4f1e00c3ced17cd6de110f1	0	0	14	0	0	0	0	0	0	0	0	0	0	0	0
3e986c37f97f2b965c19e9ee727469e3	0	0	0	0	7	0	0	0	0	0	0	0	0	0	0
0670fdfdfc0e62db10ca2d3235bed244	0	0	15	0	0	0	0	0	0	0	0	0	0	0	0
1cedcf8c859f6a491b0a5d4ad5cae054	0	0	0	0	0	0	0	10	0	0	0	0	0	0	0
467e51255d884f8df40366b62af84cdc	0	0	0	0	0	0	0	14	0	0	0	0	0	0	0
f2ced2bbe288e28f0780875f44ea10b0	0	0	0	0	0	0	0	0	0	0	8	0	0	0	0
1432e60e503acfb371ffd6890e54f00d	0	0	0	0	0	0	0	0	0	0	0	0	0	29	0
69d62ccff17c9b555ec8b163a196e373	0	0	0	0	0	0	0	0	0	0	0	0	0	22	0
03c51c6893382a6e8335c770c4b89289	0	0	0	0	0	0	0	0	28	0	0	0	0	0	0
9ca7538953a7d39a74ff45197a7c48bd	0	0	0	0	0	51	0	0	0	0	0	0	0	0	0
fe073b6ca8fa711c234298c1fc888ab5	0	0	0	0	0	0	0	0	0	0	0	0	87	0	0
d557fbc860bc9a0910202233696f16fc	0	0	0	0	0	0	0	0	0	0	0	0	0	0	22
bd33122c3590f4bf13efa2d081c63e2c	0	0	0	0	0	0	0	0	0	0	0	52	0	0	0
e388846f13229836e0949766746de3fb	0	0	0	0	44	0	0	0	0	0	0	0	0	0	0
5abdb6cf737f2090c07632cc6e0dff1b	0	40	0	0	0	0	0	0	0	0	0	0	0	0	0
2034492e70eeba62dc01124986031337	0	0	0	0	0	0	0	0	0	277	0	0	0	0	0
c2a66343ae09fa85a9068758dba2b226	0	0	0	0	0	0	0	0	0	279	0	0	0	0	0
e4a6315dfed6e6dba99103f66a555566	0	0	20	0	0	0	0	0	0	0	0	0	0	0	0
74776ca46eacf7e1a95cef1ae7ea8549	0	0	0	0	0	0	53	0	0	0	0	0	0	0	0
b5c7d02fd7440df163030bbc6d4e6c25	0	0	0	0	0	0	0	0	0	0	0	21	0	0	0
8aed24d18e5b25e26c221c6e4974f906	0	0	0	0	0	0	12	0	0	0	0	0	0	0	0
a2dce24a9667c3d597f8ed7bbb1d26af	0	10	0	0	0	0	0	0	0	0	0	0	0	0	0
9ce0c2c2224a1f706dc295549c58040f	13	0	0	0	0	0	0	0	0	0	0	0	0	0	0
afebaa1b44ad0438405c7cd705eb3bde	0	0	0	0	0	0	0	0	7	0	0	0	0	0	0
32ae7f2f476fbea094cbfc86c3c72609	0	0	0	8	0	0	0	0	0	0	0	0	0	0	0
82f3116a895ff96dab05f2babe4e6c54	0	0	0	10	0	0	0	0	0	0	0	0	0	0	0
3d101e3a5a600ee0d5608e5bec0a67a8	0	0	0	0	0	0	6	0	0	0	0	0	0	0	0
5da470eba04129f1dadcde95bbf8881c	0	0	0	0	0	0	0	0	0	0	0	0	23	0	0
5d2f9f500fcf80146e67c12f62f223f0	13	0	0	0	0	0	0	0	0	0	0	0	0	0	0
be9637af77decc1a2e5a605e272aa386	0	0	0	0	0	0	0	0	17	0	0	0	0	0	0
6069037c5f673d1055f7afd12d8aaf1b	956	952	1354	1093	1040	525	1097	926	1202	0	0	1036	1320	757	1740
e33ede1b57d3bdac25363d6290530a69	492	0	0	611	456	0	524	458	692	0	0	634	0	478	0
fe934abeba71803920349f6cf7788596	507	340	449	643	505	0	589	512	760	195	0	704	327	544	0
cab676655c0e0e425de0ef35454a3738	316	178	357	619	430	0	318	423	493	0	0	433	300	491	0
fb86fe0cee9fe1c2d9b7b2fcf31a11f2	358	235	479	652	473	0	389	359	573	0	0	490	305	530	0
124062f80a6ecf4723254ac21748b94c	586	0	438	595	421	0	572	485	724	0	0	555	332	433	518
115e0ded7efd50da1b58ce8c4481418a	441	649	485	676	489	1357	590	526	812	0	0	704	321	591	612
b23b9d75bbbc878ee4801b3f6774f36c	611	333	0	459	0	0	658	0	452	0	0	789	0	0	0
7d7b2c7a8dd45fb80b34a29d2b86ed19	456	341	932	1185	846	0	445	1029	705	0	0	549	619	1397	731
728a94722c35f4f9fffec828c38e7954	0	0	0	0	0	0	0	0	17	0	0	0	0	0	0
2d97fd0b9fac2361db07141aa8e555f4	0	0	0	0	0	0	0	0	0	0	0	0	0	0	17
8b1935510ad1ecdc400d416f51a1caa0	0	0	0	0	0	0	0	20	0	0	0	0	0	0	0
5ab8d9d14f02aed754180fb87cfd5d25	0	0	0	4	0	0	0	0	0	0	0	0	0	0	0
95182c074ffa67b11ea52fbba205968c	0	0	0	0	0	0	0	0	0	0	0	0	0	0	13
f296d74757e47b5631c10ec46008f992	0	0	23	0	0	0	0	0	0	0	0	0	0	0	0
8d10a02d407b0ea1d4c58dc4e528af0e	0	0	0	0	0	0	0	9	0	0	0	0	0	0	0
97a284627ec93e0e83f717fd2679d15f	0	0	0	29	0	0	0	0	0	0	0	0	0	0	0
9b6f38a2967cb5b5110c2262c2c4c7d7	0	0	0	0	27	0	0	0	0	0	0	0	0	0	0
d1e28d71b1923746555dedacb4ae1ef6	36	0	0	0	0	0	0	0	0	0	0	0	0	0	0
f333196c1a254d2d74a62c236aeae8d8	0	0	0	0	0	0	0	0	0	0	0	0	38	0	0
b42380602c088ee462e20a0e484e0a13	0	49	0	0	0	0	0	0	0	0	0	0	0	0	0
816168709951bf25e0a0a8fb044eb98a	0	0	0	0	0	0	0	0	0	0	0	0	0	0	13
e63f24f004827220cb34b15b4043e003	0	0	0	0	0	0	0	0	0	0	0	0	0	6	0
67fb5c40cb62590f3c97c35e677430aa	0	0	0	0	0	0	0	14	0	0	0	0	0	0	0
c37b415fc80e2c2ff4b15ba4a4429cc1	0	0	0	0	0	0	0	0	0	0	0	0	0	0	7
00b708a1acee9cb7440788086a2f25c2	0	0	7	0	0	0	0	0	0	0	0	0	0	0	0
0ab5dd22da1edaa595f8ec68ce9a3d08	0	5	0	0	0	0	0	0	0	0	0	0	0	0	0
ad69218dac370a554852e67d89a9a345	0	0	0	0	17	0	0	0	0	0	0	0	0	0	0
f6a7895bb5f93555fb9c419c701fb5f1	0	4	0	0	0	0	0	0	0	0	0	0	0	0	0
573e1bcb69887bb59a9a3214f255c6c2	0	0	0	7	0	0	0	0	0	0	0	0	0	0	0
fe70335a0a383460731685d622576a12	6	0	0	0	0	0	0	0	0	0	0	0	0	0	0
68eff0e9b350161d07e6157b2468376c	0	0	7	0	0	0	0	0	0	0	0	0	0	0	0
9fc845d2208ef489ca6e6b94f78880fb	0	0	0	0	0	0	0	0	0	0	0	0	0	11	0
00b144f959f1775283f48a3df04f4e66	0	0	0	0	0	0	0	0	0	0	0	0	0	0	45
d3887c962368403eaa51785a95b97cb1	0	0	0	0	0	0	0	0	0	0	0	19	0	0	0
79e4d45316ffd2d4fbe2b915609b729f	0	0	0	0	0	0	0	0	0	0	0	0	5	0	0
f43cb488cf644b14a0ae2fce6fdb40f6	0	0	0	0	23	0	0	0	0	0	0	0	0	0	0
bf8c935af06177d78d0e9a8a27f157cd	0	0	0	0	0	0	0	0	0	0	0	10	0	0	0
f1b55dc83c1f162a6d6d00a921a52ab2	0	0	0	0	0	0	0	0	0	0	0	0	0	9	0
8ccc7fea012797b7c3918009c773f42f	0	0	0	0	0	0	0	11	0	0	0	0	0	0	0
45f3cc25bba09880802f1452140f937b	0	0	0	0	0	0	0	0	8	0	0	0	0	0	0
2343b513128ed27c43c0692970df0a59	6	0	0	0	0	0	0	0	0	0	0	0	0	0	0
166c6ff380993230e8e2d11c3df296da	0	0	0	0	0	0	0	0	10	0	0	0	0	0	0
cab377614a16d212d9f5c096dd3ac60c	0	0	0	0	0	0	0	0	0	0	0	0	8	0	0
07288e69ac634cdbf2c18d271965a0da	0	4	0	0	0	0	0	0	0	0	0	0	0	0	0
bfe865d39afd18c49b85864512c2aa64	0	0	0	0	0	0	0	0	0	0	0	0	0	9	0
f9177bac3ed1b9d96c05ea15f2517566	4	0	0	0	0	0	0	0	0	0	0	0	0	0	0
9010c994c445f16586d8db3693f2a136	0	15	0	0	0	0	0	0	0	0	0	0	0	0	0
6cc8f287f3e29151820c6898b4122598	0	0	14	0	0	0	0	0	0	0	0	0	0	0	0
42bc71c281a64935b10c2788ab09e075	0	0	0	0	26	0	0	0	0	0	0	0	0	0	0
b0025462f587210bc043ae21ecaf8a70	0	0	0	0	0	13	0	0	0	0	0	23	0	21	0
ac2ae1b0de599c2d6c97cbcb5c9654ce	10	0	0	0	0	0	0	0	0	0	0	0	0	0	0
11669c3026396b9901e512656df88bb6	0	0	20	0	0	0	0	0	0	0	0	0	0	0	0
a0a3f84497562cc94e8dcbe877229ed3	0	5	0	0	0	0	0	0	0	0	0	0	0	0	0
04a298de0815b017b58e582475eabf67	0	0	0	0	0	0	0	0	17	0	0	0	0	0	0
7c19b2c56ff72cd972c63ebb71de4817	0	0	0	0	0	0	7	0	0	0	0	0	0	0	0
14258d0db7844cda9435f927dc5153de	0	0	0	0	16	0	0	0	0	0	0	0	0	0	0
48f28c45ac9a63a9e18649ef629a1e3b	18	0	0	0	0	0	0	0	0	0	0	0	0	0	0
1cdeb53e036e1116a89299ddea62c757	0	21	0	0	0	0	0	0	0	0	0	0	0	0	0
23f6fd126af92601cd2b010ce432353d	0	0	0	15	0	0	34	0	0	0	0	0	0	0	0
600cb052a2b04f277eb221321c07d2bc	0	5	0	0	0	0	0	0	0	0	0	0	0	0	0
d6653ea465bc3f6782886c761f408db8	0	0	0	0	0	0	0	0	0	0	0	0	10	0	0
0cd8c5c8c82b7ecaf4c288fbfce9af28	0	0	0	0	0	0	0	0	7	0	0	0	0	0	0
4a89e2e9ac56947aec3d3514f8aba401	0	0	0	0	0	0	0	0	5	0	0	0	0	9	0
07c68b0495c84d248bde47776bbeaf04	0	0	9	0	0	0	0	0	0	0	0	0	0	0	0
c369a2ff62af83f056cc4bb47c8b3775	0	0	0	0	0	0	0	3	0	0	0	0	0	0	0
d8fb430b5b3e6e6ebe5eb9f62ba434d7	0	0	9	0	0	0	0	0	0	0	0	0	0	0	0
bafd93d6f2d5321112b893b2c0597815	0	0	0	0	18	0	0	0	0	0	0	0	0	0	0
ce8531c9abaabf7548fd38f3fe919a81	0	0	0	0	0	0	0	0	0	0	0	0	20	0	0
b092f7ac3534965c83b8da90dc4c2485	0	0	0	0	0	0	0	0	0	0	0	0	0	18	0
788bc597f5ebc5aa2aa5e2a0f557c863	0	0	9	0	0	0	0	0	0	0	0	0	0	0	0
199c2f3eafaa7147952e7f6e4b51a6d0	0	0	0	0	0	0	7	0	0	0	0	0	0	0	0
3a88b6162770e576d3ea0ece7008095b	0	0	0	25	0	0	0	0	0	0	0	0	0	0	0
ff14daf62c7d754e874a599e7cee4745	0	0	0	0	0	0	0	0	0	0	0	0	0	27	0
7a2ba92d79e6f5bb37be3867467399b3	0	0	0	0	0	0	0	0	0	0	0	0	16	0	0
4bb52faa56f2ed071e06db822eba9fe9	0	0	0	8	0	0	0	0	0	0	0	0	0	0	0
8e3247bca8158475e9bb7ce159a86f27	0	0	0	0	0	17	0	0	0	0	0	0	0	0	0
08ddd8378aa1a0e08fb1b6ba33319e6b	0	0	0	0	0	0	0	0	0	0	0	0	0	16	0
9744dfe3b8c22dfe5e87d0a35f049aa0	0	0	0	0	0	0	0	16	0	0	0	0	0	0	0
ec87ceee386fbeda0c00ac5c115fbdb2	0	0	0	0	0	0	0	0	8	0	0	0	0	0	0
011db3dbc3eb8b6d5cf722d4282d7f23	0	0	0	0	0	0	0	0	0	0	0	0	0	0	13
ea8efbaf45bb407d0bd11bba3353b347	0	0	0	6	0	0	0	0	0	0	0	0	0	0	0
9a27f296c2c8326959e21b09c590e343	0	0	0	0	0	0	0	0	0	0	0	0	29	0	0
a64d6535145ddb7c0b93c12bdd6c8bfe	0	0	0	0	21	0	0	0	0	0	0	0	0	0	0
06d49803dc818b6de6d6f71fc5471c8e	0	0	0	0	0	0	22	0	0	0	0	0	0	0	0
cb079552599bdd141422c0443b8b54f6	0	0	0	17	0	0	0	0	0	0	0	0	0	0	0
1bf4de0b56cdf5ad1a245ee4a2108329	0	0	0	0	0	0	0	0	18	0	0	0	0	0	0
2ee1b33367dbd473a961a9a86ff147f6	17	0	0	0	0	0	0	0	0	0	0	0	0	0	0
9b9c33d96b1fab428cb7c0a5bcfc74cb	0	0	0	0	0	17	0	0	0	0	0	0	0	0	0
b2ad83fd14cf6c68b6ed72a27a23a6a0	0	0	0	0	15	0	0	0	0	0	0	0	0	0	0
bb3620b005f19c80f401f7cdf53e62a3	0	0	0	21	0	0	0	0	0	0	0	0	0	0	0
8cce42b499d00a23f0d2957fc8e4c235	0	0	0	0	0	14	0	0	0	0	0	0	0	0	0
c06bd58ecba1c01e1689aff73293eea9	0	0	0	12	0	0	0	0	0	0	0	0	0	0	0
989c5315d6426a9dd8757fdb0cf7912a	0	0	0	21	0	0	0	0	0	0	0	0	0	0	0
fa70f1d407c27527b203121e8c5090ae	0	0	0	3	0	0	0	0	0	0	0	0	0	0	0
bd5287657017f8505c2939cde912a23e	0	0	0	0	0	0	0	0	0	0	0	0	0	0	43
f992a220f545943414abe932cf97c864	0	0	0	0	0	0	0	0	0	141	0	0	0	0	0
37f6842d982eaff21ea037b6b840da5c	51	0	0	0	0	0	0	0	0	0	0	0	79	0	0
5db006850bcdfa5f9905951c5fadc28d	0	0	0	0	0	11	0	0	0	0	0	0	0	0	0
6d7fac02dad6a0e61badf1e5568df524	0	0	0	0	0	0	0	10	0	0	0	0	0	0	0
75a962f1e3a6c6e61dc9ac5f1605bd7b	0	0	0	0	0	0	0	0	0	0	0	0	20	0	0
c5990a47892b4fb5a6ae583167729d96	0	0	0	0	0	8	0	0	0	0	0	0	0	0	0
076b5528b6c35f3e1933a59f94ac2611	0	0	0	0	0	0	0	0	0	0	0	0	25	0	0
8f67bb2b9cc0f570bcca53ede0b21167	0	0	0	0	10	0	0	0	0	0	0	0	0	0	0
78fd1e862ee5d793d1f1ef4eb9443b7f	0	0	0	0	0	12	0	0	0	0	0	0	0	0	0
e1bd178c830041858e50addfe1639b55	0	0	0	0	0	0	0	0	0	0	0	0	26	0	0
2c773461af34de4fba4df57a17965dec	0	0	0	0	0	0	0	0	0	0	0	0	22	0	0
a5bcdb3bbf282cf4532d543424ea6d9f	0	0	0	16	0	0	0	0	0	0	0	0	0	0	0
5128ed2e33f3daa3bd113b67e0aed2bb	0	0	0	22	0	0	0	0	0	0	0	0	0	0	0
84fa793dc36e132ba91e49c7c2b673cf	0	0	0	21	0	0	0	0	0	0	0	0	0	0	0
91e2a5b061bded4b8ab19cd928ff60be	0	0	0	0	0	0	0	0	0	0	0	0	0	0	26
4c2bf4815fc00032ad2c1d6baa91b163	0	3	0	0	0	0	0	0	0	0	0	0	0	0	0
4f0afe029af8759d70c851e6075b1039	0	0	0	0	0	0	0	0	0	0	0	0	0	0	12
cb27335c8f56e05bfc1316586f3063d1	0	0	0	0	0	0	0	0	0	0	0	0	0	9	0
9276d4d61e4b2f73a983d1dd56c03921	0	0	0	0	0	0	0	0	0	0	0	0	0	0	15
b9538348c37bce1a8db1628b1035c222	0	0	0	0	0	0	0	0	0	0	0	15	0	0	0
a186d70e94c621b5d39931ec9dc80a9e	0	0	0	0	0	0	9	0	0	0	0	0	0	0	0
82a22c0ec039eddfa3189723fd4ac693	6	0	0	0	0	0	0	0	0	0	0	0	0	0	0
1f4cdd23a70d54037a4e1e702ef2c273	0	0	0	0	0	0	0	0	5	0	0	0	0	0	0
b367b707ff92deb50fdfbda693cdb9b4	0	0	0	11	0	0	0	0	0	0	0	0	0	0	0
17f9069378262390599a443d47071370	0	0	29	0	0	0	0	0	0	0	0	0	0	0	0
465d76b8643d070cb6b6c16c20fbaddc	0	0	0	0	15	0	0	0	0	0	0	0	0	0	0
59a51065674d9b9b09615f486a9c71a0	0	0	0	33	0	0	0	0	0	0	0	0	0	0	0
e41a82f3fd4e1a40e850966a7e2f1c31	0	0	0	0	8	0	0	0	0	0	0	0	0	0	0
cb388f4e72f0c9ece98b240051c5a0f7	0	0	0	0	19	0	0	0	0	0	0	0	0	0	0
6e93216fbe1138be5274cf21f4cc3708	13	0	0	0	0	0	0	0	0	0	0	0	0	0	0
8d7d6835b5cd15000fd53adca157348c	0	0	0	0	0	56	0	0	0	0	0	0	0	0	0
8588134bf688874dc68eb7fc4fb25fee	0	0	0	0	0	0	0	0	0	0	0	53	0	0	0
6f5a26a57b599ffa5468cacd92b9c211	0	0	0	0	0	0	0	0	0	0	0	0	35	0	0
fa0b1648c96f7707109d99065ab8ebba	0	0	0	0	0	0	0	0	11	0	0	0	0	0	0
de36dfbd2fd7b9cf048c3c89253c5ebd	0	0	0	0	0	0	0	13	0	0	0	0	0	0	0
9b343a5335da991c7998778de8f48f64	0	0	0	0	0	0	0	0	0	0	0	0	32	0	0
7e5a05426a815dd1f99b215dc150ce88	0	0	0	0	0	0	0	32	0	0	0	0	0	0	0
2b7f6e9698fae35bfe866648a08353ab	0	0	0	0	0	0	0	0	0	0	0	28	0	0	0
4c21cd6214d721b7b334d03267963ae1	0	0	0	6	0	0	0	0	0	0	0	0	0	0	0
0c6601eca6158417e00b52b05a281174	0	0	0	0	0	0	0	0	0	102	0	0	0	0	0
a97dc32c9e51f5b08a86bb5d5cf13d9b	0	0	0	0	0	0	0	0	0	166	0	0	0	0	0
247a042b66c733ebf257d4a25dbd8d64	0	11	0	0	0	0	0	0	0	0	0	0	0	0	0
df85d0682086823d19dbef5b2116fbe9	21	0	0	0	0	0	0	0	0	0	0	0	0	0	0
38c0c2b073fd48aed751f1f921abfe3d	0	0	0	0	30	0	0	0	0	0	0	0	0	0	0
3f0462c0bf45f264e991f91809f6060f	0	0	21	0	0	0	0	0	0	0	0	0	0	0	0
19bb4fdbbc2a88b478c8130029831d46	0	0	0	0	0	0	0	7	0	0	0	0	0	0	0
f7c0b7e313a3d1eef8e01930b73e6646	0	0	0	11	0	0	0	0	0	0	0	0	0	0	0
015eef6bece537f69f469705308614aa	0	0	0	0	0	0	0	0	38	0	0	81	0	0	0
a7bcc64d002befb3ccdde702860328cc	0	0	0	0	0	0	38	0	0	0	0	0	0	0	0
bf5de8ac9554fefb91cf9589cca9b935	9	0	0	0	0	0	0	0	0	0	0	0	0	0	0
cba13322c85984e3e31d345b59487951	0	0	0	0	0	0	0	0	0	0	0	0	17	0	0
4e90cf45b0b0ca0a2ed7e010ce47d34b	0	8	0	0	0	0	0	0	0	0	0	0	0	0	0
732d0759da680e86a535b99db94dc8f6	0	0	0	0	0	0	0	0	0	0	0	0	0	0	31
89072a1130c5aad0e844339589e96ea2	0	0	0	0	0	16	0	0	0	0	0	0	0	0	0
8fc06d28de4d844396f93a097614bcde	0	0	0	0	0	0	0	0	14	0	0	0	0	0	0
e182ca8a427006634716acadd97c14f9	0	0	0	0	0	14	0	0	0	0	0	0	0	0	0
c77a72459538a03a3fd69817c6c7bf75	0	0	0	15	0	0	0	0	0	0	0	0	0	0	0
ea37277374dbe26134c8bebbee8c9a69	0	0	0	9	0	0	0	0	0	0	0	0	0	0	0
28d42c193942e32f0dec12da825e2da2	0	0	11	0	0	0	0	0	0	0	0	0	0	0	0
333cff15164bde4e26e849adb161052c	0	0	0	21	0	0	0	0	0	0	0	0	0	0	0
012e169ad50752cef011f7a463a1a62c	0	0	0	0	0	0	0	0	0	0	0	0	0	0	11
23eeb0ca090f16ae3dd94b9cc14748e1	0	0	0	12	0	0	0	0	0	0	0	0	0	0	0
debb27d2f74da51ae2f9c93ee8a8b0ef	0	0	0	0	0	0	0	5	0	0	0	0	0	0	0
0727309890a6e51e45d8b0e86890e125	0	0	0	0	0	0	0	0	0	0	0	0	26	0	0
09411d7717b11601a5a031b419bf82e3	5	0	0	0	0	0	0	0	0	0	0	0	0	0	0
da8f139caa0e0271dd72e99f13423d3a	0	0	0	19	0	0	0	0	0	0	0	0	0	0	0
3da1fdceffa68e783cb933c7e210f17d	0	0	0	0	0	24	0	0	0	0	0	0	0	0	0
9dd43b67613d540aac40f1401744baef	0	0	0	0	0	0	0	0	0	0	0	0	0	24	0
0456b07cad9f89cb6590cf45203886bd	0	0	0	0	0	0	0	0	7	0	0	0	0	0	0
29e98116fa4d0aa5e4bbf614ec50c095	0	0	0	0	0	0	0	10	0	0	0	0	0	0	0
5561b37e117d70431ce9f09f49e9884a	0	0	0	0	0	0	0	0	0	0	0	0	0	14	0
8ac50f92f38a0b552c6e68ac7413f286	0	0	0	0	0	0	0	0	0	0	0	0	53	0	0
13e56c263e3d83faaed4ed1567f04dbd	0	0	0	0	0	0	24	0	0	0	0	0	0	0	0
b3c5a4e9a798dfe34170865f95fc1909	0	0	0	0	17	0	0	0	0	0	0	0	0	0	0
37a429d487261ca20e61895e1200cd2a	0	0	0	18	0	0	0	0	0	0	0	0	0	0	0
12ca93f8ca0dda4968e3924c929ba846	0	0	0	16	0	0	0	0	0	0	0	0	0	0	0
1c7344fb849838113fc31a59be4dc2da	0	0	0	0	10	0	0	0	0	0	0	0	0	0	0
7a950b403559611ff900d8f79d59dee7	0	0	0	0	24	0	0	0	0	0	0	0	0	0	0
d8f55322ffc065b6516cb2ef1002c2e9	0	0	12	0	0	0	0	0	0	0	0	0	0	0	0
1ae0392dd0f95f4ac5fd386ebecc7399	0	0	9	0	0	0	0	0	0	0	0	0	0	0	0
a33d18756f7a5415eda8a9fda12fc877	0	0	0	0	0	0	0	0	0	0	0	0	25	0	0
d863fd071b518d1c51eafa9d09925db3	0	4	0	0	0	0	0	0	0	0	0	0	0	0	0
1966f368e47416badc6343947f1dd940	0	0	0	0	0	0	0	0	0	173	0	0	0	0	0
4bd6d7dc68399f9e19b5a94e6b190cc4	0	0	0	0	0	0	12	0	0	0	0	0	0	0	0
406a90b2654eab9428caae15ad2df28f	0	0	0	0	0	0	0	0	0	0	0	0	0	0	20
60b9f9fe6d9f0772cdb167b97f6f10f9	0	0	0	0	0	8	0	0	0	0	0	0	0	0	0
41c8b7ceb53cc5126bc4cb349c9b5f66	0	0	0	0	0	0	2	0	0	0	0	0	0	0	0
67cd6d70a8e87796eb4775b2dcfc6efe	0	0	0	0	0	0	0	0	0	0	0	0	0	13	0
863ac82299a14b451323e469f0da05b4	3	0	0	0	0	0	0	0	0	0	0	0	0	0	0
35b3b6daa53f792adfd102e0ccc51a0b	0	0	0	0	0	0	0	0	5	0	0	0	0	0	0
135a727089d6d4351951c2175d8b6c55	0	0	7	0	0	0	0	0	0	0	0	0	0	0	0
9389f1fefff6626ffb4aea3ff0b3501b	0	0	0	0	18	0	0	0	0	0	0	0	0	0	0
ce1bdf4e5a0b672c9f7468aa73f5d125	0	0	0	0	0	0	0	0	4	0	0	0	0	0	0
6014a0db4e60eeb99f6a96645399315f	0	0	0	0	0	10	0	0	0	0	0	0	0	0	0
8b78996b2ac5c9a058484a767ac9f02a	0	2	0	0	0	0	0	0	0	0	0	0	0	0	0
19cf5ee2de56c3e83bf88f3044aa504e	0	0	0	0	0	0	0	6	0	0	0	0	0	0	0
918713b7bf3a283f264acb2cb18a3a13	0	0	0	0	8	0	0	0	0	0	0	0	0	0	0
6539f6ab951fa1c0be6cff955ed931a6	0	0	0	18	0	0	0	0	0	0	0	0	0	0	0
6621a1e02d3873035b9ce18196d92ae8	0	0	0	0	7	0	0	0	0	0	0	0	0	0	0
ee796fda5def2c34a523aef80b7c002f	0	0	0	0	0	0	0	0	9	0	0	0	0	0	0
851edd2224dc3de68dbdda7a5a211792	0	0	0	0	0	0	0	0	0	0	0	0	0	11	0
a041f4680c662fdcd5d805de5f99eb77	0	0	0	5	0	0	0	0	0	0	0	0	0	0	0
b60f6c7fc8ce5cb92da15874f1192528	0	0	0	0	0	0	0	0	0	0	0	0	0	5	0
4c6ee0b2bf38b7dc5f8a0c89f704b07f	0	0	0	0	0	0	0	0	0	0	0	6	0	0	0
d737b8e2731fab39d0904dec589ea782	0	0	0	0	0	0	0	5	0	0	0	0	0	0	0
0dd7293f282eacef016bfbb086abbe3a	0	0	0	0	0	0	0	0	25	0	0	0	0	0	0
4edf1713d14d01b2383b4b0e11c248c9	0	0	0	68	0	0	0	0	0	0	0	0	0	0	0
33c32613b87762c5eb0cb03eac177a1d	0	0	0	0	0	0	0	0	0	0	0	34	0	0	0
f1cb1d8c0d79ea8fed7ad95247306594	0	0	0	0	0	0	0	0	0	0	0	0	18	0	0
01cbdae02c9a84d9dcd29dfd86796c48	0	0	0	8	0	0	0	0	0	0	0	0	0	0	0
a5e4f5d351fd03c205137e8c42492461	22	0	0	0	0	0	0	0	0	0	0	0	0	0	0
88d223dea5651e8c53b3b191ab50c4c4	0	0	0	0	0	0	0	0	0	0	0	0	0	0	14
97b727b85b22ba6d3727e9d4d56eb1a4	0	0	0	0	0	0	0	0	0	0	0	0	0	6	0
d0ebfb9ed14570bed668f298c1c15c92	0	0	0	0	0	0	0	0	0	0	0	0	6	0	0
97e45b05c122af8ee91fe12384ee459f	0	0	0	0	0	0	0	8	0	0	0	0	0	0	0
4258be11e1e1d4ffea92b370b7e79171	0	0	0	41	0	0	0	0	0	0	0	0	0	0	0
540bba5fc3467e306e7f4ec63b2b3680	0	0	0	0	0	0	0	0	76	0	0	0	0	0	0
494f3ac80007885eb169237476bb7ca4	0	0	0	0	0	0	0	0	0	0	0	30	0	0	0
00a9a99b66db6a90588467dcd7e88bbc	0	0	0	0	0	0	43	0	0	0	0	0	0	0	0
7ddd9b35d30b354d9e2a85be8555719e	0	0	0	0	0	30	0	0	0	0	0	0	0	0	0
f8e7da7fcaf1f4f6bd3e89407f3d76c7	77	0	0	0	0	0	0	0	0	0	0	0	0	0	0
204bc1ab802e1c41099821a399402de8	0	0	0	0	0	0	0	50	0	0	0	0	0	0	0
226d8657dcf82a3e1283db08b166fceb	0	0	0	0	0	0	0	0	0	0	0	0	0	63	0
2c477c8ccc5043230d19030bc1be54bb	0	0	0	0	0	34	0	0	0	0	0	0	0	0	0
71d402b4a835e1e8d4ad21f3de4ff96d	0	38	0	0	0	0	0	0	0	0	0	0	0	0	0
31908d92af962ceacca3a2bf6483f0ca	0	0	32	0	0	0	0	0	0	0	0	0	0	0	0
d47ea7a4f14c333d97cb4b7388d8cf13	0	0	0	0	0	0	0	0	27	0	0	0	0	0	0
dc71fe5e0a486559931c5d0840e69e62	0	0	0	0	0	14	0	0	0	0	0	0	0	0	0
0f13acf4a9010715ae0dc3545d3c5254	70	0	0	0	0	0	0	0	0	0	0	20	0	0	0
2e04d11c42f12188cf0d3883835af5a9	0	0	10	0	0	0	0	0	0	0	0	0	0	0	0
ddb1b1eed399e698d0d797059a1d7ae4	0	0	0	0	0	0	0	0	56	0	0	0	0	0	0
7a795aab0314c2ae6b8c36c441f40b79	0	0	0	0	34	0	0	0	0	0	0	0	0	0	0
6f1703a60ac2010c7357218d202366e8	0	0	0	0	0	0	43	0	0	0	0	0	0	0	0
e0ce47dd440287daef6331a039154817	0	0	0	0	0	0	0	14	0	0	0	0	0	0	0
693ce31f86802c03b197b4c2e0adde6c	0	0	0	10	0	0	0	0	0	0	0	0	0	0	0
20960585ec57e6e39b468bc6527ea7e0	0	0	0	0	32	0	0	0	0	0	0	0	0	0	0
f867b7ec62dadbcaef987c00677d9cfb	0	0	0	35	0	0	0	0	0	0	0	0	0	0	0
f7c4f53d6dca53823d28530bf2187a11	0	0	0	0	0	0	41	0	0	0	0	0	0	0	0
412f0549fefe1776e1172c7e8019be46	0	0	0	0	0	9	0	0	0	0	0	0	0	0	0
66a5b7764a13079551b26314901dc6c3	0	0	0	17	0	0	0	0	0	0	0	0	0	0	0
c9db85616a290aadfd53ffedc2a0d322	0	0	0	0	0	0	0	0	0	0	0	0	9	0	0
6bb449b6f94909810fa2e258f962b410	0	0	0	27	0	0	0	0	0	0	0	0	0	0	0
9dd607f7fadede6827feb97107485030	0	0	0	0	0	0	0	0	0	0	0	0	0	13	0
f6a48cc0ab01b312f8a3227ae0cee434	0	0	0	0	0	0	0	7	0	0	0	0	0	0	0
93a85966ac8650db3fb1164e2ac59148	0	0	0	0	0	0	0	0	18	0	0	0	0	0	0
b89edd732cedf9589790a2969f5dd6da	19	0	0	0	0	0	0	0	0	0	0	0	0	0	0
ae3b41720a9fecd45dffd6bc30d7469a	0	0	0	0	0	0	0	10	0	0	0	0	0	0	0
8e79f7b1923cfe4b368452404a622374	0	0	12	0	0	0	0	0	0	0	0	0	0	0	0
6142036b74044021bf40e8277d4d72c4	0	0	0	15	0	0	0	0	0	0	0	0	0	0	0
b717639668c94c07517db279213f18e5	0	0	0	14	0	0	0	0	0	0	0	0	0	0	0
d30b1ace2447f1776250d04fe19f76c1	0	14	0	0	0	0	0	0	0	0	0	0	0	0	0
5f6522905d875060d725f8ab15adf7fb	0	0	0	0	0	0	0	0	0	0	0	26	0	0	0
b7a793ac54b141ce5a11e41cb0b9a0c7	0	0	0	0	0	0	0	0	0	0	0	0	14	0	0
5c6c582d10cdcb23e34361d246ccb967	0	0	0	0	0	0	0	0	0	0	0	0	0	7	0
30306ca98ee828a1c6a336bb879d5818	0	0	0	0	0	0	0	32	0	0	0	0	0	0	0
f27d300ebb902c7e3055df1b94131829	67	0	0	0	0	45	0	0	0	0	0	0	0	0	0
73b52c0e32cb5a3d55475622da7dfbbc	0	0	0	0	0	0	0	0	0	0	0	37	0	0	0
2f89c0298cbbd42d5919b6794449f2ff	0	0	13	0	0	0	0	0	0	0	0	0	0	0	0
49a2727c04d3352701cb9ecb36a2f667	0	0	0	0	0	0	0	0	0	0	0	0	0	8	0
f73fabe73f44dce451392b198c1955cd	0	0	0	0	0	24	0	0	0	0	0	0	0	0	0
977e15a1a521b4f930da999fa9dc7237	0	0	0	9	0	0	0	0	0	0	0	0	0	0	0
01fb0016fe8e3e2ae73a3eb0c8a0d91c	0	0	0	0	0	0	13	0	0	0	0	0	0	0	0
bf2ee714c1c81906cc9782bb9805a36e	0	0	12	0	0	0	0	0	0	0	0	0	0	0	0
242b406ad91042fe426b16b50e97eaf3	0	0	0	3	0	0	0	0	0	0	0	0	0	0	0
6b7b28bc413affef5f739dcefad8a6b6	0	0	10	0	0	0	0	0	0	0	0	0	0	0	0
13eb1b5f3536f11af6b0091ce0c0e9c6	0	0	0	0	0	0	0	0	0	0	0	0	30	0	0
cee98d89f8cb7424320f607535837b04	0	0	0	0	0	0	0	0	0	0	0	0	10	0	0
6537472af2bf0a758bb7dd3c1375fe3a	0	0	0	0	0	0	0	0	0	0	0	0	27	0	0
724e15bc67b0648d338dfd5dc2a85211	0	0	0	0	0	0	0	12	0	0	0	0	0	0	0
5af30af7fdc05fd4aef0f63aa4f4cab6	0	0	0	0	0	0	13	0	0	0	0	0	0	0	0
da01beac3db2d9ff6fb205c247c14ef0	15	0	0	0	0	0	0	0	0	0	0	0	0	0	0
7809fc75cf64b5a81d24ba4c21115760	0	52	38	0	0	0	0	32	0	0	0	0	0	0	0
9f2067683fca8cc96757522c8a50c1e1	0	0	0	0	0	0	0	0	0	0	0	0	0	0	41
3bc461524a3db4338409fb2b3caa3c53	0	0	0	0	0	0	11	0	0	0	0	0	0	0	0
430a3170058da3b822e88c4c3c763f1e	0	0	0	0	0	0	0	0	0	2	0	0	0	0	0
e43fc292f46cc0091c9dcd8ee7a3a79d	5	0	0	0	0	0	0	0	0	0	0	0	0	0	0
aa1d109b129aa54159d6c75c9203de79	0	0	0	0	0	8	0	0	0	0	0	0	0	0	0
0caf21ea7c3bb5829e3fa2b8f1e218a5	0	0	0	14	0	0	0	0	0	0	0	0	0	0	0
d1c816ca8625794d67946fb02dd3cfa9	0	0	7	0	0	0	0	0	0	0	0	0	0	0	0
5e9af4b8a4629d67817d5adb0eec3481	0	0	0	0	0	0	0	0	47	0	0	0	0	0	0
e1cc5e5160cdde6751eba8b2368c0ab6	28	0	0	0	0	0	0	0	0	0	0	0	0	0	0
941838748f8f6e7dd392fc25a2413d56	0	0	0	9	0	0	0	0	0	0	0	0	0	0	0
bf2314ba3a7b896b19c0221b47594d2b	0	0	0	0	0	28	0	0	0	0	0	0	0	0	0
a89e4cd2cccb876e5311b774c4b05235	0	0	0	36	0	0	0	0	0	0	0	0	0	0	0
212babefa3534a386e65e69efd9a03e3	0	0	0	0	0	0	0	0	0	0	0	0	0	0	40
2b324939650bcee57873cc3e5bc40777	0	0	40	0	0	0	0	23	0	0	0	0	0	0	0
cdcbb8c7a23cf9ab9bf3db9c1f6ea852	0	53	0	0	0	0	0	0	0	0	0	0	0	0	0
62f30c790971b79c12d6331b35937e18	31	0	0	0	30	0	0	0	0	0	0	0	0	0	0
1d7cd968cc1eb89d4f36cc75b250ac11	0	0	0	0	0	0	77	0	0	0	0	0	0	0	0
832d31ab1d28b37f64c9e1cb3e877542	0	0	0	0	0	20	0	0	0	0	0	0	0	0	0
91a5c42a419bb4d271b598ea4d538a2d	0	0	0	0	0	0	0	0	0	16	0	0	0	0	0
4613058be9aac80706a0eaa6c0d2ce62	0	0	0	0	0	0	0	0	0	0	0	7	0	0	0
0315a84aab9771ab889ef48980b84b9a	0	0	0	19	0	0	0	0	0	0	0	0	0	0	0
49943b755e3e66fe458625313a48d406	5	0	0	0	0	0	0	0	0	0	0	0	0	0	0
a63e95ae0272354e35ebbf681af8de1d	0	0	0	0	6	0	0	0	0	0	0	0	0	0	0
7b9efff17f1ea1929bb3d1a7c0ac4c14	0	0	0	0	0	0	0	0	0	0	0	0	0	5	0
c2a8eb24e0d1f6dc0923ddd46c0044a9	0	0	0	11	0	0	0	0	0	0	0	0	0	0	0
dd2cb4e71fe22ddb340764cff50b7714	0	65	0	0	0	0	0	0	0	0	0	0	75	0	0
b628aa8b1b008bbdacd42d035b1f6872	0	0	0	0	0	0	0	0	0	0	0	0	0	0	52
805f76c9141242132981898390dc90f9	0	0	0	0	61	0	0	0	0	0	0	0	0	0	0
b117ac83785edaec84a78a0825166952	39	0	0	0	0	0	0	0	0	0	0	0	0	0	0
78c27d0824595fbaa2bbbf687ce48ec8	3	0	0	0	0	0	0	0	0	0	0	0	0	0	0
c5acafb59f4f161ba0266a0d75de718f	0	0	56	0	53	0	0	0	0	0	0	0	0	0	0
d59f4eacbdc2d6dd55566ac0a1f49864	0	0	0	0	0	0	0	37	0	0	0	0	0	0	0
f037f029966e79a8ce22e7f133c19073	0	0	0	54	0	0	0	0	0	0	0	0	0	9	0
32a7e56ef80a94d4ca9886bf6876b536	0	0	0	12	0	0	0	0	0	0	0	0	0	0	0
9f425bab5b9165d33ee6618a7f8d50af	0	0	0	0	0	0	0	0	0	0	0	6	0	0	0
bd0615d19ea6911e910219e10598ce6b	0	0	0	0	16	0	0	0	0	0	0	0	0	0	0
7a1b6050ad8e61a9b2779af986bfbb98	0	0	0	0	0	7	0	0	0	0	0	0	0	0	0
e545cc8bec4e2a7617b93d21d583fa61	0	0	0	37	0	0	0	0	0	0	0	0	0	0	0
9bc5ccef5f42dc556bc3ccffc61fa03d	0	0	0	0	0	0	65	0	0	0	0	0	0	0	0
3eb7585711805d9bdd3f9e175146bf57	0	72	0	0	0	0	0	0	0	0	0	0	0	0	0
eb5d9b23d5c3c03debc758d10cba223b	0	0	58	0	0	0	0	0	0	0	0	0	0	0	50
77b05e825c92e65f5aadc549f91c050d	0	0	0	0	0	0	0	0	0	0	0	18	0	0	0
11239b88f4de9e17b027032283c437f8	0	0	0	30	0	0	0	0	0	0	0	0	0	0	0
c4e391484a99692792be929bf163c92e	0	0	0	0	21	0	0	0	0	0	0	0	0	0	0
934186f8e54ee55a0da759df411f0d13	0	11	0	0	0	0	0	0	0	0	0	0	0	0	0
f64fec26027508e5f943edfe355983cc	0	0	23	0	0	0	0	0	0	0	0	0	0	0	0
43d9e3eb19370a1b3ebd897fbfec22bd	0	0	0	0	0	0	0	14	0	0	0	0	0	0	0
4a744b8dfd9a275fa7b06fab645e70a0	0	0	0	0	0	0	13	0	0	0	0	0	0	0	0
17fb5dcb370948b2975a22d302f87bfe	0	0	0	15	0	0	0	0	0	0	0	0	0	0	0
3c24809f2f2e03afb9450fb51ecca26c	0	0	0	0	0	0	0	0	0	0	0	0	12	0	0
3c7119c3743217d6b7e1cfadecbb2983	0	25	0	0	0	0	0	0	0	0	0	0	0	0	0
f655698200b3345c0fb592a6ade9d120	0	0	0	0	0	0	0	36	0	0	0	0	0	0	0
60ae8499b6306c2d0b0339b6c831718f	0	0	0	0	0	0	52	0	0	0	0	0	0	34	0
6a5a03c4ac377779da557742afdae6c8	0	0	0	0	0	0	7	0	0	0	0	0	0	0	0
12c8c88978d91d5961cbd46f594bb2e0	0	0	0	0	0	13	0	0	0	0	0	0	0	0	0
277e6bff4e5f23dbd1121f4ec78d0a6b	0	0	0	0	0	0	0	17	0	0	0	0	0	0	0
4dc965537a2a4b2bb8e261cd563e06eb	0	0	25	0	0	0	0	0	0	0	0	0	0	0	0
c22a4c38b6827b529b4d3ecdcc46084b	0	0	0	41	0	0	0	0	0	0	0	0	0	0	0
85ac0a1517d37e6566a329778df1805f	28	0	0	0	0	0	0	0	0	0	0	0	0	0	0
1caede26a86e1f6e95998a0c81774226	0	0	49	0	0	0	0	0	0	0	0	0	0	0	0
ae82f6681190a4d014a49e12d7577411	0	0	0	0	0	0	0	0	0	0	0	0	25	0	0
f59ea04c0a1e1748c087dda1d7a1fd6d	0	0	0	0	0	14	0	0	0	0	0	0	0	0	0
5c0589811a466f0d7efc57a4b1429e3f	0	5	0	0	0	0	0	0	0	0	0	0	0	0	0
a8f7f5ccc5e3e01a678248433b3c56d6	0	0	0	0	0	0	0	0	0	0	0	29	0	0	0
6ba61ce7d289d3d5845536962d66b28f	0	0	22	0	0	0	0	0	0	0	0	0	0	0	0
a35a71aff1761666db10b73a9c4b20d9	0	0	0	0	0	0	0	0	0	0	0	0	0	4	0
ba85106fe826136a6c7eb769a4a7b6f7	0	0	0	0	0	0	0	0	0	0	0	41	0	61	0
dc2abe7bcfa4c99629df553ebad71aa3	0	0	0	0	0	0	69	0	0	0	0	0	0	0	0
ecc53770d018b290bfe2fe9298f6bea9	0	0	0	0	0	0	0	0	0	0	0	0	66	0	0
25dd079e73a43d9d55967582b82616ce	25	0	0	0	0	0	0	0	0	0	0	0	0	0	0
0b748aa114be70c5098710a2886715ef	0	0	0	0	0	0	34	0	0	0	0	0	0	0	0
185b4e764b47306cf9dc702da32e74bd	0	0	0	0	19	0	0	0	0	0	0	10	0	0	0
586d6679d06185dc65d30bb51f25fa5a	0	0	0	0	0	0	0	0	0	0	0	0	7	0	0
962820f8b9a283410d025b6910caede1	0	0	0	0	0	0	0	29	0	0	0	0	0	0	0
fb970ab2086f126eff8f0dba1baa9360	0	0	42	0	0	0	0	0	0	0	0	0	0	0	0
ef13b4d305b3e6a5fd267bc0f3397334	0	0	0	0	64	0	0	0	0	0	0	0	0	0	15
cd7c14294e4c4e8e6f29fe8eac693301	0	49	0	0	0	0	0	0	0	0	0	0	0	0	0
65c4604dc05969ccb7a5bdac91e079f3	0	0	0	0	0	0	0	0	25	0	0	0	0	0	0
1189d5bb5011506ea32996d867b400f8	0	0	0	0	0	0	0	0	0	0	0	0	0	52	0
888823eeda6302f2392feb5149016b7a	63	0	0	0	0	0	0	0	0	0	0	0	0	0	0
3ede8da0722e8fa4186b907200de0634	0	0	0	0	0	0	0	30	0	0	0	0	0	0	0
a9f36c990529694c7f5b24e384670c35	0	0	0	0	0	0	0	0	0	0	0	0	17	0	0
f44399cd5f040bc23d64779e19d4ba51	0	0	0	7	0	0	0	0	0	0	0	0	0	0	0
8a4cfb0f92af52911d5552336caf92fc	0	0	0	0	0	0	0	0	0	0	0	0	0	0	19
b2be8d909c7d0eeea0397e99ac0ea61f	0	0	0	0	0	0	0	70	0	0	0	0	0	0	0
8b5c240e5cd366b377b6dab63d6d00b8	53	0	0	0	0	0	0	0	0	0	0	0	0	0	0
6c55632887aa01292897e81386f60b44	0	0	0	75	0	0	0	0	0	0	0	0	0	0	0
86207e96a7d2303df720a1d09b9ecfad	0	0	42	0	0	46	0	0	0	0	0	0	0	0	0
d5e7a0a4c0f0a1bc135c3e44bc054bac	0	62	0	0	0	0	0	0	0	0	0	0	0	0	0
8f1bb114712d2a14183a7271d7e51076	0	0	0	0	0	0	0	0	0	0	0	0	82	0	0
532ebfa58dd9df3d2aaf9b249cd4482e	0	0	0	0	0	0	0	57	0	0	0	0	0	0	0
806502b2100e090e2335cd0257139200	0	0	0	0	0	0	82	0	0	0	0	43	0	0	0
b4c2db78a8c12b59218a6cbb6595b1b9	0	0	0	0	0	0	0	0	62	0	0	0	0	0	0
7d6470480aa5d9d6918254844e2ac9ac	0	61	0	0	0	0	0	0	0	0	0	0	0	0	0
d09e6838784a90a824f76e90001b45cf	0	0	0	0	0	0	0	39	0	0	0	0	0	0	0
3f2cc4e3b0c5216a66cd9649f1f3d1bc	0	0	0	0	0	0	0	0	0	0	0	0	0	0	38
ec07453aa3f044b86258b3ede074b805	0	0	0	0	0	0	0	0	0	0	0	33	0	0	0
79336dfbf09fe77a02c3a69181a8649c	0	0	0	0	0	0	0	0	0	0	0	0	0	0	20
73479defc5de6de03099e38687778de4	0	0	0	0	0	0	0	0	0	0	0	0	0	5	0
0ddeeaaf2f07fe50d81cc718c0b22825	0	0	0	0	6	0	0	0	0	0	0	0	0	0	0
c8aea75753746a2f18232e56585d9b5b	5	0	0	0	0	0	0	0	0	0	0	0	0	0	0
e7e62ab994f1cf22b101ddcfbcb55600	0	0	0	0	0	0	0	7	2	0	0	0	0	0	0
cc4f91d8d058b2b4f645f33113ad9c3e	0	0	0	0	0	0	0	0	0	0	0	0	0	3	0
4755319f5e6d62901d7fcaf09b2c582b	0	0	0	0	0	0	0	0	0	0	0	17	0	0	0
acec50cdb25a89e29121a599ef745ac0	0	0	0	0	0	0	0	0	0	0	0	0	0	0	21
9c3bebd0846ee41c84e49b4a9283b9ba	0	0	0	0	0	0	0	0	0	0	0	32	0	0	0
8fd1757a663a23700f66dce9dbfd2d9c	0	0	0	0	0	0	0	0	63	0	0	0	0	0	0
2aba09069ad3805dfa0ec8797a32d27d	0	0	0	0	0	0	0	0	0	0	0	0	66	0	0
a9a2549f241837c06528a8d34a833a03	0	45	0	0	0	0	0	0	0	0	0	0	0	0	0
965bc0cdcab53856713cc082f1901a7d	0	0	0	0	70	0	0	0	0	0	0	0	0	0	0
8287d19a8663df4c6e6026fd666208ac	0	0	0	0	7	0	0	0	0	0	0	0	0	0	0
2bd93ef6363024afdc798d2b890e9f6f	0	0	0	0	0	0	0	0	50	0	0	0	0	0	0
6c013451f2e080fc7790940681b6270d	0	0	0	0	38	0	0	0	0	0	0	0	0	0	0
6e5748e227076507e9372280342e99b2	0	0	0	0	0	0	37	0	0	0	0	0	0	0	0
18fbd1a176d0259b9c4cc6ebb3ac96b7	0	0	0	0	0	0	0	0	0	0	0	0	0	32	0
0ac323da54c92da7b7f1eb302367e2b6	0	0	0	39	0	0	0	0	0	0	0	0	0	0	0
3b4fe6d81a080f304a106cacaf21d0e9	0	0	0	0	0	61	0	0	0	0	0	0	0	0	0
165388c68241176e212b139d184f066a	0	0	0	0	0	0	17	0	0	0	0	0	0	0	0
cc77945044ae18f3971214ade3259cf2	0	9	0	0	0	0	0	0	0	0	0	0	0	0	0
2738ee25c139bb17cd8e8090c705fc4b	0	0	0	0	0	0	0	0	0	0	0	0	16	0	0
2b53487a02375fca7ab358d922b7af1c	0	0	0	0	0	14	0	0	0	0	0	0	0	0	0
3c9292d34ab0a09ebfd9b570325e6486	0	0	0	0	0	0	7	0	0	0	0	0	0	0	0
c434add7f2c784d30cce9013c513ee3d	0	0	0	0	0	47	0	0	0	0	0	0	0	0	0
477b642ef98cb32b7469fe6f93622b42	0	0	0	0	0	0	0	0	39	0	0	0	0	0	0
285bb9f69a66e09fa30dbcd8448629ed	0	0	0	0	0	0	0	9	0	0	0	0	0	0	0
48538501f35d4f3364177c1b14d7f807	0	0	47	0	0	0	0	0	0	0	0	0	0	0	0
de44277a749672dbd1cb74d4fd7b5696	0	0	0	0	0	0	0	0	0	0	0	0	59	0	0
de97c8abc13f5629e64d4a28df474a66	0	0	0	0	59	0	0	0	0	0	0	0	0	0	0
26de0d045c146a310f335bfb3bfa35ae	0	0	0	0	0	0	0	0	0	0	0	0	0	0	63
bacdc053cf16c12f66d3c474d5b16c0c	0	0	0	0	0	0	0	49	0	0	0	0	0	0	0
3f6c0b175ecb9ce2cc7267be654064dc	0	38	0	0	0	0	0	0	0	0	0	0	0	0	0
f1297246b3f79d831849531a24a2831b	0	22	0	0	0	0	0	0	0	0	0	0	0	0	0
413ca4a4dc468c49a19e8af30da4314a	28	0	0	0	0	0	0	0	0	0	0	0	0	0	0
969d4c6db4f165c255750a1fcc074ccb	0	0	0	0	0	0	0	0	0	0	0	0	0	57	0
20431c2f33e5e4d00124bc7172c88b7f	0	0	0	0	0	0	0	0	0	0	0	0	0	8	0
e36de237381fca48438c1c9e0711565c	0	0	0	0	0	0	0	0	9	0	0	0	0	0	0
233c2539cf3e976257b363ff701ac38c	0	0	0	0	0	0	0	0	0	0	0	0	6	0	0
5f7f024d6418fca6ae17b5a6ffff7270	5	0	0	0	0	0	0	0	0	0	0	0	0	0	0
8860e1a275da6b87879a27aa18b55b8b	0	0	0	14	0	0	0	0	0	0	0	0	0	0	0
56ed3db5395795151bceb27b5877864e	0	0	0	0	0	0	0	0	0	0	0	0	9	0	0
24f46937a9dc08d19455e6490ad05a5d	0	0	0	0	0	0	0	0	11	0	0	0	0	0	0
8b09709ea8e8c19fe0550fb954e2ef3a	0	0	0	0	0	0	5	0	0	0	0	0	0	0	0
6f2bbd0a44a8c32931b82d7b99094eb3	0	0	0	0	39	0	0	0	0	0	0	0	0	0	0
d4f6c7f5b85766f28db152eed262e72c	0	7	0	0	0	0	0	0	0	0	0	0	0	0	0
6ff66b10eaba293ed15efea804578d63	0	0	0	0	29	0	0	0	0	0	0	0	0	0	0
5a3c30e0a4794eb03b83f3b19c59a912	0	0	13	0	0	0	0	0	0	0	0	0	0	0	0
bf26dcb5ad090a655bf7b65634cdcd71	0	0	0	0	0	0	0	0	0	0	0	0	0	0	34
bb0711b614942e4e2dcb750cc92131c7	0	0	0	0	0	0	0	0	0	0	0	0	23	0	0
a37839f23485a907621ae5375e9bdf2b	10	0	0	0	0	0	0	0	0	0	0	0	0	0	0
ed83acd39164c6bf340e7fb6d6b2fd04	0	0	0	0	0	14	0	0	0	0	0	0	0	0	0
4d13f9c548546d92cd4179f6192de09c	0	0	0	0	21	0	0	0	0	0	0	0	0	0	0
e2a6796d7210a8ce92e4218f87270988	0	0	0	0	24	0	0	0	0	0	0	0	0	0	0
6201f64182edcb8c4a555bba90b34989	0	0	20	0	0	0	0	0	0	0	0	0	0	0	0
25512a5f7eb5383e28c87b16eb99929e	0	5	0	0	0	0	0	0	0	0	0	0	0	0	0
156a3d088accb18bb06229bfc33c6c87	0	0	0	0	0	0	23	0	0	0	0	0	0	0	0
bd43f0c5530c43ed0ffcfecc9b537992	0	0	7	0	0	0	0	0	0	0	0	0	0	0	0
9235a0f02fad5c8ddf132c13bcc47152	0	0	0	0	10	0	0	0	0	0	0	0	0	0	0
fa74f4c5fa4b68299209cdd8185ebbf9	0	0	0	0	0	0	39	0	0	0	0	0	0	0	0
686ecd4f37c40ab82f48c45ba32c2a03	0	0	0	0	0	0	0	0	0	0	0	0	0	5	0
f9f1e447be8f79a55655995e68d6f57d	0	0	0	0	11	0	0	0	0	0	0	0	0	0	0
99a668c7ea3fb604f5e343eb5ee11e6b	0	0	13	0	0	0	0	0	0	0	0	0	0	0	0
487b3c9fd10401b5707d611439fe1d8b	0	0	0	15	0	0	0	0	0	0	0	0	0	0	0
b28efb1cfdc5bd0d29ca7cbef20f0750	0	0	0	0	0	0	0	0	0	0	0	0	0	15	0
0286410290c8e4d767b95a43199d2159	0	0	0	0	0	0	0	0	0	0	0	19	0	0	0
6867b30039b96a9f14f9e5ea4af98e99	0	35	0	0	25	0	0	0	0	0	0	0	0	0	0
ea0fabe9525d664331efc25b374b8005	0	0	24	0	0	0	0	0	0	0	0	0	0	0	0
02260409c6a4b62c58c73e7107d525a4	0	0	0	0	0	0	0	0	0	0	0	0	11	0	0
d34070f260d278a90c621d071b92d1f6	0	38	0	0	0	27	0	0	0	0	0	0	0	0	0
ca9eb4d90ffd9561b9ef6e57af57213b	0	0	0	8	0	0	0	0	0	0	0	0	0	0	0
8f5c7cb2c3c5e97aacdd474d9884876b	0	0	0	0	0	0	0	44	0	0	0	0	0	0	0
2a314877c2f199dad43310ccbd8e24a3	0	0	0	0	44	0	0	0	0	0	0	0	0	0	0
edef02abb99e97118f12b901696b4885	0	0	26	0	0	0	0	0	0	0	0	0	0	0	0
62da289f854e7df50cc89a94532f216d	0	0	0	0	0	0	0	0	0	0	0	0	93	0	0
648e317ac2fa0ab8c3905b84daa6d7fc	0	0	0	0	0	0	0	0	75	0	0	0	0	0	0
57efb7b91f35750bb65e7541aed0c2f7	0	0	0	0	0	0	0	0	0	0	0	0	0	0	103
fa2bf9d076782f86029b0b1190fcc1cb	0	174	0	0	0	0	0	0	0	0	0	0	0	0	0
e4ca905af8cbe4fe3a7f92c49500d478	0	0	0	0	0	0	96	0	0	0	0	0	0	0	0
6cbb68e0da4640410143357a2623ac4d	0	0	0	0	97	63	0	0	0	0	0	0	0	0	0
d98f8a9ec29f04ed05810b7a17896c96	0	0	0	0	0	0	0	63	0	0	0	0	0	0	0
8bb1562e413f4c210ec282fe7400248b	0	0	0	0	0	0	0	0	0	0	0	0	11	0	0
7afdaaf347ebfec7152b09d9f3e69ec7	0	0	21	0	0	0	0	0	0	0	0	0	0	0	0
6e01b465fcce155426f891fc87be589a	0	0	0	9	0	0	0	0	0	0	0	0	0	0	0
9d3e9ccf98b7de4dea0afbf768eae8b9	0	0	0	0	0	0	0	0	5	0	0	0	0	0	0
9911ca9c52b0003fd7a4429d12acab2e	0	0	0	0	0	0	16	0	0	0	0	0	0	0	0
2ded14ebc8433dc7b71d25ed5019504c	0	0	0	0	0	0	0	0	0	0	0	0	0	0	19
c0fb750832de067f485982838173c276	0	39	0	0	0	0	0	0	0	0	0	0	9	0	0
041889baf0dfbf25ccab456f407013aa	0	0	30	0	0	0	0	0	0	0	0	0	0	0	0
64c3969be217f3319c70732bda3758f4	0	0	0	0	0	0	0	19	0	0	0	0	0	0	0
a9122f6b7917aa58fb62d5a91a76f34c	0	0	0	0	0	0	0	0	5	0	0	0	0	0	0
e8827a86a9016ff553ff7e59d12dcd3f	0	0	0	0	0	0	9	0	0	0	0	0	0	0	0
6f55f93500d7ce9605038f8b07751b5a	0	0	0	0	0	0	0	0	0	0	0	0	0	0	12
758469a35c62f325fefddd265757fb6e	0	0	0	43	0	0	0	0	0	0	0	0	0	0	0
549727ae5ce582444eed2e57b1b0a564	0	0	0	0	0	0	0	0	0	0	0	0	4	0	0
d1ccb376f7479c2f1628a72a7764e76b	0	0	0	0	0	0	0	0	0	0	0	7	0	0	0
c922113e90d642793aba6e43c0343cc3	0	0	0	0	0	0	0	0	0	0	0	0	28	0	0
14307c4e5af00dd89ff50e9f14e32c3e	0	0	0	0	13	0	0	0	0	0	0	0	0	0	0
7e70cee042fc6516ae2ab7d66f3665bf	0	0	0	33	0	0	0	0	0	0	0	0	0	0	0
1f2625dad46b5fb249889ac9195f6879	0	0	0	0	0	0	0	0	0	0	0	0	0	8	0
cb0acb0f97f8202958d80a681cbadc92	0	0	0	0	0	0	0	0	63	0	0	0	0	0	0
6bcea617d00e5b8bf14939fa7be85e31	0	0	0	195	109	0	0	0	0	0	0	0	0	0	0
d205c251c857c490dbb73f857a87cef3	0	101	0	0	0	0	0	0	0	0	0	0	0	0	0
601dc99519354ca60f8337a8ea35b361	100	0	0	0	0	0	0	0	0	0	0	0	0	68	0
576c64b7fc54aa36847228e8847552b1	0	0	50	0	0	0	0	0	0	0	0	0	0	0	0
33cd608fcde27cb7d88bd2cb8fd5a4b8	0	0	0	0	0	0	0	0	0	0	0	0	0	0	81
b11d3806f14533ff05637278a33fc805	61	0	112	123	0	0	0	0	0	0	0	0	0	0	0
3d32620bd3e5b8eb53ae298107028b7b	0	0	0	0	0	0	105	0	0	0	0	0	0	0	0
52fa601211ba59191bcc53c04789d9b7	0	0	0	0	0	0	0	0	65	0	0	0	0	0	0
4b087dc0eab4bfdb6ae7fa3fd7abbf2b	0	0	0	0	0	0	0	0	0	0	0	84	0	0	0
f6aaef9ddf13d4db0218996da3e43cad	0	0	0	0	0	0	0	0	0	13	0	0	0	0	0
bb807da7b46c0a51e72949f1e6b4ba47	0	0	0	11	0	0	0	0	0	0	0	0	0	0	0
79636df639d93eb002fde859fb3572a3	0	0	0	10	0	0	0	0	0	0	0	0	0	0	0
9c4ad3e0478d4ec76c66066c8ffcdbb3	0	0	0	0	0	0	0	0	0	0	0	0	6	0	0
406a536075cc4f022ac3afc953225bbc	0	0	0	0	9	0	0	0	0	0	0	0	0	0	0
b72afc9db5ed5b08cf32bceb09c0f5a4	0	0	0	0	0	0	0	0	0	0	0	0	45	0	0
6a70023a12e8e524b476222ecc05677b	0	0	0	0	0	0	28	0	0	0	0	0	0	21	0
7562d368a7b578fdde62cd5c1bb7ec5f	0	28	0	0	0	0	0	0	0	0	0	0	0	0	0
ecd3bac460817c2ec510b6f08974f8a3	0	0	0	98	0	0	0	0	0	0	0	0	0	0	0
dd2ba1c32b455ed1c9b1db258ff1c7ee	0	0	37	0	0	0	0	0	0	0	0	0	0	0	0
41abf8152e9e4d2f059e49ae00920de9	0	0	0	0	0	0	0	13	0	0	0	0	0	0	0
f95716c8e15c8b3ce4ed5303fcfbfd98	0	0	0	0	0	15	0	0	0	0	0	0	0	0	0
47b9af26c762c9817db44219eef2b7cc	0	0	0	12	0	0	0	0	0	0	0	0	0	0	0
f8936412201f02c7ca85c804930da61c	0	0	0	0	0	18	0	0	0	0	0	0	0	0	47
b1746be66231039637163955c24be6ab	0	0	14	0	0	0	0	0	0	0	0	0	0	0	0
cc1e3c38bce5890628ca49c9c640221e	0	0	0	54	0	0	0	0	0	0	0	0	0	0	0
25bb2d28539ac93ff78eda4f951979a3	10	0	0	0	0	0	0	0	0	0	0	0	0	0	0
fe104c54ae8b92b8dc01b781e36b34f3	0	0	0	8	0	0	0	0	0	0	0	0	0	0	0
cf22c58be9a08d9d1ab5d57f2c1cecb6	0	0	0	0	0	0	0	0	0	0	0	0	0	6	0
c912abd7312c814460cd8cb5a6e06542	0	0	0	0	0	0	0	0	0	0	0	0	0	9	0
3c1e33cfc54f89a0b6a6c53deb392d76	0	0	0	0	0	0	0	0	0	0	0	0	0	0	4
d42462b643adcb2eebf875862d12a275	0	0	0	13	0	0	0	0	0	0	0	0	0	0	0
44728584a16cded8f5713d49a89b81cc	0	0	0	0	0	0	0	0	0	0	0	0	0	0	176
323f1810392f7ec7a4635808ba03b340	0	0	0	0	0	0	0	0	109	0	0	0	0	0	0
a8d25dffd7e598d84cdbe4a801c96243	123	0	135	0	0	0	124	0	0	0	0	0	0	88	0
78264319bd0fd433e6d0ff9152f5c1fb	0	0	0	0	0	0	0	140	0	0	0	0	0	0	0
bcb59b4ad199d18315e14f92d66094c4	0	0	0	216	0	126	0	0	0	0	0	89	196	0	0
365953b74c14b8b9d3140671a3209c72	0	0	0	0	161	0	0	0	0	0	0	0	0	0	0
334fdcdcf7605782929fcba30ba0eefd	0	215	0	0	0	0	0	0	0	0	0	0	0	0	0
92a1abda7a7b6efc1f1c47bb0ff5b99f	0	0	0	0	0	0	0	0	0	0	0	0	11	0	0
25a6e26bdf6684eaab168344557eaa6e	0	0	0	0	0	0	0	0	0	0	0	0	0	8	0
b16c799ef1b900d8d00753eb4427ae09	0	0	15	0	0	0	0	0	0	0	0	0	0	0	0
57746809b1e304bbcb216e495ab25f4b	0	0	0	0	0	0	0	0	0	0	0	0	8	0	0
d19ed8aebf321d50ffd0f71d717c4a71	0	0	0	0	0	0	0	0	0	28	0	0	0	0	0
d9eec483f6c62e5773d106744b1b7374	0	0	0	0	0	4	0	0	0	0	0	0	0	0	0
4f16f9b655b0184f1b61ae8a3fedb4e1	0	0	0	0	0	0	0	0	0	0	0	0	22	0	0
245e922207eead49a19f7ddcacb139e8	0	0	0	0	0	0	0	0	5	0	0	0	0	0	0
76f5d03032c19f33dd1f685a71fb1678	0	0	0	16	0	0	0	0	0	0	0	0	0	0	0
cf813ad3fd967488bfa291c7763c23e1	0	0	0	0	0	0	0	0	0	0	0	0	10	0	0
604140c2b1d5575b96dcdb1f1a29c8e8	0	0	0	0	0	0	0	0	10	0	0	0	0	0	0
6f3970b8f08f8da2140aaf779e8bf510	0	0	0	0	0	0	0	6	0	0	0	0	0	0	0
a670d3b9ddcd9c73629015ded65b4332	0	0	0	0	0	0	0	0	0	0	0	0	7	0	0
420eada3ffee16cf5f1e585c53fffd85	0	0	0	12	0	0	0	0	0	0	0	0	0	0	0
198a94063607b3e51580df394f347f3d	0	0	0	0	0	0	0	0	0	0	0	0	22	0	0
6f6d238546ed889d82466b4860629d37	0	0	0	0	47	0	0	27	0	0	0	0	0	0	0
6595ec6d437de8423b578e82d5d5f59f	0	0	0	0	0	0	0	0	0	0	0	0	28	0	0
6e2cf6a6ac054cdc50e48d7281af1fd3	0	0	0	0	0	0	0	45	0	0	0	0	0	0	0
374c6d130cf921ed07bf99b004b5bd0a	0	14	0	0	0	0	0	0	0	0	0	0	0	0	0
70d594e827ac9c7aea66356f906cb727	35	0	0	0	0	0	0	0	0	0	0	0	0	0	0
58951e96e644b5e73ea328ee2c13d8db	24	0	0	0	0	0	0	0	0	0	0	0	0	0	0
805daef8b02ab8241e4418bd312173f0	0	0	0	0	0	0	0	0	0	0	0	0	29	0	0
5b80e7ef528562473cd7d977dc550971	0	0	42	0	0	0	0	0	0	0	0	0	0	0	0
f39182845d35b4e5e78e34472fface21	0	0	0	0	0	0	21	0	0	0	0	0	0	0	0
e1a2212fa3281ad8248dad96c31a5b9d	0	0	0	7	0	0	0	0	0	0	0	0	0	0	0
c8eab845880988e1cca43d832223cfa8	0	0	0	0	28	0	0	0	0	0	0	0	0	0	0
43fbe98c43e4e1449577885a16303972	0	0	0	0	0	0	0	0	0	0	0	0	50	0	0
27cab4324b92070fd639eb29d83e6b9f	0	0	0	0	0	0	0	0	21	0	0	0	0	0	0
303bacb9f9ffca027518ef6ce76ca1b8	0	47	0	0	0	0	0	0	0	0	0	0	0	0	0
91deafa16be3f9803c3bd6287ce12664	36	0	0	0	0	0	0	0	0	0	0	0	0	0	0
330135d5fd732e6d1a82ddfb48fef8a5	0	0	0	0	0	0	0	6	0	0	0	0	0	0	0
b515ecf5072bc023e9a9c41cc7c7cbb9	0	0	0	30	0	0	0	0	0	0	0	0	0	0	0
a2f210673836daa45b5d7c4375d5b72c	0	0	0	0	95	0	0	0	0	0	0	0	0	0	32
8b9d0408b2cd02391d7f39405b8dc113	0	68	0	0	0	0	0	0	0	0	0	0	0	0	0
8791a62634a8a17566d49c5066695f7b	0	0	54	0	0	0	0	0	0	0	0	0	0	0	0
e62074e31e8669b9e98b77f340868a7c	0	0	0	0	0	0	0	0	0	0	0	0	6	0	0
1d96a05178462413155a7da7365191eb	0	0	0	10	0	0	0	0	0	0	0	0	0	0	0
f3cd66d3759c2a43e0670a025ab7598a	0	0	0	0	0	0	0	6	0	0	0	0	0	0	0
9491b1e7f124eff698feedd1f639331f	0	0	124	0	0	0	0	0	0	0	0	0	0	0	0
5b701f31a4e4695a143ae5f18cb0cba5	0	0	0	0	0	0	0	115	0	0	0	0	0	67	0
702e4cf1a1bcf3ac71c3198df4a5129c	0	0	0	0	0	0	0	0	133	0	0	0	0	0	0
72a009de913a0b754e06e388a83fb4b1	0	0	0	208	0	0	0	0	0	0	0	0	0	0	97
a38484cc16acaa225db7b21d659a4322	0	99	0	116	0	0	0	90	72	0	0	0	0	0	0
b4c93aaf8cd0d1f736be4034de3511f3	0	0	0	0	0	0	0	0	0	0	0	0	48	0	0
9f66fd023b4562086206daef157d13d6	0	0	0	0	0	0	99	0	0	0	0	0	0	0	0
c53ea0a29b4d6004acf8135b06eeb2a0	0	0	0	0	0	0	0	0	0	0	0	0	15	0	0
d05647af4f285467898c13996b947255	0	0	0	0	26	0	0	0	0	0	0	18	0	0	0
45f51c4a492b5a22417435cfe3b9cc9c	0	31	0	0	0	0	0	0	8	0	0	0	0	0	0
f9363dd9a3fc28ea62ca413a33dd2c50	0	0	0	0	0	5	0	0	0	0	0	0	0	0	0
a7349c7fdfbd6733c4b1adc827a09c4f	0	0	7	0	0	0	0	0	0	0	0	0	0	0	0
85c3e2fcf3d4182bddeaec68b61aa0e1	0	0	0	0	0	0	0	8	0	0	0	0	0	0	0
3672815aefe8dde71235f43f6da6728f	0	0	0	0	0	9	0	0	0	0	0	0	0	0	0
21ef912c700d2cfe543fba12df7a6bf8	0	0	0	0	9	0	0	0	0	0	0	0	0	0	0
cb6bf96603b9bfab9ff55b3d6b7998a7	5	0	0	0	0	0	0	0	0	0	0	0	0	0	0
59041df6dbc30d28308ee30a3d9e8178	0	0	0	0	0	0	0	0	0	0	0	0	0	5	0
e163852780215e95ab825c6a035cd39e	0	0	0	10	0	0	0	0	0	0	0	0	0	0	0
f0c31d14d201cacb58adf731a4be7f6f	0	0	0	5	0	0	0	0	0	0	0	0	0	0	0
1536db008bfb59610b3cd98c1d4bb5b0	0	0	0	0	0	0	0	6	0	0	0	0	0	0	0
d5ce7d5641f27c090e03a8200e6227fc	0	0	0	8	0	0	0	0	0	0	0	0	0	0	0
95c0ce42247ddaea00b30ee32bb146aa	0	0	0	4	0	0	0	0	0	0	0	0	0	0	0
1c77d454256e79676b323f777ca76b8d	0	0	0	0	0	0	0	0	0	6	0	0	0	0	0
97ede03f6ef98db014b2bb707f3910c0	47	0	74	0	0	0	0	0	0	0	0	0	0	0	0
df9460f17c624537c399b2207efc4b46	0	0	0	0	0	0	0	0	0	0	0	0	67	0	0
143412ac44dcf1c9d080824efb60b482	0	0	0	82	0	0	0	0	0	0	0	0	0	0	0
4251861d28816cdfc2b8bb007796cab9	0	0	0	0	0	0	46	0	0	0	0	0	0	0	0
efdbd3320cbb422d7f4de6c4c7d3542c	0	0	0	14	0	0	0	0	0	0	0	0	0	0	0
b0a4b5bb91a9bc89ae96c7fa7f954327	0	0	0	8	0	0	0	0	0	0	0	0	0	0	0
b82ad56cc65d6e24b5869d96e548ac14	0	0	0	5	0	0	0	0	0	0	0	0	0	0	0
a6f9628911825126acca395688fff82f	0	0	0	0	0	0	0	0	0	0	0	0	7	0	0
280814b1811f475541bdbc56e95791bd	0	0	0	8	0	0	0	0	0	0	0	0	0	0	0
8db4bb70859a6e10c85c402ba0a9322e	193	363	0	0	0	0	0	0	268	0	0	0	0	0	0
2913b49c99ecc08abf78b4f490385459	0	0	376	0	0	237	0	0	0	0	0	0	0	0	0
903a59171af7e73fd4c268d61eacab33	0	0	0	0	241	0	0	0	0	0	0	0	0	0	0
07f2d5246178dd5e302778f0190760e6	0	0	0	0	0	0	324	0	0	0	0	0	0	0	0
c5ca66f4a982622329b1f89747453dd1	0	0	0	725	0	0	0	0	0	0	0	0	0	0	0
ebcdf6fd97db4ced246a6e416446fe63	0	0	0	0	0	0	0	0	0	0	0	179	0	0	0
5467b2b9e356fcc651be25463496e53b	0	0	0	0	0	0	0	0	0	0	0	0	369	0	0
ef2fe99774f3072b14b98fdeb32fb817	0	0	0	0	0	0	0	261	0	0	0	0	0	0	0
c835f972b134e4181791578d1fb209a7	0	0	0	0	0	0	0	0	0	0	0	0	0	0	270
7029af4e608510bae2429d1c26683430	0	0	0	0	0	0	0	0	0	0	0	0	0	292	0
8c8e461bd8a3b2c2640e1cf607b86e48	0	0	0	3	0	0	0	0	0	0	0	0	0	0	0
1046877445aef14e4a1542392443bf61	0	0	0	0	0	0	0	0	0	0	0	13	0	0	0
2f5853e51713a789cddc446b7103a809	0	0	0	0	0	0	0	0	9	0	0	0	0	0	0
068f5d08e0039814a483636eb13020ab	0	0	0	5	0	0	0	0	0	0	0	0	0	0	0
417822d76916b35b5b442c2a599996dd	0	0	0	6	0	0	0	0	0	0	0	0	0	0	0
97fd3a1b54363d1363afdf05488b159f	0	0	0	0	0	0	0	0	0	0	0	0	7	0	0
ae133947e581819c1aa01815de53d83b	0	0	0	8	0	0	0	0	0	0	0	0	0	0	0
ee1089d237b157874b4b278fc1ccf277	0	0	0	0	0	0	0	0	0	0	0	0	0	16	0
84eb6f03b026e8cf46254e207206b39d	0	0	0	0	29	0	0	0	0	0	0	0	0	0	0
11d8e19d2a1f95a5e6741a4f0c535737	0	0	0	0	0	0	0	0	0	0	0	80	0	0	0
55933d63b837202afc747e9b2d444376	0	57	0	0	0	0	0	0	0	0	0	0	0	0	0
d25c6a39eb5c1da617dc8f918f39226b	0	0	0	11	0	0	0	0	0	0	0	0	0	0	0
055ff4bc0a6ec431974a662c71a5f068	0	0	0	0	17	0	0	0	0	0	0	0	0	0	0
67c0f8b1c318fb8c40894c91d5b0ee62	69	0	0	0	0	0	0	0	0	0	0	0	0	0	0
0df9a48a5268c465187e9a009dc4aa13	0	0	0	157	0	0	0	0	0	0	0	0	0	0	0
aea0a802a8b82a602ae1677fb91af3ef	0	0	0	0	0	0	0	0	0	0	0	0	0	0	33
246c30f54fc0f41e5cf09d7a2d47777d	0	0	0	0	27	0	0	0	0	0	0	0	0	0	0
3cf3abcf026052ded7c124e9db7458e2	0	22	0	0	0	0	0	26	0	0	0	0	0	0	0
48dad750a85fbb9125bca47d15626a30	0	0	0	32	0	0	0	0	0	0	0	0	0	0	0
e89d4506b867f812b43334f0ac55e06b	0	10	0	0	0	0	0	0	0	0	0	0	0	0	0
36d079f8a5aa04af6425d9af4613053c	0	0	0	0	0	0	0	0	0	0	0	0	7	0	0
f5e1fa7eca0439f14f0db1592a0c0a5c	0	0	0	7	0	0	0	0	0	0	0	0	0	0	0
86b8cfdf221ef3c0e6e3ab6f99993291	0	0	0	0	0	9	0	0	0	0	0	0	0	0	0
11b8c5efe64dc58a742d0fbf4f2d25cb	0	9	0	0	0	0	0	0	0	0	0	0	0	0	0
c0041fd384bc2cd39da223fc4a15de74	0	0	0	0	0	0	0	0	0	0	0	0	13	0	0
faa319647bc7d531f2f77b2241a8135e	0	27	0	0	0	0	0	0	0	0	0	0	0	0	0
d369f00834c2ce8f5c42359228cb96ac	0	0	0	0	0	0	0	0	0	0	0	0	0	18	0
d2f0d5f95bbeb717a438a054e38c17a4	0	0	0	0	0	0	0	0	43	0	0	0	0	0	0
48a91aaa42d2b6c6750ee8bbeb74daf7	0	0	0	0	0	0	0	55	0	0	0	0	0	0	0
93e5bc68c8ebed267de9d242971f39ea	0	0	0	0	0	0	0	0	0	0	0	17	0	0	0
dc4fa747b3deac04f7b213923e0b419c	0	0	0	0	0	0	0	0	0	0	0	0	0	0	7
c33821d6df0a3dbc41239bc252f0c539	0	0	0	0	0	15	0	0	0	0	0	0	0	0	0
f2735751a129d77d613a8460bdbd5110	0	0	0	0	0	0	28	0	0	0	0	0	0	0	0
6b681db411e76ff91bb61022502920ee	0	0	0	0	3	0	0	0	0	0	0	0	0	0	0
bc8ad5d32012e91cc89a508d35d6cc1e	0	0	0	2	0	0	0	0	0	0	0	0	0	0	0
ac758ccbf4dd5183000766c223e85d1f	0	0	0	0	0	5	0	0	0	0	0	0	0	0	0
6d640ba7eb91654d45676fdc6db0a12f	0	0	82	0	0	0	0	0	0	0	0	0	0	79	0
f46c3c0606c8280d7a426f5b49bd5738	87	0	0	0	0	0	0	87	0	0	0	0	0	0	0
9bcb45f56549a15b645d6270922665d6	0	0	0	0	85	0	0	0	0	0	0	0	0	0	0
854ad7ede6d1a68689ff51952389ba5e	0	0	0	151	0	0	0	0	105	0	0	0	0	0	0
171ea9c624c783fb3780222ebdc91ed0	0	0	8	0	0	0	0	0	0	0	0	0	0	0	0
b8688676ffcb78289aafb50ad45eebbf	0	0	0	0	0	0	0	0	0	0	0	0	10	0	0
c7addb7247e6b7789e4d3f7e7ca5c6f0	0	0	9	0	0	0	0	0	0	0	0	0	0	0	0
32fcb2ee5283de89b558d15683933330	0	0	0	7	0	0	0	0	0	0	0	0	0	0	0
3f39d6f4c94f84164867df75c92deeb7	0	0	0	7	0	0	0	0	0	0	0	0	0	0	0
4fda15ab20c00e9cf1ec2e0c75209494	0	0	0	8	0	0	0	0	0	0	0	0	0	0	0
b5e48bea7555c904ec7062c913b3e522	0	0	0	10	0	0	0	0	0	0	0	0	0	0	0
2b4986c25ac2911b6ed7d17853a8308b	0	0	0	0	59	0	0	0	0	0	0	0	0	0	0
2feb684caf41c8698cdae081f6a583d5	0	0	0	0	0	21	0	0	0	0	0	0	0	0	0
b70e1efd8cb76977880bb1fde96f0795	0	0	0	0	0	0	0	0	36	0	0	0	0	0	0
168bfb786a8b7438e34651185441db38	0	0	0	0	0	0	0	0	0	0	0	0	0	43	0
51566156af34c16d6f55310298e98ba5	0	0	86	0	0	0	0	0	0	0	0	0	0	0	0
b8694d24fe4839f46b581f2eb7a37028	0	0	0	0	0	0	0	0	0	0	0	0	6	0	0
1c6e02033a6e4b09acf8cd08b02d3a01	0	0	0	0	4	0	0	0	0	0	0	0	0	0	0
1b0f5f9bcb412608ee8494767fa7a030	0	0	0	6	0	0	0	0	0	0	0	0	0	0	0
f01b070fcf210afd4895163f0283987e	0	0	0	0	0	0	2	0	0	0	0	0	0	0	0
57ebf35c945302d4d3a062f3db16c77c	0	0	15	0	0	0	0	0	0	0	0	0	0	0	0
a17cc328167ffb00d41f5739fe57ab97	0	0	0	0	0	0	0	16	0	0	0	0	0	0	0
0f6c6de455846bbe67b782145b57d874	6	0	0	0	0	0	0	0	0	0	0	0	0	0	0
3d9d2222f645330747afce8e42b32308	0	0	0	0	0	0	0	0	0	0	0	30	0	0	0
b8fc83c0eea94b23e138ad65ee3dee2e	0	0	0	17	0	0	0	0	0	0	0	0	0	0	0
864a792c643ae550252147ee3849cb59	0	0	0	0	0	0	0	0	0	0	0	0	0	12	0
3e2693af0b56701fa1a7f798398ea4bc	0	0	0	0	0	0	0	0	14	0	0	0	0	0	0
a4e88b2d4ddf722e6bb12eac59c9982a	0	0	0	30	0	0	0	0	0	0	0	0	0	0	0
67f26d2623f3fcd478fd12b2cdbf6f95	0	0	0	0	0	16	0	0	0	0	0	0	0	0	0
f3e1bcb8ea3f434c98210252279039fb	0	0	0	0	0	0	29	0	0	0	0	0	0	0	0
240740d6eb9e97d1f2fa264a82f849cf	0	0	0	0	0	0	0	0	0	0	0	0	3	0	0
6bd0e26631bc1857704f3a93a1995106	0	0	0	7	0	0	0	0	0	0	0	0	0	0	0
46192f711226fad38f640ca476a745a7	0	0	0	0	0	0	0	7	0	0	0	0	0	0	0
9a0f8ec4d87c6675310b26f067545f84	0	0	0	15	0	0	0	0	0	0	0	0	0	0	0
40fd63acb021ae7b8b88d9874638ed73	0	6	0	0	0	0	0	0	0	0	0	0	0	0	0
bf8d600530f4fa737bd91f3eb4e91684	0	0	0	0	0	0	0	0	0	0	0	0	8	0	0
a5281918dfcc9fef4cd1e615aa6bb37b	0	0	0	0	0	0	0	0	0	0	0	0	0	6	0
71bc809d0412c56b826f127a181fb63e	0	0	0	0	36	0	0	0	0	0	0	0	0	0	0
320abe138e9f20996e4458639bf74f8e	0	28	0	0	0	0	0	0	0	0	0	0	0	0	0
42f8466936d2f4898e73e1e37aeee461	0	0	0	0	0	0	0	0	17	0	0	0	0	0	0
fc9b4564b4a746c56919b046d49c70b7	12	0	0	0	0	0	0	0	0	0	0	0	0	0	0
c7affbe3a6cbae0e724ba2863d3ecda0	0	0	0	0	0	0	0	9	0	0	0	0	0	0	0
f9e2c103331c44af4fee14e813db4787	0	0	0	0	0	0	0	0	11	0	0	0	0	0	0
e3da2d400a10e05c36a7307f21426d71	0	0	0	0	0	0	0	0	0	0	0	32	0	0	0
a793da5fcff6ee6b8cef0150824bf8e8	0	0	0	0	29	0	0	0	0	0	0	0	0	0	0
eef0ccea051de95c578a172ff230f636	0	0	0	0	0	11	39	0	0	0	0	0	0	0	0
2ba71be72c5c5ce4b9212aa91de0739d	17	0	0	0	0	0	0	0	0	0	0	0	0	0	0
067f37466dfeb1da5cabbfb876c68cb2	0	0	0	0	0	0	0	0	0	0	0	0	0	0	49
db9131f76d27e9f476cdb8fb50605c38	0	0	0	0	12	0	0	0	0	0	0	0	0	31	0
dbbcdd15b0cd8d4136f371125ef3e067	0	0	0	41	0	0	0	0	0	0	0	0	0	0	0
075c4369037c1df2037f6b50157e7512	0	0	0	0	0	0	0	0	0	4	0	0	0	0	0
f4a0ad3e27d1d63593367b60c4b184a0	0	0	0	0	0	4	0	0	0	0	0	0	0	0	0
0e9d1b20d097a2277dc67048851aa1f3	0	0	0	0	0	0	8	0	0	0	0	0	0	0	0
ae833b2b07bb030862a6c0fd87012a93	0	0	0	13	0	0	0	0	0	0	0	0	0	0	0
a38d49a9b3c8d1273334418a22229512	0	0	17	0	0	0	0	0	0	0	0	0	0	0	0
98b6497cf2e9c24df41f5ca6ca13e526	0	0	0	0	0	0	0	4	0	0	0	0	0	0	0
a196cecc1aea096937ed3921b896e90a	0	0	0	0	0	0	0	0	10	0	0	0	0	0	0
3484ec4bfc314fe6d278b99e9d0192a4	0	0	0	0	27	0	0	0	0	0	0	0	0	0	0
4b5b1722c0580fb3c7b2600ea1c7f5d3	0	0	0	16	0	0	0	0	0	0	0	0	0	0	0
2b0386d730874ef76a75c9d791def97e	0	0	0	0	0	0	0	15	0	0	0	0	0	0	0
02bb77fe21ed27e3a8f505d74eae1190	0	0	0	6	0	0	0	0	0	0	0	0	0	0	0
41beb200da08dca2d24fda0eccf9e40e	0	0	0	0	0	0	0	15	0	0	0	0	0	0	0
ef6e54d59985c301235f58e55d38cc7a	0	0	0	33	0	0	0	0	0	0	0	0	0	0	0
58b42eda5b395091e2cf29656f78e784	0	0	0	5	0	0	0	0	0	0	0	0	0	0	0
6fade59163c29bbd48efcce2f8430e8a	0	0	0	0	0	0	0	0	0	8	0	0	0	0	0
d898d2946990684588e9b9305f7f9027	0	4	0	0	0	0	0	0	0	0	0	0	0	0	0
d68407fe5b38b1df70e8ae55b82d154b	0	0	0	0	0	0	0	0	0	0	0	0	5	0	0
ecdb12b4b71e2df779c4ae72e2d50b72	0	0	0	14	0	0	0	0	0	0	0	0	0	0	0
0043115fc82b0eafba20e64dccbda818	0	0	0	0	0	0	0	0	0	0	0	0	0	19	0
d9b05c4a480c983e69b773f695742e39	0	0	0	0	0	0	0	0	0	0	0	26	0	0	0
9312b3e4332c6fa41ebd8b8353e22cc3	0	0	0	2	0	0	0	0	0	0	0	0	0	0	0
a0352ca8179a26bf9dc78df17b91fe62	0	0	0	0	0	0	0	0	0	0	0	0	0	17	0
40f1a405666a12d24f47faf8754fa14b	0	0	0	0	0	0	0	8	0	0	0	0	0	0	0
21e4168260d8187c89c53632f79e7c68	0	0	0	0	0	0	66	0	0	0	0	0	0	0	0
18572c12e6fda0d008a2f5aff06b5684	0	0	0	84	0	0	0	0	0	0	0	0	0	0	0
a9ec8714883ff719e0896fc8a370c96f	0	0	0	13	0	0	0	0	0	0	0	0	0	0	0
fedfcaed8eb09b8b3cb41f718741c92f	0	0	0	9	0	0	0	0	0	0	0	0	0	0	0
d76f0f048574382eb2d49df4a4c330ec	0	0	0	0	0	0	22	0	0	0	0	0	0	0	0
43be7fb5566ccaa55e7a75d88979459f	0	0	0	0	32	0	0	0	0	0	0	0	0	0	0
b319c14bcb29b9bdfe5630636a263685	0	0	6	0	0	0	0	0	0	0	0	0	0	0	0
0a8889b8594982e12f95e7300d371cf3	0	0	0	0	0	0	0	0	0	0	0	11	0	0	0
1aaf595ab3e8528b10ea275de410e2e5	0	0	0	0	0	0	0	0	0	0	0	21	0	0	0
aae791d4ee166de6a859a317b00cb013	0	0	0	0	0	0	0	0	0	0	0	0	0	0	8
bd33379e0ac840a136fb9bff7c7e2b64	0	3	0	0	0	0	0	0	0	0	0	0	0	0	0
6f4779efc3d684784dd8183da10bff44	0	0	15	0	0	0	0	0	0	0	0	0	0	0	0
5f5269a82b78fc57ce917fd9feada1a7	0	0	0	0	0	0	0	0	13	0	0	0	0	0	0
3e7537f2db0a60566298746a159e658a	0	0	0	7	0	0	0	0	0	0	0	0	0	0	0
791cadda29391ff8729220173b204e21	0	0	0	0	0	0	0	17	0	0	0	0	0	0	0
e6dda87256127386214dec860d0ed362	0	16	0	0	0	0	0	0	0	0	0	0	0	0	0
cbeeff71216f2e2f4a9370cce59b2d0e	0	0	0	0	0	0	19	0	0	0	0	0	0	0	0
f569410fdf0df8813c83309934840b24	0	0	0	6	0	0	0	0	0	0	0	0	0	0	0
a8a2af91ecc55ce8124ef6fb8577a490	0	0	0	0	0	0	0	0	0	0	0	0	0	17	0
a1d4b4a47da5e1108036d879f6e4ac28	0	0	8	0	0	0	0	0	0	0	0	0	0	0	0
dff4a1620b2966b0dbfc49ac3027340e	0	0	0	9	0	0	0	0	0	0	0	0	0	0	0
838d7b6d36359a4879aa004faaf448d4	0	0	0	35	0	0	0	0	0	0	0	0	0	0	0
bdf16a744d99684104a7aa5862fe9bdd	0	0	0	0	0	0	0	0	0	0	0	0	20	0	0
6ae458b764cb2358cfd592807d1b8e4f	0	0	0	0	0	0	0	0	0	0	0	0	12	0	0
d5aaeecc8f09210eef8144b89b67a6b5	0	0	0	0	0	0	0	14	0	0	0	0	0	0	0
46dbd12151e87dd1fa0cb0339ad47838	0	0	0	31	0	0	0	0	0	0	0	0	0	0	0
470555018d485acf03549c4d9e6de2ee	0	0	0	0	0	0	0	0	0	0	0	7	0	0	0
0717305f6254fa4c0403de7c215986e0	0	0	6	0	0	0	0	0	0	0	0	0	0	0	0
fc4b2a55eb3d841e517bca95b1255337	0	0	0	0	0	16	0	0	0	0	0	0	0	0	0
a68ab07d7fbc06dec343a51792632f0e	0	0	0	14	0	0	0	0	0	0	0	0	0	0	0
bde978fed5fbfb4b06d95dc271fd2b80	0	0	135	0	0	0	289	0	180	0	0	196	0	0	0
3480c29c2cc9eec28b68933aca7bce8c	0	0	0	0	0	0	0	169	0	0	0	0	0	0	0
c55d833574f0ff8168c9ce881971c7af	0	103	0	0	190	0	0	0	0	0	0	0	111	73	0
d3477afdd765a18faad0f2ac0a0303bf	0	0	0	0	0	60	0	0	0	0	0	0	0	0	0
c2d308dea393d080a29964e896e5a5ea	99	0	0	0	0	0	0	0	0	0	0	0	0	0	0
14bf2f936977d35bca29c95c61cc1e78	0	0	0	0	0	0	0	0	0	0	0	0	0	0	211
06351acc0ec04d3779ec43c60085f72d	0	0	0	0	0	0	0	0	0	0	0	0	23	0	0
c9d1809e7f4be6bc9589e47ee67d6314	0	0	18	0	0	0	0	0	0	0	0	0	0	0	0
52c22ea70d08721e70ffc73f1b70e0ae	0	0	0	9	0	0	0	0	0	0	0	0	0	0	0
a9a2f5bc7e098ed9a165c3ea9a12843a	0	0	0	0	21	0	0	0	0	0	0	0	0	0	0
ca632ab61f60a9e97c854ca1c5359c4b	0	0	0	0	0	0	0	0	0	0	0	0	0	25	0
51efebcc968034ae5cf634795742ea19	0	0	15	0	0	0	0	0	0	0	0	0	0	0	0
1d038912a8f414647cb7a1492dadafd5	0	0	0	0	13	0	0	0	0	0	0	0	0	0	0
4fcae38fd7599dd2160ae2df25f5b50e	0	0	0	0	0	0	16	0	0	0	0	0	0	0	0
62d295cd7b4454538ccbec8c6702b204	0	0	0	0	0	0	8	0	0	0	0	0	0	0	0
b2d7c094c8a6c271aea5c045b21f10ec	0	0	0	9	0	0	0	0	0	0	0	0	0	0	0
119471d2b44578f7e7eda4357e51c0ae	0	0	0	0	0	0	0	0	0	0	0	16	0	0	0
c8093b2ce5b4e4b635c51ca78ed55f24	0	0	0	0	0	0	0	0	0	0	0	0	0	13	0
8627c96bd9e1e8d43262d754f7ab4c36	0	0	0	0	51	0	0	0	0	0	0	0	0	0	0
7a2a955dedfbe70c1cd55b6b492c94b0	0	0	0	0	0	0	5	0	0	0	0	0	0	0	0
f5b7af539ef6081d3e5b1ff49e788d96	0	0	0	0	0	0	0	0	7	0	0	0	0	0	0
dd1585388b506e16ee37ec4b45132cac	0	0	0	0	0	0	0	0	0	0	0	0	0	0	36
017783a2d5343096e8b4d3f4e657c75c	0	0	0	7	0	0	0	0	0	0	0	0	0	0	0
7b178ad1b0ea9bbde05ab2fa11116740	3	0	0	0	0	0	0	0	0	0	0	0	0	0	0
e29289f3634b2296c4066fa7a5d490ca	0	0	17	0	0	0	0	0	0	0	0	0	0	0	0
18d8dc1f6fb77923b80641320d2f8355	0	0	0	0	0	4	0	0	0	0	0	0	0	0	0
d87744dada042cff030966b5bd8e01c2	0	0	0	21	0	0	0	0	0	0	0	0	0	0	0
ce10948e525c49d81a14751a8453d621	0	0	0	4	0	0	0	0	0	0	0	0	0	0	0
56395783825efdd93b9d5b249ac52968	0	0	4	0	0	0	0	0	0	0	0	0	0	0	0
2f325efdb057d524ad0e289968a1bd37	0	0	0	73	0	0	0	0	0	0	0	38	0	0	0
785dc3db487949764886c23b32cf4915	0	0	0	0	0	0	137	52	0	0	0	0	0	0	0
4bc24f830ca4c65b209600d449e8bf1f	0	0	0	0	0	0	0	0	111	0	0	0	0	0	0
03ae49a30a540d7156b7bee3f4b49bc6	0	0	0	0	0	0	0	0	0	0	0	0	0	0	42
66d314dbfca332f2cf4f2eda21c159ff	0	0	0	0	0	0	0	0	0	0	0	0	0	16	0
6cf077a737f25480797d5877ebf82e35	0	0	12	0	0	0	0	0	0	0	0	0	0	0	0
726c897de93d10dce4ef9c08c45e30f9	0	0	0	0	0	0	0	94	0	0	0	0	0	0	0
7583f4d9ea499f411e0e89c544ddb8b1	0	0	0	0	0	0	43	0	0	0	0	0	0	0	0
8d2cfa7be64274dacafcc7355be64731	0	0	94	0	0	0	0	0	0	0	0	0	0	0	0
076685829136a65f7fdc2322362f8818	0	0	0	0	0	0	0	0	71	0	0	0	0	0	0
aa17dfb3a3a6a7d0d84709b7a46c0535	0	0	0	8	0	0	0	0	0	0	0	0	0	0	0
034445af266a135134e18fe5e5316d57	0	0	0	0	0	0	18	0	0	0	0	0	0	0	0
6205625fa6ea7842824afb717a30208f	0	0	0	0	0	0	0	0	0	0	0	0	31	0	0
fa2a2072cebabc4e30b55518cf0452f8	0	0	0	40	0	0	0	0	0	0	0	0	0	0	0
1e6c4791f06414e85d3505f88d179e60	0	0	0	9	0	0	0	0	0	0	0	0	0	0	0
b72cc0a876abd5b20eda0201821e6bdc	0	0	0	0	0	10	0	0	0	0	0	0	0	0	0
d22a439036450c22663e90eb669ec107	0	0	41	0	0	0	0	0	0	0	0	0	0	0	0
ffffceb340c8358f8088c6a86050fe32	0	0	0	0	0	0	0	0	56	0	0	0	0	0	0
ab6f84e43e57a15f69f2f2813395c962	0	0	0	0	0	0	128	0	0	0	0	0	0	0	0
ad561efcc8b50d1f00c1bba72422cade	0	0	0	0	0	0	0	0	0	0	0	0	0	0	110
21687ef1dc468b3c2917c764b84820ee	0	33	0	0	0	0	0	0	0	0	0	0	0	0	0
3d0f41f5042dc32aa7c0d709cfd700db	60	0	0	0	0	0	0	0	0	0	0	0	0	0	0
ca7156020fa63c06fb500ef6a011f212	0	0	0	0	0	0	0	6	0	0	0	0	0	0	0
7408f5bcbb5d53baf77d71ee951c5429	0	3	0	0	0	0	0	0	0	0	0	0	0	0	0
236740483fa6b79c0d558223af875540	0	0	9	0	0	0	0	0	0	0	0	0	0	0	0
f8dfcdabaf638ce1e105a5a88e8518b8	0	0	0	0	0	0	0	0	0	0	0	9	0	0	0
b67dad151e873ab1395beac622467e02	0	0	0	0	0	0	0	0	11	0	0	0	0	0	0
bec2e966bd065724c29a5544771e984a	0	0	0	7	0	0	0	0	0	0	0	0	0	0	0
41f12bd2e3d6dd7ba97626211cb73274	0	0	0	0	0	0	3	0	0	0	0	0	0	0	0
7dc8c09752d7209d0181a680abc2b5f9	9	0	0	0	0	0	0	0	0	0	0	0	0	0	0
b142bb38abb63abc41f91911d3c3f109	0	0	0	0	0	0	0	0	0	0	0	0	0	0	8
2190cfbee5f6cfcfb46207b534a49843	0	0	0	0	0	9	0	0	0	0	0	0	0	0	0
d85d37baaffd1b967323eb961b039de5	0	0	0	0	0	0	0	0	0	0	0	0	0	0	26
11c45ceb422cb40cc5738528399bc953	0	3	0	0	0	0	0	0	0	0	0	0	0	0	0
c052b06f9e47ee2e926a4895c67f11c6	0	0	0	0	0	0	0	0	0	0	0	0	12	0	0
c1c85e8e5473fd530c7d56f9f113ca81	0	0	0	9	0	0	0	0	0	0	0	0	0	0	0
697225b0498a1af092551bdc383b66b1	0	0	0	0	0	0	0	0	0	0	0	41	0	0	0
693495fb3356094e8288a664979cf91b	0	0	0	12	0	0	0	0	0	0	0	0	0	0	0
3698e1c405e7dc7935b929639bd1668a	0	0	0	0	0	0	0	0	0	0	0	0	0	15	0
ff8a3ada752755728e1cf679bab8647b	0	0	0	0	0	0	0	0	0	0	0	36	0	0	0
50101cc25954bbc796d8a711541e75e7	0	0	0	0	0	11	0	0	0	0	0	0	0	0	0
438d2e0559d718b8c1aca0c59063bb10	18	0	0	0	0	0	0	0	0	0	0	0	0	0	0
a6a2a7c2be75fdf54c4f1ad7846c1a9d	0	0	0	0	0	0	26	0	0	0	0	0	0	0	0
4a400cad06dcf71e1a2243f78a42f1c4	5	0	0	0	0	0	0	0	0	0	0	0	0	0	0
a6ae36d9fac59e596b113b8a0275a999	0	0	0	17	0	0	0	0	0	0	0	0	0	0	0
73d50ca4b8e1ed70966ac4161f79c5f7	0	55	0	0	0	0	46	0	0	0	0	0	0	0	0
9774cf2b1e1982449cafb1c338014718	0	0	0	0	10	0	0	0	0	0	0	0	0	0	0
0fbb89fe2812850e09c791e437a6ecfd	0	0	23	0	0	0	0	0	4	0	0	0	0	0	0
1a7a80b475d5287513ce3058a5f466a9	0	0	0	41	0	0	0	0	0	0	0	0	0	0	0
1de2c30828e50024fc4073bafd0b39ff	0	0	5	0	0	0	0	0	0	0	0	0	0	0	0
160a900dea3568e01121d87c7d677de1	0	0	0	11	0	0	0	0	0	0	0	0	0	0	0
4b3d4df793e3f536a0fbb2f0e7d6d159	0	0	0	5	0	0	0	0	0	0	0	0	0	0	0
1ffd6b0d51c3d44b4b862b15e35412a0	0	0	0	0	0	0	0	0	0	0	0	0	0	15	0
b16712de4126e66f149f13f6ea1342a7	0	0	0	35	0	0	0	0	0	0	0	0	0	0	0
86c6c8455264e1dc112f33d92abf1219	0	0	38	0	0	0	0	0	0	0	0	0	0	0	0
842eed94a79b89db714d739ab76cc8f6	0	0	0	0	0	0	29	0	0	0	0	0	0	0	0
5f49ce1ea37466c7f4a10d3bb845de03	0	6	0	0	0	0	0	0	0	0	0	0	0	0	0
ee67db7b48a4af09bb23fb42f8fd1fb5	0	0	0	5	0	0	0	0	0	0	0	0	0	0	0
6b9fc6e11e13c638dac2b567e73a7242	0	0	0	11	0	0	0	0	0	0	0	0	0	0	0
ec96e0e80b9e34603ef5fa74afc43183	0	0	0	0	0	0	0	0	0	0	0	0	10	0	0
2c64ad7b3ef8aa2d21dc9a38eb716748	0	0	0	8	0	0	0	0	0	0	0	0	0	0	0
4d1d4ad45ef8306c441046f5162ab92f	0	0	25	0	0	0	0	0	0	0	0	0	0	0	0
a2ea4e77beff200d3ec0bb7fff25f72d	0	0	0	0	0	0	0	0	0	0	0	0	33	0	0
8b5e1e2746fcea3d4bd0f870ce1e00bb	0	0	0	0	0	0	0	20	0	0	0	0	0	0	13
fc99304c46dc52139c1d108d46097283	0	0	0	0	0	0	0	0	0	0	0	0	13	0	0
94a956b7f28dd5b49fa70f7f6bdca5ec	0	6	0	0	0	0	0	0	0	0	0	0	0	0	0
6474ed07356675138103eb0dbab3b4bc	0	0	0	4	0	0	0	0	0	0	0	0	0	0	0
7925f95c2517975d9e6f7faed16de447	0	0	0	0	0	0	0	0	0	0	0	0	0	19	0
91adfaf6cf72ac659daeb078e438704b	0	0	0	8	0	0	0	0	0	0	0	0	0	0	0
eac45bb412d8060ce0378d354fadc116	0	0	0	0	0	0	0	14	0	0	0	0	0	0	0
32047a8f09a6b9c6082b3421072d42a1	0	0	0	0	0	0	0	0	0	0	0	9	0	0	0
812c337d7b7fb1fd0627037cc1d71da6	0	25	0	0	0	0	0	0	0	0	0	0	0	0	0
bc39394b99987523bfd1d237c36de301	0	0	0	0	0	0	0	0	0	0	0	0	0	0	30
5d86e6d4a6da87f113a8c4b3708f335d	0	0	0	0	0	0	0	0	0	0	0	11	0	0	0
1e82763d873cdccf585f01911a11e588	0	0	6	0	0	0	0	0	0	0	0	0	0	0	0
98bb6d30642507b3aa7c3e1caff5b7b4	0	0	0	0	0	0	0	0	0	0	0	0	0	37	0
0a95498524731faed1f416383731e513	0	0	0	0	0	0	0	0	0	0	0	0	21	0	0
58078c158dfc56bf13e1621a15ef28a6	0	0	0	9	0	0	0	0	0	0	0	0	0	0	0
42647cc156844f33f7d677cfba38c41f	0	0	0	0	12	0	0	0	0	0	0	0	0	0	0
bceb58f1b4cc148e8d20ed93cc47c677	0	0	0	14	0	0	0	0	0	0	0	0	0	0	0
eda8cace69abb59e799827bf2e0ea843	0	0	34	0	0	0	0	0	0	0	0	0	0	0	0
48cb0c33bc5ff9a7171553687488f5d5	0	0	0	0	0	0	0	0	0	0	0	0	0	0	22
5da6f25456e88168825ffd2361e1c21a	0	0	0	0	0	0	0	0	0	0	0	0	8	0	0
b3fe74169ac1bb2f56eb0b5bbf48d7a3	0	0	0	0	0	0	0	8	0	0	0	0	0	0	0
6869cd0bd447bf959ea909ab3523a98c	0	0	0	0	0	0	0	0	7	0	0	0	0	0	0
868bc2b316ed8a09a61119e9dc1b19d8	0	0	0	0	0	10	0	0	0	0	0	0	0	0	0
a55203d73b79477e35d098c5ad915efd	17	0	0	0	0	0	0	0	0	0	0	0	0	0	0
b0f93b4d7b3740c6f4dfef99397f4543	0	0	0	0	18	0	0	0	0	0	0	0	0	0	0
99cb6dbd79440a1afc1a13e9c8ca018f	0	0	0	0	0	0	0	0	0	0	0	0	27	0	0
c205a9744012caab435d7d604f739307	0	0	0	0	0	0	0	0	0	0	0	0	0	0	12
bf47dfe8a88847769158dd75c2b4df3f	0	0	0	0	0	0	0	0	0	0	0	0	0	4	0
eff47e6fa8d7746254f47c9d9552eb5b	0	0	0	0	49	0	0	0	0	0	0	0	0	0	0
2a35e1409eb76f9057bf6e6698a06485	0	0	0	6	0	0	0	0	0	0	0	0	0	0	0
6e4ae7a645d57ddf231fd9b1bd1abbda	0	0	18	0	0	0	0	0	0	0	0	0	0	0	0
98f54e880450d9d8b5db7f37dbdaba18	0	0	0	0	0	9	0	0	0	0	0	0	0	0	0
659a56207fa345b29da85c9831d67aa8	0	0	0	0	0	0	0	0	0	0	0	0	0	0	30
0e9969b62de37a7e9859c7084f86e34d	11	0	0	0	0	0	0	0	0	0	0	0	0	0	0
e2be0e67271baea53e55bee7b1f08a03	0	0	0	0	0	0	0	0	0	0	0	0	25	0	0
c703985ae24d6f530de9229093d139aa	0	0	0	0	0	35	0	0	0	0	0	0	0	0	0
1428c4eeb6811a5005e009c4299d55e6	0	0	0	0	0	0	0	72	0	0	0	0	0	0	0
d5f5ece75566e491f5e667bd79718ce9	0	0	0	62	0	0	0	0	0	0	0	0	0	0	0
61bd4f8f02da05c7a235c53a0c15db24	0	0	0	0	0	0	26	0	0	0	0	0	0	0	0
675d7c47ffd6fc06dc435db9ba710c65	0	77	0	0	0	0	0	0	0	0	0	0	0	0	0
223bc8ddaa597fa62869992f23bf42bd	0	0	0	0	0	0	0	0	44	0	0	0	0	0	0
969339302b6f4092e24cfeb8e9403fa6	0	0	0	0	0	0	0	0	0	0	0	0	27	0	0
f5aea698bd2742338401506cb4d564a6	0	0	0	0	0	0	0	0	0	0	0	0	0	22	0
41d3f2bd2e462ccff3122314cdefabfb	8	0	0	0	0	0	0	0	0	0	0	0	0	0	0
3ce1c19fdda9db4eb25837ba969f5e12	0	0	0	0	0	0	0	0	0	0	0	0	8	0	0
e01e4fb1550f3c70a2277324d9c33e56	0	0	0	3	0	0	0	0	0	0	0	0	0	0	0
6432eb297ebbf36ea4c766c8c79d5a16	0	0	0	0	0	6	0	0	0	0	0	0	0	0	0
b956a9617adfa104ece3166965ba189c	0	0	0	0	0	0	0	0	0	0	0	9	0	0	0
21ab1a0901a73f87f6a897f3e3b0fbcb	0	0	0	0	0	0	0	0	0	0	0	0	0	0	27
1f621fea709e0679515d66b08775af5a	0	0	0	0	26	0	0	0	0	0	0	0	0	0	0
27ed9278ae4e2ea1f881c569401d8e74	0	0	32	0	0	0	0	0	0	0	0	0	0	0	0
218f47e90cf050f81de9240b4657a9be	0	0	0	0	0	0	0	0	0	0	0	0	0	13	0
c674f2bd67635b485b5e7a61b56cde0e	0	0	0	0	0	0	0	0	26	0	0	0	0	0	0
9a3713a8106c7d55755aa457677fccb1	0	0	0	0	0	0	0	25	0	0	0	0	0	0	0
53bacf615332a329540e3eab03b51284	0	0	0	0	0	0	37	0	0	0	0	0	0	0	0
0dadf02f42de30a5709f2d463dd651a6	0	23	0	0	0	0	0	0	0	0	0	0	0	0	0
dc93deeda39f841013d87ff5e194b35c	0	0	0	0	12	0	0	0	0	0	0	0	0	0	0
82db554172da624bf1f0d1afcd30940b	0	0	0	0	0	0	0	0	0	0	0	0	10	0	0
abdf0756b98d49be1aed13b855a54d8f	0	0	0	0	0	0	0	0	0	0	0	10	0	0	0
d7c97ecc958605842ba0a3aa609e0b79	0	0	0	0	0	0	0	0	0	0	0	0	0	16	0
dbe82f09955bd95847584b0a599848a6	0	0	0	0	0	0	0	0	0	0	0	0	8	0	0
8b872280325c57832fc15b760082dde9	7	0	0	0	0	0	0	0	0	0	0	0	0	0	0
fe4973963db228ff7bae1d1bdc64b6cf	0	4	0	0	0	0	0	0	0	0	0	0	0	0	0
6b827c35ef4d2300c742c174a8ce40f8	0	0	48	0	0	0	0	0	0	0	0	0	0	0	0
85a2dd286cd195edaab42461394a5496	0	0	0	0	0	0	0	0	0	0	0	27	0	0	0
a2d70667451f95b27d32f88d65b57832	0	0	0	25	0	0	0	0	0	0	0	0	0	0	0
5fbaaf8ef2697fcc92188c0d862e8bb1	3	0	0	0	0	0	0	0	0	0	0	0	0	0	0
feab18a7c3cf9d89c7b0ca73d9ae1bc2	0	34	0	0	0	0	0	0	0	0	0	0	0	0	0
f46a45720cc30c6a9e52d3e723cb5057	0	0	0	0	0	0	0	0	67	0	0	0	0	0	0
34f747f0c78284c4e550147fb275a829	0	0	0	0	0	0	0	0	0	0	0	0	0	0	48
cb8035ec76065491941d863289ffcfcd	0	0	0	0	0	0	0	71	0	0	0	0	0	0	0
03d8d4cff8814b0de80401d62f2e0af3	44	0	0	0	0	0	0	0	0	0	0	0	60	0	0
63268f9df78e15d009655aea65a769a3	0	0	0	0	0	0	54	0	0	0	0	0	0	0	0
f2a72e23a194eb36f14e3efb7c8e8ec0	0	0	0	0	0	0	0	0	0	0	0	30	0	0	0
a05d84dcb5dcfb0f0f51135d13d2b411	0	0	0	0	8	0	0	0	0	0	0	0	0	0	0
17da1c053f26438df361c55b6e5f64b6	0	0	0	0	0	0	0	0	6	0	0	0	0	0	0
3d3b6e1efe96a0db42e9d425a46acc3e	0	0	0	0	0	24	0	0	0	0	0	0	0	0	0
26fa9b2828a5eb0d0509ffed71372d8b	0	0	0	0	0	0	0	0	0	0	0	13	0	0	0
bf881b8fceead417df0596458477ad71	0	0	0	0	9	0	0	0	0	0	0	0	0	0	0
16244d8fca1071c115104530fa8ee24f	0	0	0	0	0	0	0	0	0	0	0	0	10	0	0
95b30630063a5ed0781df660c8ef3831	0	0	0	11	0	0	0	0	0	0	0	0	0	0	0
818b89e02b9f65f9ee0eb867f1d7725e	0	0	0	0	0	0	0	0	0	0	0	0	0	14	0
849d081808e781000a9deaef5f87d9dc	8	0	0	0	0	0	0	0	0	0	0	0	0	0	0
d27c12331abaa6080d7d5a5a971da005	0	0	39	0	0	0	0	0	0	0	0	0	0	0	0
7aa28d6dd6c1c08e671af4cf01821db8	0	0	0	64	0	0	0	0	0	0	0	0	0	0	0
151ce213f894cce862c949260c465baa	0	28	0	0	0	0	41	0	0	0	0	0	0	0	0
ccddc738dcd69b4e8af2ede563753a12	0	0	0	0	66	0	0	0	0	0	0	0	0	0	0
b681fdb57938b2d434f257fc78398d80	0	0	0	0	0	0	0	13	0	0	0	0	0	0	0
4fa7ca426184e777fee25b8f2d59e926	0	0	0	0	0	0	0	0	0	0	0	19	0	0	0
5a5eb47d4fb40b53ac7228a9c73bc758	0	0	0	0	0	0	0	0	15	0	0	0	0	0	0
ea4dfed5474386fc612d5e5eaaa177e0	0	0	0	0	0	0	8	0	0	0	0	0	0	0	0
26d61e05b90d600f6dea7afa2132e473	5	0	0	0	0	0	0	0	0	0	0	0	0	0	0
843d1fe719800b0a4e2423feb3ee2607	0	0	0	15	0	0	0	0	0	0	0	0	0	0	0
4ac84c1b05190a886bfb37c60ca9eee1	32	0	0	0	0	0	0	0	0	0	0	0	0	0	0
03e5863c088ab6f2dd15b29ec77bbce3	0	0	0	0	0	0	0	0	0	0	0	21	0	0	0
c135935171b362d2d787601eecd69215	0	0	23	19	0	0	0	0	0	0	0	0	0	0	0
cbdb9368a0776b03ba3f2a5572a13f63	0	35	0	0	0	0	0	0	0	0	0	0	0	0	20
91fcad8d90884a813d08636fa4bb352d	9	0	0	0	0	0	0	0	0	0	0	0	0	0	0
5c904fa6299d3f2962ae443e26e029eb	0	0	0	0	0	0	0	0	0	0	0	0	11	0	0
74144d12ba5b967886663b0aff7aeabc	0	0	0	0	0	0	0	8	0	0	0	0	0	0	0
4e18ce474a1d515b4250386a1d0cd156	0	0	0	0	0	0	0	8	0	0	0	0	0	0	0
04e733db83689a1c37269aa3aaf7ff90	0	0	10	0	0	0	0	0	0	0	0	0	0	0	0
5ac96f69ea2473f055233bdbc185dea6	0	0	0	9	0	0	0	0	0	0	0	0	0	0	0
da49f6d4f5f1dd25f15af2aa880457d8	0	0	0	8	0	0	0	0	0	0	0	0	0	0	0
08f131a34f2bb5ba36d317013e717935	0	0	7	0	0	0	0	0	0	0	0	0	0	0	0
f36605e9258824bab22d1a04318a8be3	0	0	0	0	0	0	0	5	0	0	0	0	0	0	0
f14ee8d80baf1671bf21f60f078ef909	0	0	0	0	0	0	0	0	0	0	0	0	15	0	0
28c5cc09457620b4e968724a8a711b82	0	0	0	0	0	0	0	0	0	0	0	0	0	0	7
dcf6a5fdd28c0122323814eb9fc97c0c	0	0	0	0	0	0	0	0	0	0	0	0	0	15	0
d631232d698a0ef89db670a8437adaf9	0	0	0	4	0	0	0	0	0	0	0	0	0	0	0
59b563b2903729204c928dcbb41b3868	0	0	0	0	0	0	0	0	0	0	0	0	0	0	6
4594439d58f13babef95f0afe54007d5	0	0	0	4	0	0	0	0	0	0	0	0	0	0	0
a9fa809a25b2f94331bd4589a2738ac6	13	0	0	53	0	0	21	0	0	0	0	0	0	0	0
afed628ddce17321c3fa4a5a3b116b5b	0	0	0	0	0	0	0	0	0	0	0	0	0	12	0
1e5d8a8a3bc844448eb41bb3a6be1333	0	0	0	0	0	0	0	17	13	0	0	0	0	0	0
f0c2eac506d4f18f96f50f413a2274ea	0	0	0	28	0	0	0	0	0	0	0	0	0	0	0
b795545a4cb73c69f7d8d9f470683bd3	0	0	0	0	0	0	0	0	0	0	0	0	12	0	0
2d85c6ee5ebae7f77aabf08a7fa49bae	0	0	0	11	0	0	0	0	0	0	0	0	0	0	0
d1243ace4fd9a422d745844804b0bc07	0	0	0	0	0	0	0	0	0	0	0	0	0	7	0
e5d6c2d2f4c6866cd56555d6bd66ef07	0	0	0	0	0	5	0	0	0	0	0	0	0	0	0
3fd4d6d558b8e55b768fa9c72d757990	0	0	0	0	0	0	5	0	0	0	0	0	0	0	0
d1dc0db02f65b584c2abfc23e802a2c3	0	0	8	0	0	0	0	0	0	0	0	0	0	0	0
b9ca60bba6dd575f231218632279b725	0	0	0	0	0	0	0	0	0	0	0	16	0	0	0
a3f9095f88a1d74adf2aadd610305822	0	0	0	0	0	0	0	0	0	0	0	0	0	0	17
cd86b3a193e6530abbfbe799f4e214a0	0	32	0	0	0	0	0	0	0	0	0	0	0	0	0
ead1daa88888e53c7ea06f64bc225b81	0	0	0	0	0	0	0	0	0	0	0	6	0	0	0
9b990549a99257a66e42d229fd8926ed	0	0	0	31	0	7	0	0	0	0	0	0	0	0	0
8150c941accc67576e5741cbcd198754	0	0	0	0	0	0	71	0	0	0	0	0	0	0	0
db16a38782f33e87a9d0aa5c58b4a7c4	0	0	0	0	0	0	0	37	0	0	0	0	36	0	0
8c8c0015824828abd1d8167c9ec9a8f0	0	0	0	0	21	0	0	0	0	0	0	0	0	0	0
4c9f8d56fc03cb95ec6bc0c8e1188f4d	0	0	0	0	0	0	0	9	0	0	0	0	0	0	0
24b4e093cc6b7834313b06b52d2d1653	0	0	0	0	0	13	0	0	0	0	0	0	0	0	0
3a2d41493d4c8ea725975383a5747b59	0	0	0	0	0	0	0	0	0	0	0	0	0	0	19
a4b493d5bed826af139217d859b135d8	0	0	0	0	0	7	0	0	0	0	0	0	0	0	0
7d1d53c7a8c7e81c910096e2a8f9feb4	0	0	34	0	0	0	0	0	0	0	0	0	0	0	0
1aa55e654c985c8b0d2fd1e41087bf88	0	0	0	0	0	0	0	0	0	0	0	0	20	0	0
7f28113a774609835e3aed0eddb793d9	0	0	0	0	0	0	0	13	0	0	0	0	0	0	0
4846650898900ce78ff8c7d5fc2deac6	0	0	0	0	0	3	0	0	0	0	0	0	0	0	0
4f539ae92bda91ab4ae0363b2805d6ec	0	0	0	53	0	0	0	0	0	0	0	0	0	0	0
0b7f339df9c2fa24f83850307a4e598c	0	0	0	0	0	0	0	0	17	0	0	0	0	0	0
76c5ade89fc104f2738b5db01a88a86f	0	0	0	0	0	29	0	0	0	0	0	0	0	0	0
21e791433ba16bcaede94136ac4b2911	0	0	0	0	0	0	75	0	0	0	0	0	0	40	46
0c637545372084e1359884da7b8599ec	0	0	66	0	0	0	0	0	0	0	0	0	41	0	0
6a008e3dd0e18d16b88e70c9432f12b3	0	0	0	0	0	0	0	11	0	0	0	0	0	0	0
991d8a435f1e478b6703b7fc25d5df70	0	0	0	0	0	0	0	0	0	0	0	0	0	29	0
a05fa0b669e15c62c848d7b5fd90d414	0	0	0	0	0	0	0	5	0	0	0	0	0	0	0
c770567f92172abf7d7e22207ea94843	0	0	0	0	0	0	0	0	0	0	0	0	0	9	0
f23f734e24bea8c180913ba63e380cbf	0	0	0	13	0	0	0	0	0	0	0	0	0	0	0
22900ceec3e05b02e82fc344387f7ceb	0	0	0	0	0	0	0	0	0	0	0	0	0	6	0
891f8cc939e856174db22d951fbcd73f	0	0	8	0	0	0	0	0	0	0	0	0	0	0	0
5562d23d02b3806b60eb1f2cfc4d3f1c	0	0	0	0	0	6	0	0	0	0	0	0	0	0	0
ae0c94fe8f28545d2c1029ee45a687b3	0	0	0	2	0	0	0	0	0	0	0	0	0	0	0
1f1c3ea6e5c5524956d22e15e4ce2ebe	0	0	0	15	0	0	0	0	0	0	0	0	0	0	0
db1e9724df4083368cb1bf8c8c14d976	0	0	0	0	4	0	0	0	0	0	0	0	0	0	0
bcb327d31b97e3b28508f9df23d00584	0	0	0	0	0	0	0	22	0	0	0	0	0	0	0
0889889bb9eeaa40182ee781e5979c87	0	26	0	52	0	0	0	0	0	0	0	0	0	0	0
60c4de8da51d901548e58b9c6bcef4bc	0	0	0	0	0	0	29	0	0	0	0	0	0	0	0
1c8dedbebec6ef23c0eec4f700cb85d4	0	0	0	29	0	0	0	0	0	0	0	0	0	0	0
329c876a60d818e28366f2c0eac7f860	0	0	0	6	0	0	0	0	0	0	0	0	0	0	0
a6aa62021d60f314119118fb476de697	5	0	0	0	0	0	0	0	0	0	0	0	0	0	0
9548b44ce99192186ef13df0ed043914	0	0	0	14	0	0	0	0	0	0	0	0	0	0	0
1403b098f1eeda578b82c85864257862	0	0	0	0	0	0	0	19	0	0	0	0	0	0	0
9bd02d568e4f2d00922693eaf7de24b8	0	0	0	34	0	0	0	0	0	0	0	0	0	0	0
c991ddeb52895b8dd2aa95946c36339b	0	0	0	0	0	0	0	0	0	0	0	0	0	27	0
f338726007d472cdaa7b7c85c3adcd52	0	0	0	0	0	0	0	0	31	0	0	0	0	0	0
af5375519229851e5d8e2837e5645e65	0	19	0	0	0	0	0	0	0	0	0	0	0	0	0
d17a2b4dda53ba37900f9317e921e622	0	0	0	11	0	0	0	0	0	0	0	0	0	0	0
76e014ee85a1f200e69fbd50fbc6787e	0	0	0	0	0	0	0	0	0	0	0	0	8	0	0
f625c20e99c5829cb040a02c54f82474	0	0	0	0	0	0	0	0	0	0	0	29	0	0	0
776be4346ffe266b8a3acd2b501fd008	0	0	0	0	34	28	0	0	0	0	0	0	0	0	0
9ff4c4031402035610dd61ef76f8c02b	0	0	0	41	0	0	0	0	0	0	0	0	0	0	0
2c493d3e70a9f594c96ddf61d5bcccad	0	0	0	71	0	0	0	0	0	0	0	0	0	0	0
036d4cc7f89b6ac925b07d77c7475e15	0	0	0	0	0	0	0	0	0	0	0	0	65	0	0
c3fb05bb766e2a4384a5368b1cbb2ab6	0	0	0	0	0	0	0	0	0	0	0	0	60	0	0
803c7df22587ce3650a3b06069941b19	0	0	0	0	0	0	0	0	0	0	0	0	0	41	0
0fbe5184ffec9e92777061e8c11f5bad	0	63	0	0	0	0	0	40	0	0	0	0	0	0	0
7060525884910f6939273d81056995d9	0	0	0	0	68	0	0	0	0	0	0	0	0	0	0
3d772960d3adebb30fd06c60619d485e	0	0	0	13	0	0	0	0	0	0	0	0	0	0	0
1557991bf73d3d2ff767e593ee8502db	0	0	0	0	0	6	0	0	0	0	0	0	0	0	0
ee2a2f52d73c51cffdbd6cac9205e80f	0	0	0	0	6	0	0	0	0	0	0	0	0	0	0
c20f6cc2c8646e97de1fe9669a782ccf	6	0	0	0	0	0	0	0	0	0	0	0	0	0	0
be9f83c7b5f9d19f20a0714e74e7cb56	0	0	0	2	0	0	0	0	0	0	0	0	0	0	0
2b9878fdfb61455b47ffe4c70c79bbd9	0	0	0	0	0	0	0	0	12	0	0	0	0	0	0
f6c4d771bc52d9f843c6c05016e541ed	0	0	0	0	0	0	0	7	0	0	0	0	0	0	0
6a577e0b9175210953db1a6c3a2a9bb2	0	0	0	0	0	0	0	0	0	0	0	0	0	16	0
793efcdc3d3b08343855940d0c775612	0	0	0	0	11	0	0	0	0	0	0	0	0	0	0
26d6b349d5ef460d95c2d9a52bb2c027	0	0	0	132	0	0	0	0	0	0	0	0	0	0	0
85e04079849d82342dcc24d43d18fb2a	0	0	78	0	0	0	0	0	0	0	0	0	0	0	0
3a3463b03e29b2ea388930b3f6c2f7f0	0	0	0	0	0	0	0	0	0	0	0	0	22	0	0
ff045b83f35ccc7b8dd5e6524c33820d	0	0	0	0	0	0	12	0	0	0	0	0	0	0	0
25a96b933b64c76fbf94366d1e626018	0	0	0	0	0	0	0	0	8	0	0	0	0	0	0
dd2813a39387e2ab05cb5059e577053b	0	0	0	9	0	0	0	0	0	0	0	0	0	0	0
86c15437adecac040f3fd55ed04541c1	0	0	0	0	74	0	0	0	0	0	0	0	0	0	0
5dcdfd90a3cd18501e73e12bde7ecc62	0	0	87	0	0	0	0	0	0	0	0	0	0	0	0
421939df991e5cac8158a17397961025	32	0	0	0	0	0	0	0	0	0	0	0	0	0	0
3d0cf6c273937c40debae94c4cf0d5bc	0	0	0	0	0	0	0	31	0	0	0	0	0	0	0
41ea56422b5d4c74ff782f9d7ae9ac8d	0	0	0	0	0	0	40	0	38	0	0	0	0	0	0
8089808c23a0abe53f37b6044b830690	0	0	0	5	0	0	0	0	0	0	0	0	0	0	0
583dd7e029408f1fe56190a4549d11ba	0	0	0	29	0	0	0	0	0	0	0	0	0	0	0
22999d1ddad1fb5074dd6b5cd61b4f1b	0	0	0	75	0	0	0	0	0	0	0	0	0	0	0
f3f992c5908b2fdc6132d3931662ff41	0	42	0	0	0	0	0	0	0	0	0	0	0	0	0
382184f968e7a463057823bbdfd64d4c	0	0	0	0	0	0	0	0	0	0	0	0	0	21	0
71373dcb4e02771ec90fe4c149b5868c	0	0	0	12	0	0	0	0	0	0	0	0	0	0	0
3705610a25c812773046b608fa9d3ee3	0	0	0	0	0	18	0	0	0	0	0	0	0	0	0
252d227b34719ada772a9cebf27755ce	0	0	0	0	0	0	0	0	15	0	0	0	0	0	0
a998150bcfaec12b93ea375c5ccc2451	0	12	0	0	0	0	0	0	0	0	0	0	0	0	0
1101a23aca173a2a3f852e6407fcbe08	0	4	0	0	0	0	0	0	0	0	0	0	0	0	0
22535d4556c2b687b3c9c7da87ceae14	0	0	0	9	0	0	0	0	0	0	0	0	0	0	0
55694827b6e94864c8b1f53f008c9bbe	14	0	0	0	0	0	0	0	0	0	0	0	0	0	0
76b2acc2bfd32818dda21125e7ec5c68	3	0	0	0	0	0	0	0	0	0	0	0	0	0	0
1fdabba7f1d4f7fc350603251e9637ab	0	0	0	0	0	0	0	0	0	0	0	0	7	0	0
019576257cec87f07a7896e9af68fd5a	0	0	0	0	0	0	0	0	8	0	0	0	0	0	0
cbd4379484632ba2228b8cfc6e1ce6a1	0	0	0	0	0	0	0	0	0	0	0	0	8	0	0
7f721af286a9072c3fd659a4111a51ab	0	0	0	21	0	0	0	0	0	0	0	0	0	0	0
02c31878910310a3b4012b42fdfcaf74	0	0	0	0	0	0	0	0	0	0	0	0	0	25	0
31d2db494b0692c8a4c21778cefb51c9	0	0	10	0	0	0	0	0	0	0	0	0	0	0	0
0febbe732c72c75a6f6b84f870d81c0a	0	0	0	0	0	0	0	0	16	0	0	0	0	0	0
38a991ceb6e7098bfda532ef7c343aa5	0	0	0	0	0	0	0	9	0	0	0	0	0	0	0
483ee99bb6a85eaa54af006ba129ef59	0	0	0	0	0	13	0	0	0	0	0	0	0	0	0
ee37245035e77c4af49a811bfb319c97	0	0	0	0	0	0	0	0	0	0	0	0	0	0	16
a8cc1a2a786eae152bbdfcd9142eb7ae	0	0	0	0	0	0	0	0	0	127	0	0	0	0	0
a29e9fbb4f5293631836fd301705d688	0	0	0	0	0	0	14	0	0	0	0	0	0	0	0
7d622bb8b8559236d2d0a538ab04aba2	0	0	0	0	0	14	0	0	0	0	0	0	0	0	0
0c656ca3e055298c02f3b989e960ce8c	0	0	0	3	0	0	0	0	0	0	0	0	0	0	0
3f26eeacbbdbe7a5aab8f54f0c85b85e	0	0	0	3	0	0	0	0	0	0	0	0	0	0	0
58cfc42a478b6efdba580b051c710882	0	0	0	0	0	0	0	0	0	0	0	0	0	19	0
bcd99768a786a54bea15c78dc2b73bfb	0	6	0	0	0	0	0	0	0	0	0	0	0	0	0
544fd0e6caca026d874cbec10511da55	0	0	0	7	0	0	0	0	0	0	0	0	0	0	0
b3cb5ae09cba3d5a505e02f56eb18203	0	0	0	0	0	0	0	0	0	0	0	0	17	0	0
b98d91221f96b210e5b305480a28cb5f	0	0	0	0	0	0	0	0	0	0	0	0	0	19	0
5918a63864eba9677b81dbeb6cab0c3a	0	0	0	0	0	17	0	0	0	0	0	0	0	0	0
d01f112ae8eb95c5d3a287c845e59669	0	0	0	0	0	0	4	0	0	0	0	0	0	0	0
88fd290cee2e69cd285537596e9e0a61	0	0	0	0	0	0	0	0	0	0	0	0	0	0	35
921d81094637da65a10d9a6dcc287a95	0	1	0	0	0	0	0	0	0	0	0	0	0	0	0
f51217ee464d8b88963ae3d52b67ac43	0	0	0	0	0	77	30	0	0	0	0	0	0	28	0
993d3104d701dbab25ea82ad03fb19a1	0	0	0	0	0	0	0	14	0	0	0	0	0	0	0
3b6703d198486c80cd84ce3f64c0f334	50	0	27	0	0	0	0	0	0	0	0	0	0	0	0
f56ea7571f0f69d0ee5a9a5d6d3d130a	0	0	0	0	69	0	0	0	0	0	0	0	0	0	0
2e217aa3664b03f159e7adc806af44e1	0	0	0	0	0	0	0	0	0	0	0	0	0	0	13
9b03a8003f798ac338de5fb55180ff0c	0	0	9	0	0	0	0	0	0	0	0	0	0	0	0
93b9169585477cf6d2098f16310ea0b4	12	0	0	0	0	0	0	0	0	0	0	0	0	0	0
dbe0ae0381dd61fbe3849d05db8d57be	0	0	0	0	17	0	0	0	0	0	0	0	0	0	0
6a3e3b9cf925fe45413bc5370fef1f12	0	0	0	0	0	0	0	0	0	0	0	65	0	0	0
2c9f316a496073564b5963c745fc7e28	0	0	0	0	0	0	0	7	0	0	0	0	0	0	0
bde84f07338504ef7b984e88b15c9c8c	0	0	0	0	0	0	0	0	0	0	0	5	0	0	0
a7f7e40805ad9a1aef42034914bc1256	0	0	0	0	0	0	0	0	0	0	0	0	15	0	0
18e08db30eff9114f90b88da4cdd0542	0	0	0	0	0	0	0	0	0	0	0	0	0	11	0
ef296bbf0ca97d8e45677f8a22296287	0	0	0	0	0	0	0	0	11	0	0	0	0	0	0
66b97398270f56b807f875827315bdb3	0	0	0	12	0	0	0	0	0	0	0	0	0	0	0
1ab4ed7ed4f1c0602b26a7385ee66f29	0	0	0	0	0	0	8	0	0	0	0	0	0	0	0
79d2974f8c8455dddb2a42c80c81541f	0	0	0	0	6	0	0	0	0	0	0	0	0	0	0
fcdc89043b0873957653208e8679a9a1	0	0	0	0	0	0	0	7	0	0	0	0	0	0	0
cc0b4e4538fd20fcbf5daed0b3ac18b8	0	0	0	0	18	0	0	0	0	0	0	0	0	0	0
2e5a0106658cf9c4d4b58e31bb5b0b36	0	0	0	0	0	0	23	0	0	0	0	0	0	0	0
e5be50e1cf732533a7fac69670b50cbc	0	0	0	0	0	0	0	0	10	0	0	0	0	0	0
aa93aecb37269093ccb323f969880172	0	0	0	0	0	0	0	0	0	0	0	0	0	0	3
18c5373fde2fc90f438e278362542c5a	0	0	0	0	0	0	0	0	0	0	0	0	0	0	7
f0abda055e7323c8ec2f7c3e4dc74205	5	0	0	7	0	0	0	9	0	0	0	0	0	0	0
8265a2070f5b4a57b857693794b9e33c	0	0	0	0	11	0	0	0	0	0	0	0	0	0	0
85c682dd61c9db2e5b31708c834a0309	0	0	0	0	0	0	0	0	0	0	0	0	0	3	0
727946ee9f98289ad32cbb95620d1e1f	0	0	4	0	0	0	0	0	0	0	0	0	0	0	0
1a3305358943738695bac436eb8a395a	0	0	0	3	0	0	0	0	0	0	0	0	0	0	0
7a517c9ba2e92989bf31f115829ff22b	0	0	0	0	0	0	16	0	0	0	0	0	0	0	0
c59ae135fba6fd08c16206452a4f86c5	0	0	0	0	0	0	0	0	8	0	0	0	0	0	0
02e9512ed0a2b3b50c77e95c12f4012c	0	0	0	11	0	0	0	0	0	0	0	0	0	0	0
79bc3c88f1bcd8511bb37781f8c402c0	0	0	0	2	0	0	0	0	0	0	0	0	0	0	0
09cd99f19c1f9fdc7b81891d36915e9c	0	0	0	6	0	0	0	0	0	0	0	0	0	0	0
f19f751bf77581d2f753ad9a1ee315f9	0	0	7	0	0	0	0	0	0	0	0	0	0	0	0
efe5b54a24024888246120372bf1f06f	0	0	0	0	0	3	0	0	0	0	0	0	0	0	0
8bb6e1e7722ff000e9a0b1e72dba21a7	0	0	0	0	0	0	0	0	0	0	0	0	14	0	0
73debb87197c1480a16407b4bb502b94	0	0	0	3	0	0	0	0	0	0	0	0	0	0	0
2ef50874f483784095d13e45c24688b7	0	0	0	5	0	0	0	0	0	0	0	0	0	0	0
ce4c12a0b60611ac8e0ef928d2c071c0	0	0	0	13	0	0	0	0	0	0	0	0	0	0	0
bb8c782cec08043d56197e64ff77b127	0	0	0	0	0	0	0	0	4	0	0	0	0	0	0
2cba04dc1a26f19d7926fc8f57264378	10	0	0	0	0	0	0	0	0	0	0	0	0	0	0
1fdee7d96d54ac78f6a63bc0eb0b5726	0	0	0	0	0	0	0	0	0	0	0	0	4	0	0
5a0447eeae57c8c4bed74eb6423280dc	0	0	12	0	0	0	0	0	0	0	0	0	0	0	0
fc4af7ee223e730cf2c1a6596d8b2aca	0	0	0	0	0	0	0	10	0	0	0	0	0	0	0
0452fe1d13cf709580a3256537796456	0	0	0	0	0	20	0	0	0	0	0	0	0	0	0
2893e00074221142ac843566474d817f	0	0	16	0	0	0	0	0	0	0	0	0	0	0	0
2e8474d42821cb665ac2df5bea9df9f3	0	0	0	0	0	0	0	0	0	0	9	0	0	0	0
0ecba7ba161912bb1d893fd2145ac34c	0	0	0	0	0	0	5	0	0	0	0	0	0	0	0
16af19dd5e3c46c172447bc6878b133f	0	0	0	0	0	0	0	0	0	74	0	0	0	0	0
bdef16ae11b3826a44ce36db4a699f7c	0	0	0	0	0	0	0	0	0	0	8	0	0	0	0
fccb59249f6317102f56d0b338542e2d	0	0	0	0	0	0	0	0	0	6	0	0	0	0	0
9dbe7c285fb5006e3687aa11814d4ba6	0	0	0	0	0	0	0	0	0	0	43	0	0	0	0
6a239b74c88485eca71ae240b023e66c	0	0	0	0	0	0	0	0	0	0	0	0	0	18	0
5b58ffd055e44a646cf1b010adac7e6e	0	0	0	0	0	0	0	0	0	70	0	0	0	0	0
2b7ba6ffe9b41c90ed62bf8aa3a79208	0	0	0	0	0	0	0	0	0	63	0	0	0	0	0
8e9b4897cbe25e1048a3cbcc1d94bd80	0	0	0	0	6	0	0	0	0	0	0	0	0	0	0
2fd4a92955f87165c983c83963801d68	8	0	0	0	0	0	0	0	0	0	0	0	0	0	0
0739a6f842f8ae700fcb8720bcbf857c	0	0	0	15	0	0	0	0	0	0	0	0	0	0	0
c60605504fc5f93b8e7ad43a443ba81b	0	0	0	0	0	13	0	0	0	0	0	0	0	0	0
f70ec4ce25076564c4f1f4d86ea001cc	0	0	0	5	0	0	0	0	0	0	0	0	0	0	0
532cdfbf63bb32fb9c8f776cfe607487	0	0	0	0	0	0	0	0	0	0	11	0	0	0	0
3c1ccec21c137977bb1c893957e7a97f	8	0	0	0	0	0	0	0	0	0	0	0	0	0	0
549369bb42838f7ae05944e1c38fa0af	0	0	0	0	0	0	0	0	0	0	5	0	0	0	0
3920e3a995fe5cf3f60b533607f60c8e	0	0	0	0	0	0	0	0	0	152	0	0	0	0	0
1c94b885cd63f4186478d864cf1508e3	0	0	0	0	0	0	0	0	0	36	0	0	0	0	0
9cd043323b51b9770c7c600e54a8e4da	0	10	0	0	0	0	0	0	0	0	0	0	0	0	0
7b696159709e856437ab3cebf08233c2	0	0	0	0	0	3	0	0	0	0	0	0	0	0	0
975b2e826591ff481d25f4d47cc6156d	0	0	0	0	0	0	0	0	0	0	0	0	15	0	0
7e014bf9a6ab5ea2ddc4fd6987af4af6	0	0	13	0	0	0	0	0	0	0	0	0	0	0	0
3d21a25531b4932fac0bdf3dcde5d647	0	0	0	13	0	0	0	0	0	0	0	0	0	0	0
24ac3af4519443c9886ef8a427ed5819	0	0	0	0	0	0	0	0	0	27	0	0	0	0	0
99af3074d6bd880c9ff496a2747c83df	0	0	0	0	0	0	0	0	0	0	0	0	25	0	0
17557ac7d42e037048b044012379674f	0	0	0	0	0	0	0	0	0	77	0	0	0	0	0
be68f284c6b897c4826181294ac15d7b	0	0	0	0	0	0	15	0	0	0	0	0	0	0	0
8f223973c24ba4cdd5eed5b02af03df0	0	0	0	0	0	0	0	0	0	0	0	0	0	0	20
4ae18118af07d65c87ecffb75f214137	0	4	0	0	0	0	0	0	0	0	0	0	0	0	0
e2f775addc82fc75f6355860119d7d79	0	0	0	0	0	0	0	0	0	0	0	0	0	0	19
66316b56a6a1fd414127680a100def5e	0	0	0	0	4	0	0	0	0	0	0	0	0	0	0
ff1aa3e38b380696348f14578f605e98	5	0	0	0	0	0	0	0	0	0	0	0	0	0	0
6b1f40a9ad97381606810d2aa08285f3	0	0	0	0	0	0	0	0	0	0	0	49	0	0	0
c62405175da2b0bc9a3c3047280dca0d	0	0	0	0	0	19	0	0	0	0	0	0	0	0	0
aeef80276c3d5561d3f8499afe50f82e	5	0	0	0	0	0	0	0	0	0	0	0	0	0	0
7542ffa7b7180c1ec942efc3dddb32e9	0	0	0	0	9	0	0	0	0	0	0	0	0	0	0
723e43bc2bf0cd3323336fd6f245ef8f	5	0	0	0	0	0	0	0	0	0	0	0	0	0	0
f43f2a4227010d4271841677661c0338	0	0	0	0	0	0	0	0	5	0	0	0	0	0	0
e7681381568062762fa07c03fd87d2bb	0	0	0	10	0	0	0	0	0	0	0	0	0	0	0
3d9fc567550a90a6dd71fd5e8346ed57	0	0	0	0	0	0	0	0	0	0	0	0	0	6	0
a4c6eeb7b4337302cc680bbbea4fd1bd	0	0	0	0	0	0	0	0	0	0	0	0	41	0	0
dd4934b71a21d0795bae2347547a1e80	0	0	0	0	0	0	0	0	0	0	0	0	7	0	0
f66b024590169f1d65ccf5ecea25bc56	0	0	0	0	0	0	0	0	0	0	0	0	0	27	0
52ff9f540c376e56f66c50783518ade4	31	0	0	0	0	0	0	0	0	0	0	0	0	0	0
93fd7dd7a977280ebe14b9766513c98c	0	0	0	0	0	33	0	0	0	0	0	0	0	0	0
a6e5b5aa24883f4d5163cc35dfcd8e6d	0	0	0	0	0	0	0	0	0	0	0	0	37	0	0
ce60ef7631ea26ad24e86699a5b5d8c5	0	0	0	0	0	0	32	0	0	0	0	0	0	0	0
ab695d286bb956c5f9e915333d68d301	0	0	41	0	0	0	0	0	0	0	0	0	0	0	0
a087f102256da161ba98950c75ebb967	0	0	0	0	44	0	0	0	0	0	0	0	0	0	0
f500f9a019e2f0f5062c95840ffaa57c	0	0	0	0	0	0	0	0	0	0	0	40	0	0	0
274dfeef8952e7ce87a80d857a98a6af	0	0	0	7	0	0	0	0	0	0	0	0	0	0	0
6d214a4d894f8e6dd6aa26a89f61d11d	4	0	0	0	0	0	0	0	0	0	0	0	0	0	0
22ed0d1d6b6cb954d559c7d1f4ab1d03	0	0	0	0	0	11	0	0	0	0	0	0	0	0	0
dc4377228a69b82237fbf1915ef96dc3	0	0	0	0	0	0	0	0	0	0	0	0	0	14	0
692c1707da5cf5ba5a6e9ebba35216a8	0	0	0	0	0	0	0	0	0	0	0	9	0	0	0
2178e1d1bf46ae86212ffce50e06d26b	0	0	0	0	0	0	0	0	0	0	0	0	24	0	0
e154df512befbb7f693887f2247d2d65	0	0	0	7	0	0	0	0	0	0	0	0	0	0	0
c1aa98a222a70be1cbef470bd9d9f85c	0	0	19	0	0	0	0	0	0	0	0	0	0	0	0
bbdee8903ec1153e781d815a76d4b0d7	0	0	0	0	0	0	0	0	0	0	0	0	16	0	0
83cd36372415cf3a224959462e9bbfd7	0	0	0	0	0	0	4	0	0	0	0	0	0	0	0
c3d72280167fb0db15987fe95a1e546d	0	0	0	4	0	0	0	0	0	0	0	0	0	0	0
b122c4495ba5141c5dfce75da18dc240	0	5	0	0	0	0	0	0	0	0	0	0	0	0	0
f889b3579107f31ebd87d5308235348b	0	0	0	0	0	0	0	0	0	0	0	16	0	0	0
6ff32aa0a196a0a4464249a0881a7f05	0	0	0	0	0	6	0	0	0	0	0	0	0	0	0
63df4b9476a31d2cdacfbade809fea3f	0	0	5	0	0	0	0	0	0	0	0	0	0	0	0
753d79a4438a08edee887a1fc9057c74	0	0	0	0	0	0	0	0	8	0	0	0	0	0	0
828cb2236bb793631e9c2416772eb29d	0	0	0	6	0	0	0	0	0	0	0	0	0	0	0
c801dd51880b2c7be59ac621bbf0a33c	0	0	0	0	0	0	10	0	0	0	0	0	0	0	0
74c6fd3a269946e69f8d8c72b197cb2b	0	0	11	0	0	0	0	0	0	0	0	0	0	0	0
5d373ea3863d894527423846a27d4933	0	0	0	0	0	0	0	0	0	0	0	0	0	0	9
a757348fd7bbd87a6a917bbc165d9701	12	0	0	0	0	0	0	0	0	0	0	0	0	0	0
b4881ea35c8ec7b761042ac22896caa5	0	0	0	9	0	0	0	0	0	0	0	0	0	0	0
696e01ad45a95e6447ba0dd78beddff6	0	0	0	0	0	0	0	0	0	0	0	0	24	0	0
c6874fd364eb3af220a5d65f8b8b67c4	0	0	0	16	0	0	0	0	0	0	0	0	0	0	0
72024fa833877a7e6bee06ab5ef222cc	0	0	0	0	0	0	0	0	0	0	0	0	10	0	0
6d515b313a0745fed0be59b585d32970	0	0	0	0	0	0	0	0	0	0	0	0	0	16	0
9db02bd093093a3ed479ba96085fcb42	0	0	18	0	0	0	0	0	0	0	0	0	0	0	0
99e179a9129acfe05acefc27d0169b4c	0	0	0	11	0	0	0	0	0	0	0	0	0	0	0
1828e32f57b1deae3c40f940f3554c74	0	0	0	4	0	0	0	0	0	0	0	0	0	0	0
3fcf09f19a0bd9baf47ec94e1c66f3a2	0	0	12	0	0	0	0	0	0	0	0	0	0	0	0
0d44d46dbc787b48f76bc6b457266d5a	0	0	0	0	0	0	0	0	0	0	0	0	0	0	8
043fa46fc4ec17f13767d8595a8b9365	0	0	0	20	0	0	0	0	0	0	0	0	0	0	0
b0a45cbbd64381c60ffc3dbe80b4b948	0	0	0	0	0	0	0	0	0	0	0	0	0	0	18
ec55ae4a83512f1ea1aeb27e151d8ccd	0	0	0	0	7	0	0	0	0	0	0	0	0	0	0
4d5aafc6aa35c6a3c9c30007f4674bfe	0	0	0	0	0	0	0	0	0	0	0	0	0	10	0
fe931c30e46bfc0307deb4428e87c998	0	0	0	0	0	0	0	0	0	0	0	0	0	17	0
3d6382474ffe951fb10d9bfa288107be	0	0	0	0	0	0	0	0	0	0	0	0	13	0	0
8f1d9ec0064334d11f161b704a05bd5e	0	0	0	9	0	0	0	0	0	0	0	0	0	0	0
2e134280dbdff76bafe20702f97df897	0	0	0	10	0	0	0	0	0	0	0	0	0	0	0
e4fb763147629cc5e56c103d8f53e936	0	0	19	0	0	0	0	0	0	0	0	0	0	0	0
a6d9a908c9e623f1394abd4afbe42c79	0	0	0	0	0	0	0	7	0	0	0	0	0	0	0
26e74ad784fc89fd649e59b09fb086ba	0	0	0	0	0	0	9	0	0	0	0	0	0	0	0
0d49da941dd6d935aee79bc9dbecacb8	0	3	0	0	0	0	0	0	0	0	0	0	0	0	0
7298b3b154e875c209c8f9284db54b0a	0	0	0	3	0	0	0	0	0	0	0	0	0	0	0
33a862e42d98169cdc70dc230fed41c0	0	0	0	0	0	0	0	0	0	0	11	0	0	0	0
04d2e0bb46d020024a5b8badf52408d4	0	0	0	8	0	0	0	0	0	0	0	0	0	0	0
375b44d6e23c2ed65027eb6fd1e7ad31	0	0	0	0	0	0	0	0	0	0	0	15	0	0	0
5a237590020266919e24c89c5f7eb269	0	0	0	10	0	0	0	0	0	0	0	0	0	0	0
ecbc0fc79bd9eb37c7bdb3eeeb884204	0	0	48	0	0	0	0	0	0	0	0	0	0	0	0
f29bf5928b0c3494d5b8ca295337e7f5	0	0	0	0	0	0	0	0	82	0	0	0	0	0	0
a5572921921c1f7ab0afe337aa4bd43b	0	0	0	0	0	72	0	0	0	0	0	0	0	0	0
e5dfbed8203926c16153b3ca978c14f2	0	0	0	0	116	0	0	0	0	0	0	0	0	0	0
4291ff048ca78fed46ca96af1c36b994	0	0	0	0	0	0	0	0	0	0	0	37	0	0	0
dfd05a952df6425b7032b2b939629cca	0	0	0	0	0	111	0	0	0	0	0	0	0	0	0
cc6334e858fa6cd516dbcd48bf0cecc6	0	0	0	0	54	0	0	0	0	0	0	0	0	0	0
a9233c00d4aa638a2176912cd6fc8adc	0	0	0	0	0	0	0	0	0	0	0	0	6	0	0
d1990cbd92dc8a89c93cdec5e1c8f4cd	0	0	0	10	0	0	0	0	0	0	0	0	0	0	0
e936ec98c81a8f2eddefc572070eeb52	0	0	0	0	0	0	0	0	0	0	0	0	0	18	0
b822ba05a6ea4babdd1bb52c011b01b2	0	0	0	0	0	0	132	0	0	0	0	0	0	0	0
da530d9e8a186ed1be6c412d186bdaea	0	0	0	0	0	0	0	28	0	0	0	0	0	0	0
e4379b16103f3e1b9987bc0744bf6d67	6	0	0	0	0	0	0	0	0	0	0	0	0	0	0
ccc1297339326548c62d0ad3a0415630	0	0	0	4	0	0	0	0	0	0	0	0	0	0	0
48daed539d1855d4e52e519627dde5da	0	0	0	4	0	0	0	0	0	0	0	0	0	0	0
d122e680de66119e817468a68604656b	0	0	0	5	0	0	0	0	0	0	0	0	0	0	0
7b61d88ac38cd87ac9d46c8c7dea04f7	0	0	0	0	0	0	39	0	0	0	0	0	0	0	0
b4d25739bcf8c805016676534247ecd5	0	0	0	0	0	0	0	0	0	0	101	0	0	0	0
12a84195215e08e5ecc320d87da20baf	0	0	0	0	0	0	14	0	0	0	0	0	0	0	0
ee1ebf1011e224f2f9e883499da145a1	0	0	0	0	0	0	0	0	0	0	0	0	12	0	0
06b3590c79edf5bc794db91d710fae06	0	2	0	0	0	0	0	0	0	0	0	0	0	0	0
7c4fa0349d8971e2977f9ce7400750e5	0	0	0	0	0	0	0	0	0	0	0	27	0	0	0
fe2fbfc2088a9834f2d8abafe7d37808	0	0	9	0	0	0	0	0	0	0	0	0	0	0	0
fa0bc92380f2e4c40589bffd69a59508	0	0	0	0	0	0	0	0	0	0	0	0	0	0	7
9e7622795e8f2bbf392ed7877c7d59ed	0	0	0	0	0	9	0	0	0	0	0	0	0	0	0
f2debc0e2b544605bea83f4ce0b15889	0	0	0	0	0	0	0	0	0	93	0	0	0	0	0
56148c6b14f794b7639a27fe3e36ffd2	0	0	5	0	0	0	0	0	0	0	0	0	0	0	0
6e1f400ea9748ee413105b703bb72d79	0	0	0	0	0	0	0	0	0	0	0	0	7	0	0
b1e7cdcda9e550353413ac8cd2d61012	0	0	0	0	0	0	0	0	0	0	0	0	11	0	0
9ed4601f0a2dbdb4993eab3b93c4c50f	0	0	0	5	0	0	0	0	0	0	0	0	0	0	0
bdeee312eb263268fd085b0fa07b87a0	0	0	0	0	0	8	0	0	0	0	0	0	0	0	0
72e10b05d2a5be7274b973814c16484e	0	0	0	0	0	0	0	0	0	0	55	0	0	0	0
e4864e76ee471c47c90a3e83e6bce1ae	0	0	0	0	0	0	0	0	0	0	0	8	0	0	0
2f05125a59be6283059596738ef12f9a	0	0	12	0	0	0	0	0	0	0	0	0	0	0	0
3f8a308f13dd40e4c17576acb98428a8	0	6	0	0	0	0	0	0	0	0	0	0	0	0	0
514139b5ffe89edb9195f32a02c9170d	0	0	0	0	0	18	0	0	0	0	0	0	0	0	0
c5d9e7906df019c007f2b0ad364c0189	0	0	0	0	0	0	25	0	0	0	0	0	0	46	0
d1894f361cc25734384851c7958753bc	0	0	0	0	15	0	0	0	0	0	0	34	0	0	0
3766386c5b65c06ae207763ba7e3a5cd	0	0	0	0	0	0	0	0	7	0	0	0	0	0	0
35e49464aef35251233be164d713c784	0	0	0	0	0	0	0	0	0	0	0	0	0	0	10
05f5fe65d0c53363b12115b1f1c3aa01	0	0	0	4	0	0	0	0	0	0	0	0	0	0	0
93d56e704400bfc3a4bf6926b77f7a2b	0	0	6	0	0	0	0	0	0	0	0	0	0	0	0
d2e7f56889cfc93acf4c894baf81e610	0	17	0	0	0	0	0	0	0	0	0	0	0	0	0
727443b69cbb1a3e52590c69fd26c284	0	0	0	0	0	0	0	35	0	0	0	0	0	0	0
136784f10a5d447f3a13ab92a14d554e	0	0	0	0	0	15	0	0	0	0	0	0	0	14	0
a3c7b2e2e2b6a2b46c49c10de5314fbf	0	0	0	0	47	0	0	0	0	0	0	0	0	0	0
e84c7217fa6afe566508420e6c658b5a	0	0	39	0	0	0	16	0	0	0	0	0	0	0	0
dd366575132381db81d49f77fe84a424	15	0	0	0	0	0	0	0	0	0	0	0	0	0	0
9e6095234aaf7827ead18a21172cf1e4	0	0	0	0	0	0	0	0	43	0	0	0	0	0	0
ba2d4498c4af27047e0694947091ecce	0	0	0	0	0	0	0	0	0	0	103	0	0	0	0
b77cc6d62078043d8b18542461dbe2db	0	0	0	0	0	0	0	0	3	0	0	0	0	0	0
f5180ac40b3fdf9aecaf875bfb3d32fe	5	0	0	0	0	0	0	0	0	0	0	0	0	0	0
c5ac314620a7d68507ad3e48e9ed359a	0	0	0	0	2	0	0	0	0	0	0	0	0	0	0
6555a0e664e40934c0ba547e99155498	0	0	0	0	0	0	0	0	0	0	0	0	7	0	0
7795997ddfd938eead42a5257a7377d7	0	0	0	0	0	0	0	0	0	0	0	0	17	0	0
81444d7bfd29546decefc89442ac12c0	0	0	0	0	0	0	13	0	0	0	0	0	0	0	0
3bbf1863d2e8f16bf7238e0964d59223	0	0	0	2	0	0	0	0	0	0	0	0	0	0	0
7fa2a74c27228ccf6c7b59f60a68b9d0	0	0	0	0	0	0	0	0	0	0	16	0	0	0	0
b1c0dec913e45e623dbd5e6cbe142b9f	0	0	0	0	0	0	0	0	0	0	11	0	0	0	0
696875b3cb17c0b7f42cbbc852388134	0	0	0	0	0	0	0	0	0	0	21	0	0	0	0
001520360f8544ff5c41841682fbbafe	0	0	0	0	0	0	0	0	0	0	173	0	0	0	0
f005015d5129337369738644cb6871c1	0	0	0	0	0	0	0	0	0	0	0	0	15	0	0
8a02f73036e987b68c35cdddc600009b	0	0	0	0	0	0	0	0	0	0	0	0	0	11	0
08bfd68260b4a913d199f1b584624055	0	0	0	0	0	6	0	0	0	0	0	0	0	0	0
d1fe46e935771fa8d0ca0af655203c75	0	0	0	0	0	13	0	0	0	0	0	0	0	0	0
3e9b6ee43be06f0d47f2cc6faaab82e9	0	0	0	0	0	0	0	0	0	0	0	0	0	9	0
5009ea4700cab809c403ccceeb6ee155	0	0	0	0	11	0	0	0	0	0	0	0	0	0	0
606dbc322f7c7961fdb47f485ba91dd8	0	21	0	0	0	0	0	0	0	0	0	0	0	0	0
6e8b4a3fff454bd6b713a8c0a4df6fcb	0	0	0	0	0	0	0	0	0	0	0	0	0	0	13
ad0932b6ef0d36452bfe847caa576aa0	0	0	0	0	0	0	0	0	0	0	38	0	0	0	0
21cb6fb72b5fd2627283e95af9a10c69	0	0	0	4	0	0	0	0	0	0	0	0	0	0	0
068e69bc83084f6ebfc8f7b4b111c1cd	0	0	0	0	12	0	0	0	0	0	0	0	0	0	0
66dbe627c6dcbe1da498f0af133ef747	0	0	0	0	0	0	0	0	0	0	0	5	0	0	0
98ba74ecb601c13a643063383634b6eb	0	0	0	0	0	0	0	0	0	0	0	0	0	25	0
f2f96598cce18daa2222d2de6366618a	0	0	26	0	0	0	0	0	0	0	0	0	0	0	0
a5c37f122820d041e82ca0a203dfd630	0	26	0	0	0	0	0	0	0	0	0	0	0	0	0
81447aaa6dc738e503dc176ca322849e	0	0	0	0	0	0	0	0	0	0	0	0	0	17	0
648f52d66b3cf5a136f7457140a10bd8	0	0	0	0	0	0	0	0	0	0	0	0	0	0	21
cc219aa24b9ac79114b44d81fe0176e0	0	0	0	0	0	0	0	0	0	0	0	0	0	0	5
cd06c2ef680f895ae945b470fcd27788	0	0	0	0	0	0	0	0	0	0	92	0	0	0	0
b8380622edc38be59cfe16bca1d1598b	0	0	0	0	0	0	0	0	0	0	0	0	0	5	0
4e5df0dd1c53eb5298cad86f3a34044c	0	0	0	0	0	0	0	0	0	0	329	0	0	0	0
533c78bc07f389220220f6756aa98ff7	0	0	0	0	0	16	0	0	0	0	0	0	0	0	0
88761cfd2522d2d7bdfe3cb40b44c68a	0	0	0	0	0	0	0	0	0	0	0	0	0	0	6
1f39b5ff6deadb099835cfb67665eba9	0	4	0	0	0	0	0	0	0	0	0	0	0	0	0
14c33677b37768ab69e9d27d3185926a	0	0	0	0	0	0	0	0	4	0	0	0	0	0	0
4baad955edcf659fd11d496817bfef8b	0	0	0	0	0	6	0	0	0	0	0	0	0	0	0
ee9470f20a15279a596a80452168f12c	4	0	0	0	0	0	0	0	0	0	0	0	0	0	0
149a0bf091dbc269e6c8d79ea7889c69	0	0	0	0	0	0	0	0	0	0	83	0	0	0	0
102a590d3c480841cfa58c7e41043f02	0	0	0	0	0	0	0	0	0	0	26	0	0	0	0
35e25d93f90ccca802247659f2b53f36	0	0	0	0	0	0	0	0	0	0	66	0	0	0	0
352797e646fae6f8b068d6979523d9d4	0	0	0	0	0	0	0	3	0	0	0	0	0	0	0
6217c19779f44f8b54c6f088e2c6bc51	0	0	0	0	0	0	0	0	0	0	31	0	0	0	0
d54df50388008d11521cd95e5abca56f	0	0	13	0	0	0	0	0	0	0	0	0	0	0	0
5772e34ed19ba6d7506f1706b14935e4	0	0	0	0	0	0	0	0	0	0	0	0	0	33	0
f285d305b5253bfcce7769a68ce61b2e	0	0	0	0	0	30	0	0	0	0	0	0	0	0	0
4f2ad6caf969ad8095e52785b0a3bcd6	12	0	0	0	0	0	0	0	0	0	0	0	0	0	0
faf26dc9750b97d1c47cd8bcce45bcda	0	39	0	0	0	0	0	0	0	0	0	0	0	0	0
1bc22d3bb6501ab4e87d2f56c2a0a2d2	0	0	0	0	0	0	0	16	0	0	0	0	0	0	0
f11b92f015eb0e64589e297fbdbc13ef	0	0	0	0	0	0	5	0	0	0	0	0	0	0	0
d0fa68ba2f1e1be656a9aedf5b7cd6c5	0	0	0	0	32	0	0	0	0	0	0	0	0	0	0
32891f2bd7a788c5e1bbd893dfaa7ead	0	0	0	0	8	0	0	0	0	0	0	0	0	0	0
bd769e792163cc4e8230560c17b8b2a5	0	0	0	7	0	0	0	0	0	0	0	0	0	0	0
fcc05c3e7bf827121abf355abe3d65e4	0	0	0	0	0	0	0	0	9	0	0	0	0	0	0
5afff150c49066f73a85519224d7a50a	0	0	0	0	0	6	0	0	0	0	0	0	0	0	0
7ad4694680d8fd831b5dca973f9151e0	0	0	0	0	0	0	0	0	24	0	0	0	0	0	0
224bad16156f26dccede6fb21941b68b	0	0	0	0	0	0	0	0	0	0	0	0	0	0	25
25e8c58226994b619315c5e0cbca2ebb	0	12	0	0	0	0	0	0	0	0	0	0	0	0	0
df4c85677a0bba04f974fde25673ec52	0	0	0	0	0	0	0	5	0	0	0	0	0	0	0
ad684b8f363ef25b8317d9a4284d985a	0	0	0	0	0	18	0	0	0	0	0	0	0	0	0
05592bb5ca217e32b464e633e23404e1	0	0	0	12	0	0	0	0	0	0	0	0	0	0	0
4708fee6d55cfe97d101000c80d3ed94	0	0	0	0	0	0	0	0	0	0	0	0	17	0	0
054deab1bf709d14a8e604315bc43f27	0	0	0	0	25	0	0	0	0	0	0	0	0	0	0
a4c476c99129352f071a9f194363e8f9	0	0	0	0	0	16	0	0	0	0	0	0	0	0	0
d591f36a3366658de5af74ce1d55fe30	0	0	0	0	8	0	0	0	0	0	0	0	0	0	0
6b7d6c8fc0cf12907bb4ee1f81b7aa3c	0	32	0	0	0	0	0	0	0	0	0	0	0	0	0
17ac1d192ed908ff8e4b9debf8347b20	0	0	0	0	0	0	0	0	0	0	0	0	0	35	0
f51f964506d4467acedc9854085c252a	2	0	0	0	0	0	0	0	0	0	0	0	0	0	0
2136beecc53434cf92d70ea4648eddcf	0	0	0	0	0	10	0	0	0	0	0	0	0	0	0
d77a7f4dae809cfa4126ef9cacd3bcd0	0	0	9	0	0	0	0	0	0	0	0	0	0	0	0
f362a40ff9e5bb57cf0418f81db57127	0	0	0	0	0	0	0	0	0	0	0	0	0	13	0
3902ddbf2fac47e2818d612a79f47450	0	0	0	0	0	0	0	0	0	0	0	0	7	0	0
323ed3df5e1001d3eab4dfcc29d4ea23	0	0	5	0	0	0	0	0	0	0	0	0	0	0	0
ba2c692c2b8eb0dae355c74ff6cc55a7	0	0	0	0	0	0	0	0	0	0	0	0	0	0	2
569e0389231438cac6832997752498fc	0	0	0	0	0	0	0	0	0	0	0	0	9	0	0
a69df56100b04375b2b721637e1ceb96	0	0	0	0	0	6	0	0	0	0	0	0	0	0	0
78a3a3e47a2abc37952e3334c3adcb12	0	0	0	0	0	0	0	0	0	0	0	0	3	0	0
26918d617d0c2df05c38c84375bf2ada	0	0	0	5	0	0	0	0	0	0	0	0	0	0	0
1a608b0af4f8dc92bdee47f655de76df	0	0	0	0	0	0	0	0	0	0	0	0	0	0	13
cbad9b3f16a427d4f561836c33fb0d1f	0	11	0	0	0	0	0	0	0	0	0	0	0	0	0
4d819dfdecdacb2e1ddd56de83a9d9bd	0	0	17	0	0	0	0	0	0	0	0	27	0	0	0
241e656bb1580cda5a6d10797ed422c4	0	0	0	0	0	27	0	0	0	0	0	0	0	0	0
e3541f72470e675298a5c845f5a360b5	0	0	0	0	0	0	0	0	0	0	0	0	0	16	0
a3f35e6c911256e52b687cceb8deadf0	0	0	0	0	0	0	14	0	0	0	0	0	0	0	0
5a917d18ef086528807e0e4b1e181e0a	0	0	0	0	0	0	0	0	0	0	0	0	0	18	0
04953f5313c6241398b361da7c2c942a	0	0	0	0	0	0	0	0	0	0	0	8	0	0	0
88795de84369881a4c03d332e229f481	0	0	0	0	0	130	0	0	0	0	0	0	0	0	0
be408a0949fb491448c0c89aefcedf82	0	0	0	0	0	0	0	16	0	0	0	0	0	0	0
b59bb1a832d73ff0547d8703902c5399	0	0	0	0	0	0	0	0	15	0	0	0	0	0	0
7ce58128eebe5edff9f07965762e7334	0	0	0	0	0	0	0	0	0	0	0	0	0	33	0
8158246177065c1d405f17f0fb3534e6	0	0	0	0	0	0	0	0	0	0	0	0	14	0	0
108135525fecf22213754cc77239ec53	0	0	9	0	0	0	0	0	0	0	0	0	0	0	0
87dbcb944c64c81c184bc5d38683143c	0	0	0	0	0	74	0	0	0	0	0	0	0	0	0
0dff0b785aa86b8c665ffbe708c1d551	0	0	0	0	0	0	0	0	0	0	0	0	35	0	0
983c4d70f57ab48806d49313655311e2	0	0	0	0	37	0	0	0	0	0	0	0	0	0	0
0c3b20670427db95cf2b7fccc90c326f	0	0	0	0	0	0	0	0	0	0	0	0	91	0	0
762d6ffeba710b83eb314e595775a219	0	0	143	0	0	0	0	0	0	0	0	0	0	0	0
a02ee7d04fb60c2ab51c653b9edc963d	0	0	0	86	0	0	0	0	0	0	0	0	0	0	0
d264d1015f2dbd74ae3c6dabc30183e8	0	29	0	0	0	0	0	0	0	0	0	0	0	0	0
3012c468f8bdbdf6179b17c62508ceed	0	0	0	0	0	0	0	0	37	0	0	0	0	0	0
ceaed47ba6c8374463ccdc005d5108d3	0	0	0	0	0	0	0	27	0	0	0	0	0	0	0
840be78a3e9acc5e952b7ae33e6341f8	0	0	0	0	0	0	0	0	0	0	0	0	0	0	20
73ead03e06aa7ba346945ee4d5fce72a	0	0	0	44	0	0	0	0	0	0	0	0	0	0	0
c03d887a4296a67467bd4c7aacc6b2cf	0	0	0	0	0	0	0	0	0	0	0	0	0	0	33
45472cf3e34652c0b2558c0b34456346	0	0	0	0	0	0	0	0	4	0	0	0	0	0	0
8063b39ccab7764a2c7df7aac244f647	0	0	0	0	0	0	0	0	0	0	0	0	28	0	0
040a4da9d6d05fda4ec548dafd7880e6	0	0	0	0	0	0	0	0	0	0	0	0	0	10	0
2981c2c73bf7d7a28b34fb04a36b08a3	0	0	0	0	0	0	0	0	0	0	0	0	0	0	15
58d4243119938667d033a6de750c2559	0	0	0	0	0	15	0	0	0	0	0	0	0	0	0
81133bfc5e438838ff0d2777fd698a97	0	0	0	0	0	0	5	0	0	0	0	0	0	0	0
ff2fbdc38bded7f1e91c42d5582a6860	0	0	0	0	5	0	0	0	0	0	0	0	0	0	0
eafef2f6815cf6c40df8efccee4be6f4	0	0	0	0	0	0	0	0	0	0	0	22	0	0	0
07ca52dbabde010a83560b26f22c2f65	0	0	0	0	0	0	0	0	0	0	0	0	0	57	0
9669307d40840fddf555c339f14fd558	0	0	0	0	0	0	0	0	0	0	0	0	27	0	0
8926dbc90f91a2c3c25f7c166351d08f	0	0	0	0	0	50	0	0	0	0	0	0	0	0	0
f7031ddc573451792e1e2542cb07b0f5	41	0	0	0	0	0	0	0	0	0	0	0	0	0	0
cfc902f980a86c32da63a1c3f8fe0c92	0	0	0	0	0	0	0	0	0	0	0	43	0	0	0
cca15e363744d071f906facd9bf407af	0	0	22	0	0	0	0	0	0	0	0	0	0	0	65
b7e602c947794773e9733d75b2707b8d	0	0	0	0	0	0	0	55	0	0	0	0	0	0	0
60c8f0dbbe1baddc4df8445388c22823	0	49	0	0	0	0	0	0	0	0	0	0	0	0	0
cb4aa257be247ecd9c6840aa20ad6969	0	0	0	15	52	0	0	0	0	0	0	0	0	0	0
609b82cb27a2a2e9a6bd74ba337c54c7	0	0	0	0	0	0	26	0	0	0	0	0	0	0	0
345950690790b4772226d2482711432c	0	0	0	0	0	0	0	0	59	0	0	0	0	0	0
ef9ab0ca9f183f699a54765a492eea49	0	0	0	0	0	0	0	0	0	0	0	0	20	0	0
45a98c8ce7539aa4304b59cf68a47602	0	0	0	4	0	0	0	0	0	0	0	0	0	0	0
23de2175822c8724ba5127b9d5f004fc	0	0	0	0	0	0	0	0	0	0	0	0	0	14	0
7c3b384371e740c9ab608ba3855beed3	0	0	0	0	0	22	0	0	0	0	0	0	0	0	0
b8e0966549a89c3f99f5e00ba8ca6d08	0	0	0	0	0	9	0	0	0	0	0	0	0	0	0
0930a46e5e148eb631a369092067a7a9	0	0	0	0	0	21	0	0	0	0	0	0	0	0	0
c353c0481cec2752ae19ace4262f3dac	0	0	0	0	13	0	0	0	0	0	0	0	0	0	0
eee1560ef4c59654d3b203887bc05049	0	0	0	0	5	0	0	0	0	0	0	0	0	0	0
fdc2ac76ec09e944118585d362196743	7	0	0	0	0	0	0	0	0	0	0	0	0	0	0
2bd9befe6821832445b4edbaf2d3d4ff	0	0	0	0	0	0	0	4	0	0	0	0	0	0	0
2e8a019c2e8c2bf21ccfae02db8415b5	0	0	0	0	16	0	0	0	0	0	0	0	0	0	0
e06134453a0bdbe353ea288e66aa7720	0	0	0	0	0	0	0	0	0	0	0	0	15	0	0
3493170d5294d457078732a745f2d3b6	0	15	0	0	0	44	0	0	0	0	0	0	0	0	0
8b1ad62bb3efa88d478830ba328abe72	0	0	0	0	0	0	0	0	0	0	0	17	0	0	0
192bd7c86e65f2fef3b257930842d417	0	0	0	0	0	0	0	0	0	0	0	0	0	0	21
8e6ebd593f8e0c96677a6eb497476a20	0	0	0	0	0	0	31	0	0	0	0	0	0	0	0
72553ed46ef3bbce315c787226371624	0	0	0	0	0	0	0	0	0	0	0	0	20	0	0
9bda85e7b2e947fcce0abd810aac5edb	0	0	9	0	0	0	0	0	0	0	0	0	0	0	0
c17871e9f19effae671f09def847c317	0	0	0	0	0	0	0	5	5	0	0	0	0	0	0
e971946d67837773fd8ffc44a17ae3a4	0	0	0	0	0	0	0	0	2	0	0	0	0	0	0
6bfbe8d2d5e9cb035774a1b2a507d948	0	0	0	0	0	0	0	0	0	0	0	0	0	0	12
54e59e0c0a2c62d4bce4e4a1d304f085	0	0	0	0	0	0	0	0	0	0	0	0	9	0	0
61eb3d37f995f80f7854b7a5f4a75d7e	0	0	0	0	0	0	0	0	0	129	0	0	0	0	0
d941418c55ee7ab9d8b40bccfacae4b3	0	0	0	0	0	0	0	0	0	100	0	0	0	0	0
89de00852302c821fdea3722d0f2ae0b	0	0	0	0	0	0	0	0	0	292	0	0	0	0	0
6a26e016c279c4a0b8940e0e3a2abe08	0	0	0	9	0	0	0	0	0	0	0	0	0	0	0
e5251339d0cba4de82fe43a859631bb8	0	0	0	0	0	0	20	0	0	0	0	0	0	0	0
27545ec7e11f7fd4abd9c466a9bb8d84	0	0	0	0	0	0	51	0	0	0	0	0	0	0	0
61976f77fca535e9458b453db9eb6ea1	0	0	0	0	0	0	0	0	0	0	0	29	0	0	0
6c35912b131135d503602edad8c299b4	0	0	0	0	0	0	0	7	0	0	0	0	0	0	0
d08d3790a15c522b8667d15d7e634a8a	0	0	0	27	30	0	0	0	0	0	0	0	0	0	0
f880e74bbb92c4d38f921720a22f05e1	0	0	0	0	0	0	0	0	0	0	0	0	0	0	30
757376f7555747bae3acd5cfb5d1154c	0	0	0	0	0	0	0	0	0	0	0	0	0	32	0
55a76bce40b558803e98ba289a430446	0	0	0	24	0	0	0	0	0	0	0	0	0	0	0
b1ef49bce1e07ba38934d8f5ea7f9e28	0	0	0	0	0	54	0	0	0	0	0	0	0	0	0
9d88896eb860997a3737eccecd4d5b86	0	0	0	0	0	0	0	0	0	0	0	127	0	50	0
2fc08a8a3e4003e8936ac5a67f615ec5	0	0	0	0	0	0	53	0	0	0	0	0	0	0	0
7a257b537ccdb5a0c8f9455a973cd3f7	0	0	0	0	0	0	0	17	0	0	0	0	0	0	0
fd728b1203c4ae2ae3c7e1acb3ffbf57	75	0	0	0	0	0	0	0	54	0	0	0	0	0	0
39f7b6802fa4b8de50bf2cd928b9874c	0	0	0	0	0	0	0	0	0	0	0	0	0	0	95
c6945e346908690fd330d0ea1f41d871	0	0	0	0	0	0	0	0	0	0	0	0	0	0	101
7bcefbfa419f133139d6093a3578b281	0	0	0	0	0	0	119	0	0	0	0	0	0	0	0
6499a4b657edd6947914a056f0bd0733	0	0	0	21	0	0	0	0	0	0	0	0	0	0	0
eeedc23331a151664e896850be5765e1	0	0	0	23	0	0	0	0	0	0	0	0	0	0	0
4abc108a505bfd75a846ed953740930c	0	0	0	0	0	10	0	0	0	0	0	0	0	0	0
e9e859f4130f61fb1b97ef2ca47df9fe	0	0	0	0	0	0	0	0	0	0	0	0	0	18	0
9a06eb54942925df0b77514107dc542d	0	0	0	0	0	0	18	0	0	0	0	0	0	0	0
dd3b4deb71d153a8e3928a69d6fd598a	0	0	0	0	0	21	0	0	0	0	0	0	0	0	0
68e5a0a22db93b57653f2923777f80bc	0	0	0	0	0	0	0	0	0	0	0	0	28	0	0
1db66e3bc048f9f924d004291bcdf133	0	0	0	0	0	0	0	0	0	0	0	0	0	29	0
67db2a3cff8bada280daaee9a09658bf	0	0	0	0	0	0	0	4	0	0	0	0	0	0	0
ded4a612e9d99f058d903a3b08e5b43e	0	0	0	12	0	0	0	0	0	0	0	0	0	0	0
bae3de2b13f10523b1d61087033edab6	0	0	0	0	0	0	0	0	0	0	0	0	9	0	0
2d6b9d18e77e9968f62b0e7e87edc8c3	0	0	5	0	0	0	0	0	0	0	0	0	0	0	0
f0a18044b67c4697c2b1b9918a056a99	0	0	0	0	0	23	0	0	0	0	0	0	0	0	0
7c59f5e1f37a7759d651de625be6490d	11	0	0	0	0	0	0	0	0	0	0	0	0	0	0
1b4fe1d68fa59aaeb6b20a54affed0be	0	0	0	0	0	0	0	0	0	0	0	42	0	0	0
67523bed9407531be2fe27f606e5e2bd	0	0	0	0	0	0	0	0	0	0	0	0	68	0	0
87539aa5d73e59f504d2b6015f15e615	0	0	0	0	0	0	11	0	0	0	0	0	0	0	0
cf1cb2fe7a344d4b01d38ef39cc2eef6	0	0	0	0	0	0	0	0	0	0	0	0	24	0	0
06055d4fd9e8bddc608afec33c0b5256	0	0	0	29	0	0	0	0	0	0	0	0	0	0	0
03c971981bf37cc9d56edff1d0acf376	0	0	6	0	0	0	0	0	0	0	0	0	0	0	18
39797204a74e78bd1af901be2df1cfaf	0	4	0	0	0	0	0	0	0	0	0	0	0	0	0
4d02710071c90e101eb2952f424f6355	0	0	0	0	0	0	22	0	0	0	0	0	0	0	0
9d4a552627c189a0881f8a6121af8cac	0	0	0	17	0	0	0	0	0	0	0	0	0	0	0
a8944b6e829bedece11e3c0f68941e39	0	0	0	10	0	0	0	0	0	0	0	0	0	0	0
acf52649deb37b1624534c3c5901dd5f	0	4	0	0	0	0	0	0	0	0	0	0	0	0	0
7a271a69115a42bb00514fe8b8e5da8f	0	0	0	0	0	0	0	0	0	0	0	7	0	0	0
45c0b88fd194a2da22c428e24d838ab1	0	0	0	0	0	0	0	2	0	0	0	0	0	0	0
0791722ce224d80633888d73cd641f94	0	0	0	10	0	0	0	0	0	0	0	0	0	0	0
acb627c74c124422527a7f619a555d41	0	0	0	0	0	0	0	0	0	0	0	0	13	0	0
2606d96224d89c626c0dfba29cd5a902	0	0	0	0	0	0	18	0	0	0	0	0	0	0	0
682970590c6b4bfb3024f9131003353e	0	0	0	0	0	0	0	0	0	0	0	0	0	0	31
82e02521d003df4396d0d480ce4de13c	0	0	0	16	0	0	0	0	0	0	0	0	0	0	0
f698f0617fb780a7eff906e0d32fa4be	0	0	0	0	0	0	0	0	0	0	0	0	33	0	0
868e60e383348f41104b2eb8435903e3	0	0	0	0	0	0	0	7	0	0	0	0	0	0	0
285495b9e152ed3e3571084897e197f1	0	0	0	0	0	0	0	0	0	0	0	0	0	16	0
32274121f0181082d7ff89fff7e97e74	10	0	0	0	0	0	0	0	0	0	0	0	0	0	0
de3103d2d38b8f3a2ccd3df8119d16ba	0	0	0	0	0	0	0	0	9	0	0	0	0	0	0
94ddbde9d26436f28a4cd41f27c035a7	0	0	0	0	0	0	0	0	0	0	0	0	0	0	38
c8e69152716d1f2e085cf63f28055c5e	0	0	0	22	0	0	0	0	0	0	0	0	0	0	0
bbe551d7ca5a03f00f526e77692073d9	0	0	0	0	22	0	0	0	0	0	0	0	0	0	0
64d306a635072d6d843a866021bf2700	20	0	0	0	0	0	0	0	0	0	0	0	0	0	0
5a1db0c2154f2773b4aef479177ad692	0	0	0	0	0	0	0	0	0	0	0	30	0	0	0
29eb3c17e1b9425854a93e794bd0a449	0	0	0	0	0	24	0	0	0	0	0	0	0	0	0
45bef23d485dbe3969523def0b25b1c1	0	0	0	0	0	0	0	12	0	0	0	0	0	0	0
95b8acc51fbd526c3e84bb6ebc30f75e	0	0	0	3	0	0	0	0	0	0	0	0	0	0	0
c2859fbbe72336bd9ffe87f59664e26d	0	0	0	0	0	0	0	0	0	0	0	0	8	0	0
d1b861d677560396bda095d3d4455b45	0	0	0	0	0	0	0	0	0	0	0	0	3	0	0
f1291e9206dd476d288197919875b69f	0	0	0	0	0	0	0	0	0	0	0	0	4	0	0
87271ae4ba7ec4076fd2314ba316cf56	0	0	0	0	0	0	0	0	0	0	0	9	0	0	0
7fa373142550a7b0fe024907bec931ac	0	11	0	0	0	0	0	0	0	0	0	0	0	0	0
d4d5ac73b3873f071f3f6c835638a4d9	0	0	0	2	0	0	0	0	0	0	0	0	0	0	0
9630dbb6c78ce4fb92e2680724dd57e4	2	0	0	0	0	0	0	0	0	0	0	0	0	0	0
70c995add87b7fddd45772132c762c1a	2	0	0	0	0	0	0	0	0	0	0	0	0	0	0
7018fd3e501937ea293b0ee0d2f2266f	0	0	0	0	0	16	0	0	0	0	0	0	0	0	0
57205ba28150c42731582a192a03bf52	7	0	0	0	0	0	0	0	0	0	0	0	0	0	0
90c567f9300b9c63cef167d46e535295	0	0	0	0	0	0	0	0	0	258	0	0	0	0	0
894b82efee184634b26a65879c4ebaf4	0	0	0	0	0	0	0	0	0	0	0	0	0	6	0
9f22c13a04701de11749764c00e7524e	0	0	0	0	0	0	0	0	0	0	0	0	0	0	6
3d6a8de990e452a15869ae14985b48ac	0	0	0	0	0	0	0	0	0	0	0	10	0	0	0
f46562747ad9130649a7d99bdb3ae20a	0	0	0	4	0	0	0	0	0	0	0	0	0	0	0
92fbe92c3d2d277b0b4f93cf8f452b1e	0	0	0	0	0	0	0	0	0	0	0	0	13	0	0
bdf04286e4d60397e42d84877822d31a	0	0	0	0	0	0	0	0	5	0	0	0	0	0	0
b879b368bd23334a1cd0026df020a8f0	0	0	0	4	0	0	0	0	0	0	0	0	0	0	0
1917d56812dca77f9334d573124a88ee	0	0	0	0	0	0	0	0	0	0	0	0	0	10	0
5ae0732ed9671817c770a94989ce3567	0	0	0	0	0	0	0	11	0	0	0	0	0	0	0
4264f4891a9d576868011ebc2cb619e4	0	0	0	0	0	0	4	0	0	0	0	0	0	0	0
7a780033335caaec349f217b5b78fed1	0	0	0	0	5	0	0	0	0	0	0	0	0	0	0
a64f0150e7235778a2a0f67a8c862c8e	4	0	0	0	0	0	0	0	0	0	0	0	0	0	0
eb6ea30f1c25bd0786c16b3057e2d649	0	0	0	0	0	0	0	0	0	0	0	0	0	19	0
6dcf26f0f961bf5c88e242d2be165b39	0	0	0	0	0	0	0	0	0	86	0	0	0	0	0
96ea9c43101f6e806891f5f3a2318080	0	0	0	0	0	0	0	0	0	0	0	0	0	11	0
e2a46fa1d1dbc06e2411e49aafbee024	0	0	0	4	0	0	0	0	0	0	0	0	0	0	0
a06bf26cb426c35e2d2ace4cb2cdf36b	0	0	0	0	0	0	0	0	0	0	0	0	22	0	0
d0b8e871831990017e47ffa6ee78cd86	0	0	0	0	0	0	0	0	0	0	0	0	0	19	0
920ab373cd91a59b298b028ce0f99ef3	0	0	13	0	0	0	0	0	0	0	0	0	0	0	0
cde859c71a61a8b40f3fcac832cd5966	0	2	0	0	0	0	0	0	0	0	0	0	0	0	0
7f83209d49388e010d7a3f56274376ba	4	0	0	0	0	0	0	0	0	0	0	0	0	0	0
abb797c164944482323a70041f97808b	0	0	0	30	0	0	0	0	0	0	0	0	0	0	0
41f0dbc75e9dbf9eea5beb9ee3c03c93	0	0	0	0	0	0	0	0	0	0	31	0	0	0	0
f096707ff5bbb8bc059376bb06b26815	0	0	0	0	0	0	0	0	0	0	5	0	0	0	0
84256ea4ee810b38c5e5d449e55576c1	0	0	0	0	0	4	0	0	0	0	0	0	0	0	0
903aeeb46d4aed80e91b08df7a86f0b8	0	0	0	0	0	0	0	0	0	0	0	9	0	0	0
80ca52c2b4606bbf8efaeee8e123ba2c	0	0	0	0	0	0	0	11	0	0	0	0	0	0	0
74f9a368e2a9e31d53be6c90e9ce8624	0	0	0	0	0	0	0	0	7	0	0	0	0	0	0
73ed7d7d4a317693da2c6692a66fa39a	4	0	0	0	0	0	0	0	0	0	0	0	0	0	0
a547db07a9e24eed5fc1a9440289c089	0	0	0	0	0	0	0	10	0	0	0	0	0	0	0
6fcbf4f3130337d286ff34a2a83d8f07	0	0	0	0	0	0	0	0	10	0	0	0	0	0	0
eee198f2fcf3c4b36e04f9b111398d81	0	0	0	10	0	0	0	0	0	0	0	0	0	0	0
43a0670e22491d5748b1b20c983ee28e	0	0	0	0	0	0	0	0	0	0	0	0	2	0	0
10cb89c247adcf5e0ae1a03f4dd072a4	0	0	0	0	0	9	0	0	0	0	0	0	0	0	0
0ba0e8fd2c30a3d8993c3d76f8a25739	0	0	0	0	0	0	0	0	0	0	0	23	0	0	0
367b4e19b5edc8a696be4dd1217014b3	0	0	0	0	0	0	0	0	6	0	0	0	0	0	0
a74d39161054c41a7275620ec0d6c27a	0	0	0	0	0	0	0	0	0	0	0	0	11	0	0
90b9fdfd12a5549ccaf479a7dba1867a	0	0	0	0	0	0	0	0	0	0	0	0	14	0	0
639e985fdf396c6c2ca599183ddc5c3b	0	0	6	0	0	0	0	0	0	0	0	0	0	0	0
e03eac6b8d2f1bc457f84c420f5c13a8	0	0	0	0	0	0	0	0	0	0	0	0	0	14	0
67a73591ccabf67dc18db6306fd04d0a	0	0	0	0	0	0	0	0	0	114	0	0	0	0	0
ea0b8202a8a2af15c3eb8116160dd157	0	0	0	0	0	0	0	0	0	0	0	0	0	0	33
f3663c078c6e6e60eb58226b9ed13823	0	0	0	0	0	0	0	0	0	0	0	0	17	0	0
d439b1fae0e1b2181ca185688c4bb046	0	0	0	0	0	0	0	0	0	0	113	0	0	0	0
265340f7fc28a8af355a01ce6a1c93eb	0	0	0	0	0	0	0	0	0	0	0	0	8	0	0
ff161ffc31455267d56a1fdbfd797271	0	0	0	0	0	0	0	0	0	0	0	0	20	0	0
bdde901998a0f4e4b7e9a8cbabcb7cd6	0	0	0	0	0	0	0	0	0	0	0	0	0	15	0
91e897b1594ccd2c2bb292df0dcf59fa	0	0	0	0	0	0	0	0	11	0	0	0	0	0	0
65b467384f0094f1d6ebfadc19f1b0de	0	0	0	0	0	0	0	0	0	0	0	0	0	0	37
e010c8577d10aa44f0da0ea81a7c57c2	0	0	0	0	0	0	0	6	0	0	0	0	0	0	0
7d1461f5cae0aaababb5796a46a12326	0	0	0	0	0	0	0	0	7	0	0	0	0	0	0
95dbe057e798cc1c062463d71c9751e8	0	0	0	0	0	0	0	0	0	0	0	0	0	25	0
c1cb92326d025ded738628394a7a1eaf	0	0	0	0	0	0	0	0	0	0	231	0	0	0	0
450d31e8d69491ed82f318ab3bb028e8	0	0	0	0	0	0	0	0	0	0	180	0	0	0	0
0f6acf5517cbbc7a2c6bbf1bb388d05c	0	0	12	0	0	0	0	0	0	0	0	0	0	0	0
41204f9b55c6eb62710a4ab1d3ea5a47	0	0	0	0	0	0	0	0	0	0	4	0	0	0	0
21008e489a74d00fe5f041bf39d2bcbf	0	0	0	0	0	0	0	0	0	0	0	0	0	16	0
04d69bf8d55df5b1abfeadad620dc616	0	0	0	0	0	20	0	0	0	0	0	0	0	0	0
b1e77f23ac1b73f9d6f52cac2373e8e6	0	0	0	0	0	0	0	10	0	0	0	0	0	0	0
f5a835e29f061b4310b45af03f6378b5	0	0	0	0	0	0	0	0	0	0	0	0	17	0	0
4330033d33707527eddc61ea10151560	0	0	0	0	0	0	6	0	0	0	0	0	0	0	0
fcf119f538e3523479da31681c371b09	0	0	0	0	0	15	0	0	0	0	0	0	0	0	0
157c520001571985a23ab75a6668ad05	0	0	0	0	0	0	0	0	0	0	0	0	0	73	0
97e466d9cfcb8b3120938368021a5798	0	0	0	0	0	0	0	0	0	0	0	0	0	0	14
734acc190faef1a09ae2879976bb626a	0	0	0	0	0	0	0	0	0	0	0	0	0	18	0
f0843c27cf5ee88aad2e9cb3b795a794	0	0	0	0	0	0	0	8	0	0	0	0	0	0	0
9b73ae214c1d0b944dd120e67514ed5f	0	0	0	0	0	0	19	0	0	0	0	0	0	0	0
7b53fd3151d5ee3a032492cfab98fbd3	0	0	0	0	0	0	0	0	0	0	0	0	23	0	0
968ba5f1d095105059f1b6229a85a059	0	0	43	0	0	0	0	0	0	0	0	0	0	0	0
89a70deb7a33e856f07aed211e3f22f3	0	0	0	0	0	0	0	0	0	0	0	0	34	0	0
8c1b1dd82bfded5328557d19f1d7a268	13	0	0	0	0	0	0	0	0	0	0	0	0	0	0
b28e5a208d02cd39b4c2b5f5857c4187	0	0	0	0	0	0	0	0	0	51	0	0	0	0	0
90a95a91dcfed1475f83f62e1fe99008	0	0	0	0	0	0	0	0	15	0	0	0	0	0	0
b054a2a30725a3e6573abaf6ecc9e021	0	0	0	0	0	0	0	0	0	0	57	0	0	0	0
551953c19927a655fc7b2abcb9baeebd	0	0	0	0	0	0	0	0	0	0	0	0	8	0	0
6f1b67721eb69f51317430f91f304d38	0	0	0	0	20	0	0	0	0	0	0	0	0	0	0
34f889ca266beae2e50631585116f9f9	14	0	0	0	0	0	0	0	0	0	0	0	0	0	0
3aaa103383ec69c2fb52ec02211bc28d	0	0	0	0	0	0	0	0	0	0	0	0	0	0	29
6f755717a943401981effbec75219a0a	0	0	0	0	0	0	0	0	16	0	0	0	0	0	0
8344c90ab3d66ff050c823eafc4cfcf5	0	17	0	0	0	0	0	0	0	0	0	0	0	0	0
dcba46d3b1f5548a0af83b0e5401f2da	0	0	0	0	0	0	0	0	0	0	0	0	4	0	0
46e6dfd8d42054a0ad48f2b5439346e8	0	0	0	0	0	6	0	0	0	0	0	0	0	0	0
2cdbc566f0203def59e101b11493b888	0	0	16	0	0	0	0	0	0	0	0	0	0	0	0
91917c18b0217941ba1597ba98b0bb46	0	0	0	0	0	0	0	0	0	0	0	0	0	10	0
466c8d6366dfd72c16f9344e43c4e25e	0	0	0	0	0	4	0	0	0	0	0	0	0	0	0
fc6be50091c943f45954ec60dd72751f	0	0	0	0	0	125	0	0	0	0	0	0	0	0	0
b17e3b1946d66daa639f669ce2a92a55	0	0	0	0	0	0	0	0	0	0	0	0	0	33	0
d340e009c14b227079892276c5b9f8b4	0	0	30	0	0	0	0	0	0	0	0	0	0	0	0
7968aa2348cd7fb457ce242ebcbe5f5a	0	44	0	0	18	0	0	0	0	0	0	0	0	0	0
5dffc469565cc9430a67fc74881f9351	0	0	0	17	0	0	0	0	0	0	0	0	0	0	0
3f9e0ed95d7cca4dc4a4e5b141cfdc71	0	0	0	0	0	0	0	18	0	0	0	0	0	0	0
e7d16e4654ced2ddcd3d8faa09d58602	0	0	0	0	0	0	0	0	13	0	0	0	54	0	0
cee429844ea4d2a66f95c8c932f5b81b	0	0	0	0	0	0	0	0	0	0	0	36	0	0	0
1fce2a57da8e4376c85ba3cc4cb9e5af	0	0	0	0	0	56	0	0	0	0	0	0	0	0	0
65bcbf27a9f9f7442b5b4e66990f6d4b	0	0	0	0	0	0	0	46	0	0	0	0	0	0	0
7be8a7b0582babde601bcf98004b0f91	0	0	0	0	8	0	0	0	0	0	0	0	0	0	0
ae39ca45ee3010efee55830a3fbc57bc	0	0	0	0	0	0	6	0	0	0	0	0	0	0	0
6c72db4146ed48de296df401611ac04b	0	0	0	0	0	15	0	0	0	0	0	0	0	0	0
0138198b760b3a3f70c5fb275f405d52	0	0	0	0	0	0	0	0	0	0	0	0	0	13	0
7f02c221999b1743acc9c35e3d924f5b	0	0	0	0	0	0	0	0	0	0	0	0	5	0	0
f4960e89d38c81e1f6a606832f29c876	0	0	0	0	0	0	15	0	0	0	0	0	0	0	0
34a216c267b6210877138482109d5b11	0	0	0	0	3	0	0	0	0	0	0	0	0	0	0
12e54640df89a1dae0ccff2fc7287680	0	0	0	0	12	0	0	0	0	0	0	0	0	0	0
6a670a761567f8ef24665d1be700a409	0	0	0	0	0	0	0	8	0	0	0	0	0	0	0
2182687260403173f258514ecc0e8aef	0	0	0	0	19	0	0	0	0	0	0	0	0	0	0
ab34e9a6005f9e4b4d340e0e81b91418	0	0	0	0	0	0	20	0	0	0	0	0	0	0	0
3702975638cfa4e690b25ff3b3ab161c	0	0	94	0	0	0	0	0	0	0	0	0	0	0	0
9a017aebe19e40bdc7a98475ca5f4438	0	0	0	92	0	0	0	0	0	0	0	0	0	0	0
13cafedb9e93bc4c06fea681b7e788a3	0	0	0	0	0	80	0	0	0	0	0	33	0	0	0
80a17a77fab7d34258356718fb034ac5	0	0	0	0	0	0	0	0	0	0	0	0	156	0	0
ca3e089367ee8ece83d20a1bca76646b	0	0	0	0	0	0	0	0	15	0	0	0	0	0	0
3167c0f5abd40ae2489723089711bd3c	0	0	0	0	0	0	0	0	0	0	3	0	0	0	0
1550fe493db9f7da5e58bab182783cbb	0	0	0	0	0	21	0	0	0	0	0	0	0	0	0
408420f6c96b019eb2cb366f62c3bdac	0	0	0	0	0	0	0	0	0	0	0	0	5	0	0
b23debbefb82f04ea01fad585772b41e	0	0	0	0	0	0	0	8	0	0	0	0	0	0	0
799a659bb44461d4cfd5d39ffd3dbf82	0	0	21	0	0	0	0	0	0	0	0	0	0	0	0
19c75f329a12e09372453f38928addb9	0	0	0	0	0	0	0	0	0	0	0	0	11	0	0
960e8f8129f24000700ff0971991e4a7	0	0	0	0	0	0	0	0	0	0	20	0	0	0	0
36903708a4129e74c39bffb96e2d038e	0	0	0	3	0	0	0	0	0	0	0	0	0	0	0
d583b4c32ff5de6ed96c66cedeba98fa	0	0	0	0	0	0	0	0	0	0	0	11	0	0	0
9547c69f1757a0bae8b401c0a5706a4a	0	0	0	11	0	0	0	0	0	0	0	0	0	0	0
ef597f16985836eff72100ff2b4e80a6	0	0	0	0	0	0	0	14	0	0	0	0	0	0	0
cecc05260047f3c758b9b7ed9ff8ee23	9	0	0	0	0	0	0	0	0	0	0	0	0	0	0
592b9753c7ac0febe7473bc098b4b788	0	0	0	0	4	0	0	0	0	0	0	0	0	0	0
fd8dc9125424655b94a6b7462957e3f6	0	0	0	0	0	0	0	0	0	0	8	0	0	0	0
764b46775a957ab2e329cacb392cb2ce	0	0	0	0	0	0	0	0	0	0	0	49	0	0	0
0c40223a25ef5d72c0a031c173214dd4	0	0	0	0	0	0	0	0	0	0	0	0	0	0	24
a1014925526a0a75dddb200582e7bd15	0	12	0	0	0	0	0	0	0	0	0	0	0	0	0
3e1db194b8c4b8a0fc81e25c9d25b226	0	0	6	0	0	0	0	0	0	0	0	0	0	0	0
97c65c099378fcd34be587913cfb4fd1	0	0	0	0	0	0	0	0	0	0	0	0	0	13	0
76c2f61f515c2cf361e098232eddc5e4	0	0	0	0	0	0	0	0	0	25	0	0	0	0	0
0f724cad634c85ebc3a9315dff20ac27	0	0	0	0	0	0	0	0	0	0	2	0	0	0	0
4e6c3bab9938dbc2d8a3a1c69b32b833	0	0	0	0	0	0	0	0	0	0	0	0	0	8	0
6632cfe76b5816973f859bae93a928b1	0	0	0	0	0	20	0	0	0	0	0	0	0	0	0
b0ee608548efd2b0fec0c558052c1d75	0	0	0	0	0	0	0	0	8	0	0	0	0	0	0
fcbe5ef56eeb7feb4b7cac149ff977ee	0	0	0	0	0	0	2	0	0	0	0	0	0	0	0
f4f2571920ed91f9769cc38faf500060	0	0	0	0	0	0	0	0	0	0	4	0	0	0	0
80637a7f9fc83e3fb56b0197eb9ff362	0	0	0	9	0	0	0	0	0	0	0	0	0	0	0
5a2edceadbbccd19b2afce20ca91769a	0	0	9	0	0	0	0	0	0	0	0	0	0	0	0
3985bd4590df725a6da8bc83fd06325a	0	0	0	0	0	0	0	0	0	0	12	0	0	0	0
d89e0461504b86743e7122f02a4910e8	0	0	0	0	0	0	0	7	0	0	0	0	0	0	0
c947a2838aeb1fcc24c02f0365b33fac	0	0	0	0	0	0	0	0	0	0	0	0	0	11	0
5c5e1f6dbe9ff2cdc576e343b1b5f95f	0	0	0	0	0	12	0	0	0	0	0	0	0	0	0
51027726827bde289ef3929809bb068a	0	0	0	0	0	0	0	0	0	0	0	0	11	0	0
d62f6a76aa10a718e80740892df62ad7	0	0	0	0	0	0	0	0	0	0	0	10	0	0	0
f86734cf91cb51dd46b5d7421e7d57d0	0	0	0	0	0	12	0	0	0	0	0	0	0	0	0
9eb460c1cdee00a9cfc276a76c225ed7	0	0	0	0	0	0	0	0	0	0	0	29	0	0	0
3be5341acae0ac79a19fbf3cdaee2cc2	0	0	0	0	0	0	0	0	0	0	0	0	0	14	0
cb943ad15ad1f845d52e78a06b8cf99a	0	0	16	0	0	0	0	0	0	0	0	0	0	0	0
dcbecead8ac844efc018a61ab6c48fea	0	0	0	0	0	0	0	0	8	0	0	0	0	0	0
c93f45a45363199e2197bda7fd801b0a	0	0	0	0	0	0	0	7	0	0	0	0	0	0	0
b5955f02ef179308056417525917efa4	0	0	0	0	0	0	0	0	0	0	0	0	8	0	0
02f7c4a5e13315281a738480a16f26a0	3	0	0	0	0	0	0	0	0	0	0	0	0	0	0
7354d2918eb9f23f9139e5ba88cb973a	15	0	0	0	0	0	0	0	0	0	0	0	0	0	0
28d3f4f3bfe1e43f8caf6dd64171729d	0	0	0	1	0	0	0	0	0	0	0	0	0	0	0
0a5d6d6084567f8e83108bdb373020ac	0	0	0	0	0	0	0	0	0	0	0	0	0	0	20
380c5f261c7083109b58d44cce57acac	0	0	0	0	0	0	0	0	0	0	0	20	0	0	0
b355b74361ecfcf1c3cbef44674ebafa	0	0	0	0	0	0	0	0	0	0	0	0	0	16	0
03fbe3199c66d8e709305a0fb8519f8e	0	0	0	0	0	26	0	0	0	0	0	0	0	0	0
479ba711ca488c808d4062d8ba9c5800	0	0	0	0	0	0	0	0	0	0	28	0	0	0	0
d59c084ec898b770107e95857d785430	0	0	0	0	0	0	0	0	0	0	0	19	0	0	0
66e782a5629384a3e831574cbda44898	0	35	0	0	0	0	0	0	0	0	0	0	0	0	0
ff71f0e0b9925380618608eac08f6af1	0	0	0	0	0	0	0	7	0	0	0	0	0	0	0
5d561f6f114b8fbc97e18d7a46e1e0a6	0	0	0	0	0	0	0	0	26	0	0	0	0	0	0
1bd193e178ac1c4aaff51f7560b6e684	0	0	25	0	0	0	0	0	0	0	0	0	0	0	0
a7e35a4c0ac5f00175ec1ba57e63836e	26	0	0	0	0	0	0	0	0	0	0	0	0	0	0
06efb1218693aabdd510e50640c2eb69	0	0	0	0	0	0	0	0	0	0	0	0	0	0	33
710360a5ac9ab596514833e5d26fa6b8	0	0	0	0	0	0	0	0	0	0	0	9	0	0	0
024a0ddd315509952314df3750fb5a1d	0	0	0	4	0	0	0	0	0	0	0	0	0	0	0
c6a91cf9a0533511b6d716c3b28cfff2	0	0	0	0	11	0	0	0	0	0	0	0	0	0	0
999a7f28463a7319f7991b8e0b4b26ef	0	0	0	0	0	0	0	0	0	133	0	0	0	0	0
3e23e729fdd20114e8168d64ccff9784	0	0	0	0	0	1	0	0	0	0	0	0	0	0	0
3517c3a236404cb99a8ec1b76ac3d3a8	0	0	0	0	0	0	0	0	0	0	141	0	0	0	0
600a0b839c0ea7fdefdd58da9096899a	88	0	0	0	0	0	0	0	0	0	0	0	0	0	0
2589e67c719ac47f6afb8be7eb84196a	0	0	0	0	0	0	0	0	0	0	0	0	20	0	0
8477caf8bdff3057dcd13cfd35eaea1b	0	0	0	0	0	0	0	0	0	142	0	0	0	0	0
007401f087112360dd3c9a1b00a29856	0	0	0	0	0	3	0	0	0	0	0	0	0	0	0
63a6d926e22b16b16b5969b5416245a5	4	0	0	0	0	0	0	0	0	0	0	0	0	0	0
455c39ab09d38c1d6508b28720a999e3	0	0	0	0	0	0	0	0	0	0	0	0	25	0	0
779b84793719df047f38a8b85aced9ce	0	0	0	0	0	0	0	0	0	0	0	0	5	0	0
8d2de056ff111d94d52fabb06585d9c8	0	0	0	0	0	0	0	0	0	0	0	0	0	0	70
13c7f767c6b3df144d62efcf518a5edf	0	0	0	0	0	0	0	0	69	0	0	0	0	0	0
a6a27a0ddd0f5cd498861b0cb161f1bb	0	0	0	0	0	0	0	7	0	0	0	0	0	0	0
faa82829e20df61e16584ec38ace4912	0	0	0	0	0	0	0	82	0	0	0	67	0	0	0
93a752c0e990ed68f7e1d6ffd7568ab8	38	0	0	0	86	0	0	0	0	0	0	0	0	0	0
1808a16ae037fc1e6f6ac784a035a4d0	0	0	0	0	0	0	0	0	0	0	24	0	0	0	0
245c550da387186154cf9777706e265e	0	0	0	0	0	0	0	0	0	0	0	0	0	92	0
656274ddb10533b8555f18571f69533c	0	0	0	0	0	0	51	0	0	0	0	0	0	0	0
c7d6bd4e488a9087d0ee3b9222611647	0	0	10	0	0	0	0	0	0	0	0	0	0	0	0
142bda6cc90fe061b4895b4a28b5b0b0	0	0	0	0	0	0	0	0	0	118	0	0	0	0	0
e2ab86a604db977607f486fcadcee7b3	0	0	0	0	0	0	0	0	0	200	0	0	0	0	0
e6cad8e5ab66c0f9770287910d18863d	85	0	0	0	0	0	0	0	0	0	0	0	0	0	0
b3f74a2e1bd30955529ddca7b9e0fa37	0	0	0	0	0	114	0	0	0	0	0	0	0	0	0
b708d2f66e22ea082d4153dbd815fb9a	0	0	0	0	0	0	0	0	0	0	0	0	78	0	0
cacbd444b11c1defd6ab68090fd3bf9e	0	0	0	0	0	0	0	0	0	0	0	0	0	0	126
ed1f733ebb726740c3246a0e45d72640	0	0	103	0	0	0	0	0	0	0	0	0	0	0	0
3eebafca54aade0132f7a84e0c0d921e	0	104	0	0	112	0	0	0	0	0	0	0	0	0	0
09cfc4ab664a8a691c5e247282fc66a2	0	0	0	0	0	0	0	0	0	0	0	85	0	0	0
8a1b809dd99a8e6f9c0e76ded2f8c466	13	0	0	0	0	0	0	0	0	0	0	0	0	0	0
218fc697baebdb146f8c2616c85e11ed	0	0	0	0	0	0	188	0	0	0	0	0	0	0	0
9c57212605e3fa1fdd6c1b68adfb40ce	0	41	0	0	0	0	0	0	0	0	0	0	0	0	0
b16c9bd9792a0300f1c604c5d37faa83	0	0	0	0	9	0	0	0	0	0	0	0	0	0	0
3bea7fe9defe0149c2e8ed233e7ec88a	0	0	0	0	0	0	0	0	0	0	0	0	0	12	0
ee69f37586d978dedf80a0625530f064	0	0	0	0	0	0	0	0	0	0	0	0	0	0	12
9db5ff0d0bf2f71d85ff765f0a0174da	0	0	0	0	0	0	0	0	0	0	0	0	0	0	143
0d153cebdde2d6c01f15647fdf37bea4	0	0	0	0	0	0	0	0	0	0	0	0	0	26	0
a71c097b7807bbff20f77068bdd9242e	0	34	0	0	0	0	0	0	0	0	0	0	0	0	0
e74a2b49df3c62601e6abcc1a8d3586c	0	0	0	0	0	0	0	0	36	0	0	0	0	0	0
150436dec78d5fc0309b8304d035b52b	0	0	0	0	0	90	0	0	0	0	0	0	0	0	0
6d0668228792becc14ca3573c83ce282	0	0	0	0	111	0	0	0	0	0	0	0	0	0	0
502eb9335798495837970c31d2305b2a	0	0	0	0	0	3	0	0	0	0	0	0	0	0	0
d0e1c5cc9367a3ae314376a679acd99f	3	0	0	0	0	0	0	0	0	0	0	0	0	0	0
87e091135c74e8213114374bdff58224	0	0	0	0	0	0	0	85	0	0	0	0	0	0	0
7bea11c1e933612b6f40dc9cf66b43e4	0	0	0	0	0	0	0	0	0	0	0	0	0	0	187
3602f3418e4c286a5a0b9210de3fb7aa	0	120	0	0	0	0	0	0	0	0	0	0	0	0	0
c0dedd6f282b46526419691e06462f4f	72	0	0	0	0	0	0	0	0	0	0	0	97	0	0
7172c635d70fa82a0a4a33f74f41bd97	0	0	0	0	0	0	0	0	94	0	0	0	0	0	0
7e7855a78e7d8cd21e253ab5af76bf52	0	0	0	0	0	100	0	0	0	0	0	0	0	0	0
f77743fe8a1495b03a684ab7ed4b5908	0	0	0	0	82	0	0	0	0	0	0	0	0	0	0
c0006658c3df8ddf22b118615d436a2c	0	0	135	0	0	0	0	0	0	0	0	0	0	0	0
cdca0b7f94a79e4d96bd7ea386341876	0	0	0	0	0	0	0	0	0	0	0	51	0	0	0
13e1a8ef5dfcca644e919219d97a68ce	0	0	53	0	0	0	0	0	0	0	0	0	0	0	0
a3b217c0ba2223205164161250a9a695	0	0	0	83	0	0	0	0	0	0	0	0	0	0	0
21a9f8fc56fa92939679e6a56e1b61fb	57	0	0	0	0	0	0	0	0	0	0	0	44	0	0
e260786d7fc266f3e79e3d8ceebc2f64	0	0	0	0	0	0	0	0	0	0	0	0	0	79	0
be2e077df78e3a310b509d5f28c3727f	0	0	0	0	0	0	0	0	96	0	0	0	0	0	0
84aff32685919044a5d0119cfd96b9b5	0	0	0	0	0	110	0	0	0	0	0	0	0	0	0
900e514fef3ccadc2b3bd6104d75e904	0	0	0	0	0	0	0	0	0	0	0	104	0	0	0
0575e03dd47ffd862a79a215a24f1fe2	0	0	0	0	0	5	0	0	0	0	0	0	0	0	0
9e6234e2791cc43a6feecca127798666	0	0	0	0	0	0	0	0	18	0	0	0	0	0	0
8f55cff56d9841211fc39d0fa0060f3e	0	0	0	0	0	0	0	0	0	0	0	25	0	0	0
692a0779dbffb152c05be7ac51b66513	0	0	0	0	0	0	0	0	0	0	0	5	0	0	0
797cb1895d41e65e4a0cf91090694235	11	0	0	0	0	0	0	0	0	0	0	0	0	0	0
f816020d1a09b86cb9fe5336dd01f526	0	0	0	0	0	0	0	0	0	0	0	0	0	7	0
83d70d0fbdb7c7848647972a0eac9cc4	0	0	0	0	0	0	0	8	0	0	0	0	0	0	0
93bd2a9636c2a7453ef603eecc1091a8	0	0	0	0	0	0	0	0	0	0	0	0	7	0	0
ba32559c265b5e2c8024eaf3757c6cfd	0	0	0	0	0	7	0	0	0	0	0	0	0	0	0
aa5c5115e8ce15a9a8362678b8a12747	0	0	0	38	0	0	0	0	0	0	0	0	0	0	0
4953c79cd76391bde2871fd056335089	0	0	0	0	0	0	0	67	0	0	0	0	0	0	0
0544f19b38dd2d0f513b2c3cb6082f84	0	0	0	0	0	0	83	0	0	0	0	0	0	0	0
f1a7efcb192e806f4d0245d990ac6b8f	0	0	0	0	0	0	0	0	83	0	0	0	0	0	0
a678821238f653bbca638f04b0b68ea7	0	0	0	0	0	0	0	0	0	0	0	0	0	67	0
211b1767e55e9473d447aba3b29ab098	0	0	0	0	0	0	0	0	0	0	0	0	15	0	0
0db890b373561bc4ced39caf610bf2a6	0	0	0	0	0	0	0	0	0	0	0	0	52	0	0
3daa56bee1e091b2d7a718edbaf73cb1	0	56	0	0	0	0	0	0	0	0	0	0	0	0	0
79d4d0a6aeccf9d3a9524b5958e6b555	0	0	39	0	0	0	0	0	0	0	0	0	0	0	0
97c22fb4395c679aa6c0320c438bfa39	0	0	0	0	0	0	0	0	0	0	0	0	0	0	80
169aa745b942ab0319e04bd9b2c3fd84	0	0	0	0	0	0	0	0	61	0	0	0	0	0	0
821053ad50922c6fdfbfe1c55c930283	0	0	0	0	0	0	0	0	0	0	0	0	13	0	0
4d13612d9bf4f54fc1fcdb88f995aef1	0	25	0	0	0	0	0	0	0	0	0	0	0	0	0
9c2b2ea46e9bbc9cff57649134194093	0	0	0	0	0	0	0	0	0	145	0	0	0	0	0
35c19eb1a53900812e659a9313e99c8e	0	0	0	0	0	0	0	0	0	554	0	0	0	0	0
3e83354ebb15cbc43d801f513dd9472f	0	0	0	49	0	0	0	0	0	0	0	0	0	0	0
50aa1297c526083af5729bd5346aeb7a	39	0	0	0	0	0	0	0	0	0	0	0	0	0	0
a6b8edcbbfc091093f513659ad92b34d	0	0	0	0	0	0	0	0	0	0	0	101	0	0	0
8b4f27378c403bd3112391ca409a5d94	0	0	0	0	0	0	0	0	0	0	0	0	0	88	0
5cb822256d89e41009e005572ffb127b	0	0	0	0	0	0	0	44	0	0	0	0	0	0	0
8510607b1ef8c5f1ec1a3494c9946c5a	0	0	0	0	0	115	0	0	0	0	0	0	0	0	0
c59964828b149eba339a09a46460614e	0	0	0	0	0	0	35	0	0	0	0	0	0	0	0
80ad5a08af957ad701d54063b3c4147c	0	0	0	0	0	14	0	0	0	0	0	0	0	0	0
ab667bc5379b3a1d95c2c7e97e42672e	0	0	0	0	0	0	0	0	0	0	0	0	21	0	0
e9f685477f8277bdd528533dc984579f	0	0	0	0	0	0	19	0	0	0	0	0	0	0	0
bf8b541ab178a1ed37d726d53db6ad90	0	0	0	0	0	0	0	0	0	0	0	0	19	0	0
19c12c7cdeffef824658e81966858bb0	0	0	0	0	0	0	47	0	0	0	0	0	0	0	0
23fc40c345d53651c8dd34d6120a78cf	0	0	0	0	0	0	0	75	0	0	0	0	0	0	0
ddd2f5fca63f6eef2eeaea3f5b97af77	0	0	100	0	0	0	0	0	0	0	0	0	0	0	0
eb2190bc19ca7de278bb918b774dc07b	0	0	0	0	0	0	0	0	0	512	0	0	0	0	0
49e373e64c31e8829614f5d37c92331e	0	0	0	0	0	0	0	0	92	0	0	56	0	0	0
5770be5ff2b92bad0b90b175c8b85580	0	97	0	0	0	0	0	0	0	0	0	0	0	0	0
84a2d7cf36632e011bcb5a98d32cf113	0	0	0	0	0	0	0	0	0	0	0	0	11	0	0
d954e3ffa0468bf88db375cd907838d3	0	0	0	0	0	0	0	0	0	0	0	0	0	7	0
87185705f6e3b0c18199c3718a4e5202	0	0	0	0	0	0	0	0	0	0	0	0	0	0	6
884e099b92d0f5c0cd5c90c24e86217a	0	0	0	0	0	8	0	0	0	0	0	0	0	0	0
9e0cef6449b3b8deef44817a19f714d8	0	0	0	0	0	0	0	0	11	0	0	0	0	0	0
b843289453eb26fa21f5bd6d907bdfbb	0	0	0	0	0	23	0	0	0	0	0	0	0	0	0
cb5c5e53f4c1243594ebb920bb22b089	0	0	0	0	0	0	0	0	0	0	0	0	0	0	25
196c29dca99b168697db014458225e95	0	0	0	0	29	0	0	0	0	0	0	0	0	0	0
db9cb9260e08f0036d4e094986890292	0	0	0	0	0	0	0	0	0	0	0	0	0	30	0
28fd2def2862381d671a10e8c2718c7e	0	0	29	0	0	0	0	0	0	0	0	0	0	0	0
28a4349f17f8a732f5bcb27510a0183b	0	0	0	0	0	0	0	0	0	0	0	26	0	0	0
5eb87d0a5c4cb260ab61df7559d5f19d	0	0	0	0	0	50	0	0	0	0	0	0	0	0	0
b1ccd630024f7e52796e305b601287fc	0	0	0	0	0	0	0	0	0	0	12	0	0	0	0
8bd33a94d60c1f8b30789bf3278c8137	0	0	0	0	0	7	0	0	0	0	0	0	0	0	0
1a71f9afa6ef137b75f31a3d17710821	0	0	0	0	0	0	0	3	0	0	0	0	0	0	0
6433aa2f8fbc086f1de2fc7647644894	0	0	0	0	0	0	0	0	0	0	0	7	0	0	0
081ae9a78933ecdb71e36219d20f8a22	0	0	0	0	0	7	0	0	0	0	0	0	0	0	0
ea1b3ac35de32d8dce4cbbd6a15b50f8	0	0	5	0	0	0	0	0	0	0	0	0	0	0	0
de436478c100332460aa10b157d3aa4d	0	0	0	11	0	0	0	0	0	0	0	0	0	0	0
1a559764920e8873b114e38fdc97086d	0	0	7	0	0	0	0	0	0	0	0	0	0	0	0
824dd6ba3bb9b0f76a4be069458369cb	0	0	0	0	0	0	0	0	0	0	0	0	7	0	0
164dbadf60050f1d9ba8fa8b2e55606e	0	0	0	0	0	0	0	0	0	0	0	0	0	0	9
a434b9af5d9d5a3b0af5c9e435416799	0	0	0	0	0	0	0	2	0	0	0	0	0	0	0
9d08488c3663eb4b542acbc1fe6c2c56	0	0	0	0	0	0	0	0	0	0	0	21	0	0	0
40c2ad0cbbc875952cd4262408f90292	0	0	0	9	0	0	0	0	0	0	0	0	0	0	0
36d1d8cef54ff4377ab55ebb9c3a7a02	0	22	0	0	0	0	0	0	0	0	0	0	0	0	0
6b4b0365fecaad20cd732d8aed35d402	38	0	0	0	0	0	0	0	0	0	0	0	0	0	0
eb6cffe87000081b78f97fb67707bcb6	0	0	14	0	10	0	0	0	25	0	0	0	0	0	90
3a39db64c939dcc13a0d7414c62ebdd6	0	0	0	0	0	0	5	0	0	0	0	0	0	0	0
33762092b218916a0bfbf5523afa324c	0	0	0	0	0	0	0	0	0	0	0	0	27	0	0
8b0124a53a25218a606f8d2e0b6b33a1	0	0	0	0	0	0	0	0	0	0	0	0	0	31	0
145e28505d15f885175f5b86bd230dd9	0	0	0	0	0	95	0	0	0	0	0	0	0	0	0
b2ce8fa7d50fcc6c00944d60039649f9	0	0	0	0	0	0	0	13	0	0	0	0	0	0	0
0cf5b89eba90137f869bbfd437217f32	0	0	0	0	0	12	0	0	0	0	0	0	0	0	0
d4a5c52a8d3165c35305d55bf18de347	0	0	0	0	0	0	0	0	0	0	0	0	2	0	0
e2095034103dcfa7d97d17372d20e325	0	0	0	0	0	0	0	0	0	0	0	0	9	0	0
1ecc0758d5f423c0b88edd728c41ac80	0	0	0	0	0	0	0	0	0	0	0	0	0	11	0
31fe5e3168cc5e0b89b8642d34566837	0	0	0	0	0	0	0	0	0	0	0	0	14	0	0
5c8737d8c41b2ff6409055e517b1c642	0	0	0	0	0	0	0	0	0	0	0	0	42	0	0
1dba341837bc6c44f77f46d0cf4bca56	0	0	0	0	0	0	0	16	0	0	0	0	0	0	0
8512f90f3c8e02ad0e172a732366e760	0	0	0	0	0	59	0	0	0	0	0	0	0	0	0
b3733b7b6b2da40c6891db393e4902a1	0	52	0	0	0	0	0	0	0	0	0	0	0	0	0
47889cfd1399177ef5f00fd770558c35	0	0	0	0	0	0	54	0	0	0	0	0	0	0	0
6952b3c06b7fc6a9c2cbfa3e38ecd7fd	0	0	0	0	0	0	126	0	0	0	0	0	0	0	0
cb1d420a5ba7bd621a3681e707bc477a	3	0	0	0	0	0	0	0	0	0	0	0	0	0	0
356e1ee60a4a2396c1eddd06ae22dcf8	0	0	0	0	0	0	5	0	0	0	0	0	0	0	0
b1679aa384749945fed28e0aaaefa0a5	0	0	0	0	0	0	5	0	0	0	0	0	0	0	0
8a2166236298ea48f20127ed56939560	0	0	0	0	0	0	1	0	0	0	0	0	0	0	0
860238ff7ced4013074c099469e61eee	0	0	0	0	0	0	1	0	0	0	0	0	0	0	0
94306c833b73b541da390507fd69f9cd	0	0	0	0	0	0	1	0	0	0	0	0	0	0	0
90a3c01161f6a9ce70b0484650966094	0	0	0	0	0	0	1	0	0	0	0	0	0	0	0
0ae30704cf2fc06602f45c118185423c	0	13	0	0	0	0	0	0	0	0	0	0	0	0	0
ff33e099f1db777c557dac9978726975	0	0	0	0	0	12	0	0	0	0	0	0	0	0	0
cdd30ffd07fb593fc47cc7a9d76b7803	0	0	0	0	0	0	345	0	0	0	0	0	0	0	0
eff09605243f694f3eeccc4207153e2c	0	45	0	0	0	0	0	0	0	0	0	0	0	0	0
fbff37c116eb2b137ac6c101dcd3a0dd	0	0	0	0	0	0	0	0	0	6	0	0	0	0	0
f7e14f646d70c75b0a7f000df7f1cfd4	0	0	0	0	0	0	0	0	0	0	0	62	0	0	0
e1b679b92ac5e42394c22b3884ea7768	0	0	0	0	0	0	0	0	0	0	0	0	0	104	0
0752434534c32c3a7e4e8b19a5df86a2	0	142	0	11	0	0	0	0	79	0	0	0	0	0	0
621a1d4045eb17607e27bb0a7c94dd36	0	0	0	0	74	0	0	0	0	0	0	0	0	0	95
a5bc564ffa327f78c48d55983c431529	0	0	81	0	0	0	0	0	0	0	0	0	0	0	0
4c218c6fd362ec51367344ea3c98a88e	70	0	0	0	0	0	0	0	0	0	0	0	0	0	0
e08c1a4cff452ade892e56fe61657c47	0	0	0	0	10	0	0	0	0	0	0	0	0	0	0
7faa90fcee2d228deb760e4f88094f7c	0	0	0	0	0	0	0	0	0	0	0	0	13	0	0
6535e5a80480ee72be2e5b03a8d73171	0	0	0	0	0	0	0	0	0	0	0	0	0	16	0
01510276507801686925cc159ecb6079	0	0	0	0	0	0	75	0	0	0	0	0	0	0	0
5b4498639fd3226415159fe709eff238	0	65	0	0	0	0	0	0	0	0	0	0	0	0	0
f4b813afbebc4125d1fe629060cac865	0	0	0	0	0	0	51	0	0	0	0	0	0	0	0
e89a19c114e5507024795d2ed79dcbd5	0	0	0	0	0	54	0	0	0	0	0	0	0	0	0
8a1cd114195044dc4be8fea829d43f71	0	0	0	34	0	0	0	0	0	0	0	0	0	0	0
c3d8380d62ab3221d78a8d5370ff46cf	0	0	46	0	0	0	0	0	0	0	0	0	63	0	0
802152b177abb3571f140c939974b8d6	0	0	0	0	67	0	0	0	0	0	0	0	0	0	0
77c3cf7c19492ff60d7eca9d81ba4a3b	0	0	0	0	0	0	0	0	0	0	0	21	0	0	0
1c01fe5e9acd87f28108393fc556ae12	0	0	0	0	0	0	0	0	0	0	0	0	0	0	73
c6ac421a1390b8104bce47d97c0a231f	0	0	0	0	0	0	0	0	0	0	0	0	0	59	0
577aa3ace6584ca3123871c3e73119fa	0	0	0	0	0	17	0	0	0	0	0	0	0	0	0
d6bb1ac9901caa41943ff86a8c06b135	0	0	0	0	0	9	0	0	0	0	0	0	0	0	0
7896ad8f7398c504250d9fdf71fe7006	0	0	0	0	0	0	0	0	0	0	0	28	0	0	0
21bcf90c585b57b3ac42786631210116	0	0	0	0	0	0	0	0	0	0	0	0	0	0	72
41bdb24977b7e0a09bf9dc4d5132f3b2	0	0	0	0	0	0	0	0	102	0	0	0	0	0	0
23911b3473e3cfe55e30600de15fc24a	0	50	0	0	0	0	0	0	0	0	0	0	0	0	0
9ba9fe9377fb23b8296b211bd5fca359	0	0	0	0	0	122	0	0	0	0	0	0	0	0	0
5f21b538c5e6345b4952d27887547adc	0	0	0	126	0	0	0	0	0	0	0	0	0	0	0
235712e9c3219dbacc8084fbcc3385ba	0	0	99	0	0	0	0	0	0	0	0	0	151	0	0
891f80cbe29401e1a26c0f43cba29c5a	0	0	0	0	76	0	0	0	0	0	0	0	0	0	0
5d591b2bdcb8504329ce4c13f5b663e6	0	0	0	0	0	0	0	0	0	0	0	53	0	0	0
3a3ee13db99bb4281e7c539f3ebbf999	25	0	0	0	0	0	0	0	0	0	0	0	0	0	0
49ebfddcf3e90425139155edf9eec9c0	0	0	24	0	0	0	0	0	0	0	0	0	0	0	0
117d9d2ae8c176c017a36fd29fef5bb6	0	0	0	0	0	0	0	0	0	24	0	0	0	0	0
e19fa93c61bf18023f115794acc62d31	0	0	0	0	0	0	0	7	0	0	0	0	0	0	0
7a3099995d4748480c18f619456bd276	0	0	0	2	0	0	0	0	0	0	0	0	0	0	0
7579cad8d214a3fb9716a23c647531b1	0	0	0	0	32	0	0	0	0	0	0	0	0	0	0
9c9ae81141788affc9852a16e5d6e2c4	0	0	0	0	0	0	0	0	0	0	0	0	97	0	0
34cdf9e4e4ddcb52c290d9ca103663aa	0	0	0	0	0	0	0	0	0	0	0	24	0	0	0
6e9ff101bb50bc50f503197e9d966a33	0	0	0	0	0	105	0	0	0	0	0	0	0	0	0
3b2e2d81898ed8c59a16e4f1a49604a9	0	0	0	0	0	0	0	0	0	0	0	0	0	15	0
5b94ffdebb669587dd45364fbcb1d704	0	0	0	0	0	0	0	0	0	0	0	0	0	14	0
e8f0e7e071c4838decf512d311f229ba	0	0	0	0	0	11	0	0	0	0	0	0	0	0	0
ecb89a6a6396bbe43376b1f8ea309a50	0	0	19	0	0	0	0	0	0	0	0	0	0	0	0
da59d80a5ba3095019bb3c4473a7f122	0	0	0	0	0	0	23	0	0	0	0	0	0	0	0
a312e2235703e0b05d2bc9c9c624f808	0	0	0	21	0	0	0	0	0	0	0	0	0	0	0
a97818403558d4487d8ed80d4f88c741	0	0	0	0	0	0	20	0	0	0	0	0	0	0	0
028b8ea1788ba9de2ed0a69cd796ba06	0	0	0	0	0	0	0	0	0	0	0	0	0	0	43
52e78dd7e40409bbc9340698bd652b08	0	0	0	0	0	7	0	0	0	0	0	0	0	0	0
436456899b8e3b22221cdb168fead05f	0	0	0	0	0	0	0	0	0	0	0	0	0	46	0
62ba14c28896c9b9ef91708696012045	0	0	0	0	0	0	0	0	0	0	0	0	55	0	0
c692ed43d1afa85918667d50be1d9a1b	0	0	0	0	0	38	0	0	0	0	0	0	0	0	0
6042bc59f77817fdbaeafafd5eec8d7a	0	0	43	0	0	0	0	0	0	0	0	0	0	0	0
70344135956f305f7406ba9a9ab716d4	0	0	0	0	0	0	0	0	0	0	0	0	0	54	0
a2091eb59616b73d6bd0baeea8c1a8a8	0	0	0	0	0	0	0	0	0	0	0	0	83	0	0
d5a7f7f92c70f9e6e5ef8ecd1e7dc78c	0	0	0	0	0	49	0	0	0	0	0	0	0	0	0
1805518822e44b8bf19d139abcfd4c16	0	0	0	0	0	0	0	0	0	0	0	0	10	0	0
0c13daa915e59c4c6e61285f12919f9b	0	0	0	0	0	0	0	0	34	0	0	0	0	0	0
98d6ecd89622df5b497e4b497f9438c7	0	0	0	0	0	12	0	0	0	0	0	0	0	0	0
793dbcc9d1f64c008bcd2460231d54c2	0	0	0	0	0	0	18	0	0	0	0	0	0	0	0
15e6792d09139150fe63d516c4f9b699	0	0	0	0	0	0	0	0	0	0	0	4	0	0	0
18b0d7c79d38aa8828ae6cf8637d58c9	0	4	0	0	0	0	0	0	0	0	0	0	0	0	0
cbdae308baefb63bb9101bc4a999c667	0	0	0	3	0	0	0	0	0	0	0	0	0	0	0
27917abae668cb31d4ed4b5f16b76517	0	0	0	0	0	0	0	0	0	0	0	0	0	0	8
1d567b4f6ecb739ae1c9faf6537dacdd	0	0	0	0	0	0	0	0	0	0	0	10	0	0	0
a2a424771ace0afaa89ab6baba795abe	0	0	0	6	0	0	0	0	0	0	0	0	0	0	0
60f1726dd5a239bfa88478541a8a531e	0	0	0	10	0	0	0	0	0	0	0	0	0	0	0
0839dab82730bd08b9e971b2d153b437	0	0	0	0	0	0	0	0	0	0	0	0	0	28	0
4eeb5e2eb35781f5b006f4aea9116c1c	0	0	0	0	0	0	0	0	0	0	0	0	4	0	0
3e420ef632736ca8a33dc867d36cdb91	0	0	0	0	0	26	0	0	0	0	0	0	0	0	0
af1ad3fcd4a0366cd4531a3740071a7d	0	0	0	0	0	0	0	0	20	0	0	0	0	0	0
1ca945fbb4629819dac011025c989cd2	0	0	0	0	0	0	0	0	0	0	0	27	0	0	0
6824ad45f004613f63032f809dcecf18	0	31	0	0	0	0	0	0	0	0	0	0	0	0	0
f07a258b0aab8c4c0c8a508166278096	0	0	0	0	0	0	17	0	0	0	0	0	0	0	0
9bc01f22a782292b8285dd68a5939723	0	0	22	0	0	0	0	0	0	0	0	0	0	0	0
3ba93aa64f0a1e517eb2b04e88792b81	0	0	0	0	0	0	0	0	0	0	0	0	0	0	18
10e1c0b320fa825230150b81f9ee9637	0	0	8	0	0	0	0	0	0	0	0	0	0	0	0
55f90bac7208ee4e32fc47dd90cf8ef8	9	0	0	0	0	0	0	0	0	0	0	0	0	0	0
6b93a98502dc3b83e43efea48256afa0	0	0	0	0	0	0	0	15	0	0	0	0	0	0	0
9dd2c632cf5c8e6df0f0b240445920ce	0	0	0	0	0	0	0	0	0	0	0	9	0	0	0
ad9efd724d6a698635ae8ad72f597b64	0	0	0	0	0	0	1	0	0	0	0	0	0	0	0
0b6eeb1adf8d056ae7adab0cdd837e2c	0	0	0	0	0	0	0	0	10	0	0	0	0	0	0
e175e3f07caf09bc09d2cb3f32f67946	0	0	0	6	0	0	0	0	0	0	0	0	0	0	0
66708d896af24e13258db7efac40e913	0	10	0	0	0	0	0	0	0	0	0	0	0	0	0
1bf62fe61eb8c2c3c9b8966418bd117c	0	0	0	0	0	0	0	0	0	0	0	0	0	55	0
56c99621b2f82a0d29468dbe2218ce66	0	0	0	0	0	0	0	28	33	0	0	0	0	0	0
9cdea5aefe16a48030f454140b5813b9	15	0	0	0	0	0	0	0	0	0	0	0	0	0	0
75d14e4cd0281a2d941826fdc83d0a8e	0	49	0	0	0	0	0	0	0	0	0	0	0	0	0
af05c00258c46a4c08620e02fa4661fb	0	0	0	0	76	0	0	0	0	0	0	0	0	0	0
e829b7312ba203c1aa39d8256a36d5a5	0	0	0	0	0	0	0	0	0	61	0	0	0	0	0
aa77f6d0d7a346e690a200b8cca3023b	0	0	0	0	0	0	0	208	207	0	0	0	0	217	297
93267db31328b4ee167eede70b697d41	0	0	0	0	0	0	0	0	0	0	0	195	0	0	0
a56abae76eda9c995c762691c5443a6a	0	0	169	0	0	0	0	0	0	0	0	0	0	0	0
97f10fb319928fe5fbd467591d4b9aba	0	0	0	0	172	0	0	0	0	0	0	0	0	0	0
cfff7a0ad6139d3e5a95ddbdd051c85e	0	0	0	0	0	0	143	0	0	0	0	0	0	0	0
ed6639562fb7b11f08a1edf271e02d1a	0	223	0	0	0	243	0	0	0	0	0	0	0	0	0
052a47a218a06e6444a091239ac77d51	0	0	0	0	0	0	0	0	0	0	0	0	260	0	0
2629127ef812507897ee161eb92db465	0	0	0	99	0	0	0	0	0	0	0	0	0	0	0
aae2035718ffeaf6b2769639fa67df57	0	0	0	11	0	0	0	0	0	0	0	0	0	0	0
3a7ed2e211e8c23c1c246a1f3d180ead	0	0	0	0	0	49	0	0	0	0	0	0	0	0	0
d9bf55fe3a16f01e41cca1df74600880	0	0	0	0	0	0	0	0	0	0	0	0	0	0	19
0ae7c1ed3cee2cbd9fe1e84bac975628	0	0	0	0	0	0	0	0	0	0	0	32	0	0	0
aa7aefbb0822c2ce7e62d4ac78c5a7ee	0	0	0	0	3	0	0	0	0	0	0	0	0	0	0
a2ad6e7ae6382e863dcbff023791d73f	0	0	0	0	0	0	39	0	0	0	0	0	0	0	0
35f872b75c79a67712119225859e7a8f	0	0	0	0	0	0	0	49	41	0	0	0	101	98	78
c5bc5cc20094fa38363b60b80113b1b6	0	0	0	0	0	0	0	0	0	0	0	40	0	0	0
40f9ebe7df4ed9a440446ee43343da2b	0	0	0	0	0	0	46	0	0	0	0	0	0	0	0
f64b13b26a1ecafed686525e539784ab	0	81	0	0	0	119	0	0	0	0	0	0	0	0	0
c522c6c97df387bc165859a5adc56a2b	0	0	110	0	0	0	0	0	0	0	0	0	0	0	0
c2c650e3c80b77ba1c7aa39a522640bb	0	0	0	6	0	0	0	0	0	0	0	0	0	0	0
b598bce98994afe226bd57144a480e6b	0	0	0	8	0	0	0	0	0	0	0	0	0	0	0
73d709e7af3d0e292b4d67fb131ef226	0	0	0	0	0	0	0	0	0	0	0	0	0	11	0
91f2c91ab39ad3e3772f0aacb078d11a	0	0	0	0	6	0	0	0	0	0	0	0	0	0	0
a8ec2f51631f50f84d642806c996698f	0	0	0	4	0	0	0	0	0	0	0	0	0	0	0
34c12c374e9da4b5be6819d18eb93eb5	0	0	0	0	0	0	0	0	0	0	0	14	0	0	0
47a2f61c68c8b570e3cb2ef47622b10e	0	0	0	0	0	0	0	0	0	0	0	21	0	0	0
03a988e6dc07cab00be5d8eadefdc6a8	0	0	4	0	0	0	0	0	0	0	0	0	0	0	0
7b998ad1fdef3b32618beebd8874ab8e	0	0	0	0	0	0	0	0	0	0	19	0	0	0	0
df125a6ceff4cd1d4336aedf0206cedc	7	0	0	0	0	0	0	0	0	0	0	0	0	0	0
51da75c079785bab204bdb689e03a3da	0	2	0	0	0	0	0	0	0	0	0	0	0	0	0
ee6660432b061da570e21e759fa6e94f	0	0	6	0	0	0	0	0	0	0	0	0	0	0	0
6d51b40c90c397b1c9674c0dc3a3c423	0	0	0	0	0	0	0	9	0	0	0	0	0	0	0
891b3aad5599b5f904bc5a76421df8c5	0	0	0	0	0	0	0	24	0	0	0	0	0	0	0
1fd5e290137bed237a4f97912ff52021	0	0	0	0	0	0	0	0	0	0	0	16	0	0	0
9ccaa8bd49d033afe9165978269522e8	0	9	0	0	0	0	0	0	0	0	0	0	0	0	0
497a259b6fdd61b7287d9b22c8bc1012	0	0	0	14	0	0	0	0	0	0	0	0	0	0	0
550aa85251d7b1d70340effdf9eb0302	0	0	26	0	0	0	0	0	0	0	0	0	0	0	0
9ca7ec2f6285452df7c6d5e3ddf4e2bd	0	0	0	0	0	64	0	0	0	0	0	0	0	0	0
d79aa78542bf96fdae81f9b80b512915	0	0	0	29	0	0	0	0	0	0	0	0	0	67	0
78b5de1a89e522c39125eb9e8c6a9701	0	0	0	0	0	0	0	13	0	0	0	0	0	0	0
efed513214a15aab8c3dd68e0cbbb266	0	0	0	0	0	0	0	0	0	141	0	0	0	0	0
31389b5f55d96c1c72e3ac6697f66068	18	0	0	0	0	0	0	0	0	0	0	0	0	0	0
9085eaaf47bb370f861243462e1a4284	0	16	0	0	0	0	0	0	0	0	0	0	0	0	0
67a0c0b804a5ea9f72a6c95f0ea8969e	0	0	0	26	0	0	0	0	0	0	0	0	0	0	0
6399fdde5f096001ebde4a4207b07dcc	0	0	0	0	0	0	0	0	0	142	0	0	0	0	0
00f7113b1a97acbc24ef089a37836059	0	0	0	0	0	0	0	0	0	0	0	0	96	0	0
f5124fbe5ca733394d8a967c1df1f159	0	0	0	0	0	0	33	0	0	0	0	0	0	0	0
2dd4a19a5f9b197ebcf9f5ff3bae30d1	0	0	0	0	0	0	0	34	0	0	0	0	0	0	0
ab158f7a5e6acb52b3347325faa9a6aa	0	0	0	0	35	0	0	0	0	0	0	0	0	0	0
6094095384e78ba8f38c3164b418fab1	0	0	0	0	0	0	0	0	4	0	0	0	0	0	0
ebb3a586651a324153eec8c4c326d412	0	0	0	0	27	0	0	0	0	0	0	0	0	0	0
3d33a6fbce67c4d4bd98dc7438ddbb42	0	0	0	0	0	0	0	0	0	0	0	0	0	0	37
776922175b7354fe8fccedb102202b7d	0	0	0	0	11	0	0	0	0	0	0	0	0	0	0
bfcc9368f8a2ac794a74de7206a15168	0	0	0	0	0	9	0	0	0	0	0	0	0	0	0
7da5c646ffc1f9cdcd38802517b25a4c	0	0	0	0	0	0	0	0	0	0	0	0	6	0	0
88670899447116035753711ed55ba216	0	0	0	0	0	36	0	0	0	0	0	0	0	0	0
df47c105d27a3dd4d2347b14a21f9042	0	0	0	0	0	0	0	0	0	0	0	11	0	0	0
c9ecd2794dae49c07f3e084fbc14da99	0	0	0	0	0	0	0	0	0	0	0	0	11	0	0
7d3b7508c0d8796b01ea06dc3d07d387	0	0	50	0	0	0	0	0	0	0	0	0	0	0	0
7a0ef6b783ee87138352e01aa5a4349b	0	0	0	0	0	0	24	0	0	0	0	0	0	0	0
19beaff0e15bb17e542cdd605076847c	0	0	0	0	0	0	0	0	0	0	9	0	52	0	0
d97429e30aa24799bd3a6c096a27dccc	0	0	0	0	0	0	3	0	0	0	0	0	0	0	0
cd9cbe82774538777d794c6626cd8006	0	35	0	0	0	0	0	0	0	0	0	0	0	0	0
4d900e1537c07531956dbd7000e2614d	0	0	0	0	0	0	0	0	0	0	0	0	0	44	0
04915dd0639c7b6f2bd8711c8e42f961	0	0	0	0	0	10	0	0	0	0	0	0	0	0	0
0b83773f247e5e3ff03fa57287386053	0	0	0	0	0	0	0	0	24	0	0	0	0	0	0
e2dca486523a7792697c4a42b53ea4d5	0	0	0	0	0	0	0	0	0	0	0	20	0	0	0
7ff785ad50996f5dd5d24c638e2e6c87	14	0	0	0	0	0	0	0	0	0	0	0	0	0	0
992d836677d9ed7289c067f19e94346a	0	0	0	0	0	18	0	0	0	0	0	0	0	0	0
930b24ad54c35959b257f65570c4c1d8	0	0	0	0	0	0	9	0	0	0	0	0	0	0	0
ba37634b8d7fc10ff8b32ca87b7ec284	0	14	0	0	0	0	0	0	0	0	0	0	0	0	0
8f9c3ba86ddaf920f53664fa7940cf0c	0	0	0	0	5	0	0	0	0	0	0	0	0	0	0
d4b39d77a58052d54dee0739d16fe8c1	0	0	0	36	0	0	0	0	0	0	0	0	0	0	0
d9fd937c886cc74e3cc373fcde37b2d1	0	0	0	0	0	0	0	0	0	0	0	83	0	0	0
68db051fcae8f3b2f713b657880232a1	0	0	0	0	79	0	0	0	0	0	0	0	0	0	0
732134660dde8c11ee3b36bbcc68ccbe	0	0	36	0	0	0	0	0	0	0	0	0	0	0	0
f19d877e1190c44bae723a9721c57a13	0	0	0	0	0	0	0	0	0	0	0	0	0	0	31
f4d28491fb0cb021b268c2dda6569cbc	0	0	0	0	0	40	0	0	0	0	0	0	0	0	0
49c2b6c149956749bf05dbc6a437cbe5	0	0	0	0	0	0	0	0	0	0	0	0	0	133	0
7ce74810a851dab4947519e9b68a27b4	0	0	35	0	0	0	0	0	0	0	0	0	0	0	0
c05d4e8e786731c7582848eb0741edf5	0	0	0	0	0	0	0	0	0	0	0	0	0	0	97
16d96a08806eae35c152b11865f0925e	0	0	0	0	0	0	0	0	0	122	0	0	0	0	0
afcf54655c4dddf44149107ef099aae2	0	66	0	0	0	0	42	0	0	0	0	0	0	0	0
af80d801c4e286fbb1380e417496bf27	0	0	0	0	95	0	0	0	0	0	0	0	0	0	0
20581235711762f164360048a7d2c3e5	0	0	0	0	0	0	0	0	0	0	0	0	0	69	0
faf72c081f3c8258fcdc9823de800bfa	0	0	0	0	0	0	0	0	0	0	0	0	0	0	183
46fbec656725f10da22ae3b56c1ede07	22	0	0	0	0	0	0	0	0	0	0	0	0	0	0
65c4104e092d0a0e5555d7f57201ee4d	112	0	0	0	0	0	0	0	0	0	0	0	0	0	0
8523bb5b31d8def88f438508a3b332cc	0	0	0	0	0	0	0	0	0	0	0	0	91	0	0
a59b0bd1cdc0d2ca8fc943af5a33091b	0	169	0	0	0	0	143	0	0	0	0	0	0	0	0
1b1ea46a2893b68cb96bd9b07500a011	0	0	0	0	0	0	0	0	0	0	0	144	0	0	0
012778f6e3c71a676f9a9b72b6cee009	0	0	0	0	0	229	0	0	0	0	0	0	0	0	0
3b06036a4df0c057bd35b76223a6e3ed	0	0	0	0	0	0	0	0	146	0	0	0	0	0	0
c8018fe1c8d4194fd488356b7c4c0a85	0	0	135	0	0	0	0	0	0	0	0	0	0	0	0
47b0067db73df818c31bf3edd921254f	7	0	0	0	0	0	0	0	0	0	0	0	0	0	0
de57adc6503fae8d382810a0b91bce52	0	0	0	0	0	0	12	0	0	0	0	0	0	0	0
0f8797c13e12b83f45c2074367eece7c	0	4	0	0	0	0	0	0	0	0	0	0	0	0	0
2cfc5bf3771db6689da40f3147a91b49	0	0	0	10	0	0	0	0	0	0	0	0	0	0	0
2ad2a3f23b8884ba0ae9b51d8f79b927	0	0	0	0	0	0	0	0	0	0	0	22	0	0	0
7336c474c60d7c72a6139fe420cec43f	0	0	0	0	0	0	0	0	12	0	0	0	0	0	0
72634157700e146405728e0ada90738b	0	0	0	0	0	0	12	0	0	0	0	0	0	0	0
327b9da681a3e1b6a4ad638c7374398a	0	0	0	0	40	0	0	0	0	0	0	0	0	0	0
584e00d9a58f922c20dbc883bfb02ad0	0	0	0	0	0	0	0	0	0	0	0	0	0	0	15
7172e520f63a0efed908f1809041dd79	0	0	0	0	0	0	0	8	0	0	0	0	0	0	0
0bab155977ec2d8084b83daf6f5870f6	0	0	0	0	0	2	0	0	0	0	0	0	0	0	0
9c17f9340eee56210b35b32681c45c20	0	0	0	0	0	0	0	0	0	0	0	0	0	0	60
ca62e114a6d1e79ced6f2f3229f63a17	0	0	0	0	0	42	0	0	0	0	0	0	0	0	0
3688c8e8e09de03c5514ae9e854c862d	0	0	0	0	96	0	0	0	0	0	0	0	0	0	0
74ab461d6061341295d80a8f73c1227f	0	0	24	0	0	0	0	0	0	0	0	0	0	0	0
f46954d189ef87067d816c0aeefd9ccb	0	0	0	0	0	0	0	49	0	0	0	0	0	0	0
ac295cfff531ed07eb68611960568506	0	0	0	0	0	8	0	0	0	0	0	0	0	0	0
d3551fbfe789a60bf834b41bc9c8203b	0	0	0	0	0	0	0	0	0	0	0	0	0	18	0
8010d4b5d6d15adc13b95b100663621f	0	0	0	0	0	0	27	0	0	0	0	0	0	0	0
c4588e473f5bd00e1a18534ed5bb36cd	0	0	47	0	0	0	0	0	0	0	0	0	0	0	0
69c137b94ab36770ff4927444d9a2577	0	0	0	0	0	0	0	40	0	0	0	0	0	0	0
cc0d3f7736b9061d6a392ce47f6e8087	0	0	0	0	0	0	0	0	0	0	0	0	0	0	34
cca8e4ac6b315457d70840d4e453a5fa	0	0	0	0	0	0	0	0	32	0	0	0	0	0	0
dde92179d96f595ce116ab617d75a9ac	0	0	0	0	32	0	0	0	0	0	0	0	0	0	0
01592a3574473bef1d33fd15e7d46c4e	0	0	0	0	0	0	0	0	6	0	0	0	0	0	0
ea54ddbcff666573e2ba6782671805d8	0	0	0	2	0	0	0	0	0	0	0	0	0	0	0
65fe494ae1599e74b883fbe0b8171275	0	0	0	0	0	0	20	0	0	0	0	0	0	0	0
3b83c2dbab8ddb41080c68d34078ed6e	0	0	0	0	0	0	14	0	0	0	0	0	0	0	0
b444f14b851ba199d3cecb8d0b0d38d4	0	0	0	0	0	0	0	0	0	0	0	0	0	32	0
2648d546701d3daa326ca376c52fe5af	0	0	0	0	0	0	0	0	0	0	0	0	31	0	0
59153d07243ff7b85a84477b330e88af	0	0	47	0	0	0	0	0	0	0	0	0	0	0	0
129472a881ed2f730f47e63bb8173c28	0	49	0	0	0	0	0	0	0	0	0	0	0	0	0
08e20bca20e5c90b3eb9ded4e2117ac4	0	0	0	0	0	0	0	69	0	0	0	0	0	0	0
86f505fbec97213e116d55fc869cbf77	0	0	0	0	0	0	0	0	81	0	0	0	0	0	0
f520611a016924b5ed9c3dc7b11b548a	0	0	0	0	0	0	0	0	0	0	0	0	0	0	30
b7fab5eb7c88c536482586addd08519e	0	0	0	0	0	0	0	0	0	0	0	87	0	0	0
e84873d36809f81b40018fede04e9488	0	0	0	0	100	0	0	0	0	0	0	0	0	0	0
ca7422f017c707a8b424e70480c2336d	0	0	0	0	0	0	0	0	0	0	0	0	27	0	0
1887a34e2e6aef583488231fb658e0cc	0	0	0	0	0	0	0	0	0	0	0	22	0	0	0
ce77525a0c4f9c8ad8d31c5fcc22e396	0	0	0	0	0	0	0	0	0	0	0	0	0	34	0
39d50750e2752311ccb0b7b7590c8f7e	0	0	0	21	0	0	0	0	0	0	0	0	0	0	0
cef1a9fa6e447ff35c0359b558e58827	0	0	0	0	6	0	0	0	0	0	0	0	0	0	0
90713480037fa53d611cbefa3d7cf781	0	0	0	0	0	0	0	0	0	0	0	0	6	0	0
ad1dc401c6114f2b57398f18db7e67c9	13	0	0	0	0	0	0	0	0	0	0	0	0	0	0
67143ccb354941e6194ecc393d053431	0	0	0	0	0	0	0	20	0	0	0	0	0	0	0
f91a2a77539e47eb17ab9287b19291dc	0	0	0	0	0	0	0	0	0	0	0	24	0	0	0
fad8e48c6275b6e516c6a0b34cf5e471	0	0	0	0	0	0	0	38	0	0	0	0	0	0	0
55a94eb8174dfdfa3d315754bff82a76	0	0	40	0	0	0	189	0	0	0	0	0	0	0	0
4ddfe24c8b8d3b32f0516ebf57c90317	0	0	0	0	0	0	0	0	0	0	0	0	0	0	92
47ac924c36b1adf7797ca6a9cf7c02c7	27	0	0	0	0	0	0	0	0	0	0	0	0	0	0
cf028fff874066c1cf61ad47501b6b4e	0	0	0	0	0	0	0	0	0	0	0	0	0	46	0
b8ce3f0b7c6c11c67c4a843dff290433	0	0	0	37	0	0	0	0	0	0	0	0	0	0	0
84756c31afefdcc54ce3002a9f78e110	0	0	0	4	0	0	0	0	0	0	0	0	0	0	0
8af1bd6e7c6239ef10696bfca24c87f8	0	0	0	0	93	0	0	0	0	0	0	0	0	0	0
8e3d8fe3a90e1b987bd6f64b45436303	0	0	0	0	0	0	0	13	0	0	0	0	0	0	0
904fa6782e2571b876c2450b05cc498c	0	44	0	0	0	0	0	0	0	0	0	0	15	0	0
853acee25246931f9d2b9200f6ea9649	0	0	0	0	0	0	0	0	26	0	0	0	0	0	0
a7a7e1abb0b8c3ca7e631de7b1c97131	0	0	0	0	0	0	0	0	0	0	0	27	0	0	0
9f00557adca0d49fb9387a859cf94d6d	0	0	0	0	0	14	0	0	0	0	0	0	0	0	0
dabfbac3b6528f424d380a85b45f52d4	0	0	0	0	0	0	0	0	0	0	0	0	0	0	68
80e6e64de305a9c4ae6e2ea3f4f04ce4	5	0	0	0	0	0	0	0	0	0	0	0	0	0	0
871a3764852cd6ed51303f92402bf8c7	0	0	0	0	0	0	7	0	0	0	0	0	0	0	0
37b04c7504dfa5b8c001c5d11eea0fbc	0	0	0	0	0	0	0	0	0	0	0	0	14	0	0
7eb7d9806d392d44fb5040edb6333b96	0	0	0	0	0	0	19	0	0	0	0	0	0	0	0
f7c42dc51dcd1a5ede394971cd5f673b	0	0	0	0	0	0	0	0	0	0	0	0	0	21	0
67586fdccd7755bf87682ce6472835d5	0	0	0	0	24	0	0	0	0	0	0	0	0	0	0
0ad7bea0767a67a0c21adb0b8ee395e2	15	0	0	0	0	0	0	0	0	0	0	0	0	0	0
b446b6b55a596c8af27587fc8708dc3a	0	0	0	0	0	0	0	53	0	0	0	0	0	0	0
8318438afcf28ef1e1ccdb3d80916351	0	0	0	0	0	74	0	0	0	0	0	0	0	0	0
afdf03bc2be911a0119d3c81fa358ea2	0	0	0	0	0	0	0	0	0	0	0	0	0	0	13
48eb1516dd78d19fc3c378238fb751e7	0	0	0	15	0	0	0	0	0	0	0	0	0	0	0
e093c0aa61e4fe8702c19061fbebbf6a	0	0	0	0	0	12	0	0	0	0	0	0	0	0	0
a99431e69a3ceaffd3f3c3d3578dbbf2	0	0	0	11	0	0	0	0	0	0	0	0	0	0	0
c8014b556de1f5fd63cc05658606db24	0	0	0	0	0	0	0	0	0	0	0	62	0	0	0
889b5c3e2c1316a33a3dd219bca8b780	0	167	0	0	0	0	0	0	0	0	0	0	0	119	0
d99607af6618e969727fb8dfeb240735	0	0	100	0	0	0	0	0	0	0	0	0	0	0	183
f67649e1167ac1fc30fc52f601e3bb57	0	0	0	0	0	245	0	0	0	0	0	0	0	0	0
529ff4ac1c844ab2e497205d112c6bf7	0	0	0	0	100	0	0	0	0	0	0	0	0	0	0
dcc6f222aa715170edcb16f1784cc6c8	0	0	0	0	0	0	0	0	0	0	0	0	40	0	0
52a053469866879218c53037b1953f9c	0	0	0	0	0	0	0	0	90	0	0	0	0	0	0
e3f6702261fc4cea8ee1d56bda619cd0	0	0	0	0	0	0	49	0	0	0	0	0	0	0	0
675a28f1c9253aeddf47703ac0a00937	0	0	0	0	0	0	0	0	0	0	0	0	0	11	0
cf7b3ea80c6547ce716392f0b652eb99	0	0	35	27	47	0	0	68	0	0	0	0	0	0	0
26cc35e60d0a09cc38db176f65e297d3	0	55	0	0	0	0	0	0	0	0	0	0	0	0	0
2f6d3c7818a481a1ba10e4d63920b5a2	79	0	0	0	0	0	0	0	0	0	0	0	0	0	0
ad6653f50f4300da943a71acfd6f343c	0	0	0	0	0	0	0	0	0	0	0	35	0	0	0
26ed32537288725eb37f8cf7809b0372	0	0	0	0	0	64	0	0	0	0	0	0	54	0	0
e82a59942f11f42352152e7f505a9836	0	0	0	0	0	0	0	0	0	0	0	0	0	16	0
98070c06c95220d2705c53aa677b8206	0	0	0	0	6	0	0	0	0	0	0	0	0	0	0
5ba01153eb0e738746117330a33de4ba	0	0	0	0	0	0	0	0	0	0	8	0	0	0	0
76054a1b44efcd5156c88328ca0f965c	0	0	0	0	0	0	0	0	0	0	0	18	0	0	0
b0d4e09ac8115d637f427bb90790a9b1	0	0	0	0	0	0	0	0	0	0	0	0	0	12	0
4f03993ee4db517e74f5a0b71bd42fbf	0	0	0	0	0	0	0	0	0	0	0	8	0	0	0
c921786f1a4e2d9c90da26a5c589f220	0	0	0	0	0	0	0	0	0	0	0	13	0	0	0
e6ef00227f6b5e544152c3b60ce04a6a	0	0	0	0	0	0	0	0	0	0	0	0	0	0	10
20cac7c925eff67352ccdb8f936803e8	0	0	0	0	0	0	0	0	0	0	0	23	0	0	0
3d001f493400335be5008cd30b29fcab	0	0	0	0	0	0	0	6	0	0	0	0	0	0	0
d1569396bbf86a43023f0a160e338f82	0	0	0	0	0	0	0	0	0	0	0	0	0	14	0
f59d2c2ea113f76de6f67a21095721ca	0	0	0	0	0	0	0	0	0	0	50	0	0	0	0
344d611f6872d71382e4620539c50e2c	0	0	0	0	0	0	0	0	0	0	36	0	0	0	0
74b5a8b02146a5bc7b18e3375d97ae1c	0	0	0	0	0	0	0	0	0	0	0	0	0	0	51
dbd9d50193a9ecb5c37694872910f264	0	0	0	0	0	0	18	0	0	0	0	0	0	0	0
37b78aec5b7f1b3caf82d43581dfcf69	0	0	0	0	0	9	0	0	0	0	0	0	0	0	0
9fc415bca93b8d6174dab005b5a32b89	0	0	0	0	0	0	3	0	0	0	0	0	0	0	0
9bdda5dddad1e54a7baf767db24ed103	0	0	0	0	7	0	0	0	0	0	0	0	0	0	0
c1f77cddafa4c3a9c18eb00debfb3958	0	0	0	6	0	0	0	0	0	0	0	0	0	0	0
8987ffeecb404724bc7b635c33d51001	0	0	10	0	0	0	0	0	0	0	0	0	0	0	0
e13e1ab149d092112ef6695507ea5a51	0	0	0	0	0	0	0	0	0	0	0	0	0	19	0
b61af61831c49297ccde937b7d5ed7d5	0	0	0	6	0	0	0	0	0	0	0	0	0	0	0
94514c7f3812a447a57581a5ef7e1c22	0	0	0	0	0	0	0	22	0	0	0	0	0	0	0
798a7875a921c9226cf9fb16e4bad71f	0	0	0	0	3	0	0	0	0	0	0	0	0	0	0
c98d51abca1b370802224739b644f46c	0	0	0	0	0	0	0	0	0	0	0	0	0	55	0
0f0f323dddaed1b0c6689d8eee1ca1ad	0	0	0	0	0	0	0	31	0	0	0	0	0	0	0
4dd3cd1d5ed0746a45f2eab9d878d09a	0	0	0	0	0	0	0	0	0	0	0	20	0	0	0
c5c29b2fcf58a627dce3f879d9bb431e	0	0	0	11	0	0	0	0	0	0	0	0	0	0	0
1375a6999c153209a3745b51a8df34f0	0	0	0	0	0	0	0	0	0	0	0	0	10	0	0
2abfb38947fb2db0662dfb1e03fe39c1	0	0	12	0	0	0	0	0	0	0	0	0	0	0	0
3ac369e4ef02e5fcc766d737f3667bfe	0	0	0	0	12	0	0	0	0	0	0	0	0	0	0
eba31bd09b50e370f2b7762396ad938d	0	0	14	0	0	0	0	0	0	0	0	0	0	0	0
3694bcbb52558830a1969f235abe00dd	0	0	0	0	0	0	23	0	0	0	0	0	0	0	0
63cf766398787125806d2fe524f1c6f7	0	0	0	0	0	0	0	0	0	0	27	0	0	0	0
5931359d2a236158e2dbe8ec8d4de4ce	0	0	0	0	0	0	0	0	0	0	0	0	22	0	0
12f898cd376c54b29dadd9617a59c464	0	0	0	0	15	0	0	0	0	0	0	0	0	0	0
20d7cabe6ae70c3bc0041589337044f4	12	0	0	0	0	0	0	0	0	0	0	0	0	0	0
a981830fe040ea5b7f8ea77c83fd5a79	0	0	40	0	0	0	0	0	0	0	0	0	0	0	0
c4f93df7eb2f4b4769bed3f748cdb61b	0	0	0	0	0	0	24	0	0	0	0	0	0	0	0
65af436e3d0ff00c35dff4ee11d34dea	0	0	0	0	0	0	0	0	0	0	0	0	7	0	0
57063680401a98a40ceb4486dcd7ff08	0	0	0	0	0	0	0	0	23	0	0	0	0	0	0
baaf7a85c602983f956c08eb82a22589	0	38	0	0	0	0	0	0	0	0	0	0	0	0	0
935571bc904aa98ef5e40c3669cb5559	0	0	0	0	0	0	0	0	0	0	0	23	0	0	0
77ec203d7b594badc7e406d732012c1c	9	0	0	0	0	0	0	0	0	0	0	0	0	0	0
d66fcfd70503f38fb0d8e3b991f5616a	0	0	0	0	0	0	21	0	0	0	0	0	0	0	0
46dfa7e2476f517acda96a2d65e264a4	7	0	0	0	0	0	0	0	0	0	0	0	0	0	0
a4d304a20293ad25bca2e5af4d8eb295	0	0	0	0	0	11	0	0	0	0	0	0	0	0	0
4c89e925015e8f9b302705795659c52d	12	0	0	0	0	0	0	0	0	0	0	0	0	0	0
26be622ec888a91229acac9eee49ade8	0	0	12	0	0	0	0	0	0	0	0	0	0	0	0
f9f8792d81ea5e6c3214362cef9121b3	0	0	0	0	21	0	0	0	0	0	0	0	0	0	0
f1dc222f3f0dd329b454b2d25ac2ba50	0	0	0	0	0	13	0	0	0	0	0	0	0	0	0
15a565e2f514542a210919ffe4c7095a	0	0	0	0	0	0	0	0	0	0	0	0	0	15	0
74aaf3b327e3f294308657089fa58dac	0	0	0	0	0	0	0	0	0	0	0	0	8	0	0
522e7ab054fd7fd877cc54f098438465	0	5	0	0	0	0	0	0	0	0	0	0	0	0	0
55186f7dce85a8670c5bb4a77c47f25a	0	0	0	0	0	8	0	0	0	0	0	0	0	0	0
d441cab82132727ad17f0f8a7ff40d6f	0	0	0	0	6	0	0	0	0	0	0	0	0	0	0
ed08cb077d6ea81945f400e5159483a3	0	0	0	17	0	0	0	0	0	0	0	0	0	0	0
dccfc5ead84394ca84e3368c5c6b7fe1	0	0	0	0	0	0	0	0	0	0	0	22	0	0	0
bfa1ce9c9c2a8900f3d6ef8a85b65415	0	0	0	16	0	0	0	0	0	0	0	0	0	0	0
f8eae2f22213beddaa97710fbdf01119	0	0	0	0	30	0	0	0	0	0	0	0	0	0	0
49ef71216b380dabb771d8968fec7c16	0	13	0	0	0	0	0	0	0	0	0	0	0	0	0
4a0bb46d7cd7c11ba27d2ca1004e8cf9	0	0	0	0	0	0	0	0	0	0	0	0	32	0	0
d92dce2f2caacbc0980ac83b6df8de94	0	0	0	48	0	0	0	0	0	0	0	0	0	0	0
22004897a4df889cabca0e444d323d50	0	0	0	0	0	0	14	0	0	0	0	0	0	0	0
c0453e412a90c0c945a3b5a42ee1eb26	0	0	0	0	0	14	0	0	0	0	0	0	0	0	0
12d314b397015f1d59e7e444350eabd4	0	0	0	0	0	0	0	8	0	0	0	0	0	0	0
cae45c9920eb9efebf5385c2815df0e2	0	0	0	0	0	6	0	0	0	0	0	0	0	0	0
d9286318ece3b66f5ae460a361cd586a	0	0	0	0	0	2	0	0	0	0	0	0	0	0	0
078d0a740ee9a1103c8b17260194ba32	0	0	23	0	0	0	0	0	0	0	0	0	0	0	0
067cdefac26ab246595a8cc3dedd0a2f	0	0	0	0	0	0	0	0	0	0	0	0	0	28	0
ee446cdf6fa30f15f68e717172dea85d	0	0	0	0	0	0	0	0	0	0	36	0	0	0	0
4dadc442060984efdcc92fdcfac6cc92	0	0	0	0	0	0	0	0	0	0	0	0	0	11	0
ba2245f43f50e2c50293a59f7f6485c2	0	0	0	0	0	0	0	0	0	0	0	0	9	0	0
7d0f94eb83104f7c2d7c093c17810701	13	0	0	0	0	0	0	0	0	0	0	0	0	0	0
58e5cb6fc7edd0e89dfe78cd3c5dda94	0	0	0	0	0	0	0	0	0	0	0	0	0	15	0
9a1b56068bdd0ced493541910edc7639	0	61	0	0	0	0	0	0	0	0	0	0	0	0	0
d903d9263d7533b6afef61a99f432997	0	0	0	0	0	0	0	0	0	0	0	0	0	0	69
35a5223291bb4c9ca7cdeac73d036cb1	0	0	0	0	0	0	0	40	0	0	0	0	0	0	0
bf508751a7253b4eedfe68590c178603	0	0	0	0	0	0	10	0	0	0	0	0	0	0	0
1951f1db7fa39a5f2151dd72f2676a78	0	0	0	0	0	0	0	0	44	0	0	0	0	0	0
4df4d5ce72a74b6fa94e39b206ba0910	0	0	0	7	0	0	0	0	0	0	0	0	0	0	0
5e3fc71a7cb560eeaae9733767051a5b	0	0	0	0	0	19	0	0	0	0	0	0	0	0	0
3519dceefd508699d48df47e8e849e76	0	0	0	0	0	0	0	0	0	0	0	29	0	0	0
f5186102339eda292313cc724d801e47	0	0	0	0	27	0	0	0	0	0	0	0	0	0	0
0be36c348b0e55a1dcebb35e0824d20b	0	0	0	0	0	0	0	0	2	0	0	0	0	0	0
fdf407a2f6afa71bc1cca8198ff18012	0	0	0	0	0	0	0	0	0	0	0	0	29	0	0
99675d5a398263b0d87aecf21b83a8ec	0	0	0	0	0	0	0	0	0	0	0	38	0	0	0
d722ddfcc54425d2ae9cd6047ca12a2d	0	0	0	0	0	0	0	0	0	0	0	0	0	0	40
1bcca29a07adaed8b5f9e106ca3d3f1c	0	26	0	0	0	0	0	0	0	0	0	0	0	0	0
0c4dbf7d65f5ac1f01bbcd1f1d8a66f4	0	0	0	0	0	0	0	0	8	0	0	0	0	0	0
5ded0f13d62ca7efe164a9928798c9ee	0	0	11	0	0	0	0	0	0	0	0	0	0	0	0
cc8186734b9c462717a4288cc3218225	0	0	0	0	0	0	0	0	0	635	0	0	0	0	0
b1c6999842e3f7acf671133ca5b90d14	0	0	0	0	0	0	0	0	0	0	0	0	0	0	56
c6d986edb2a34110ac59652a183ea68f	0	0	0	0	0	0	9	0	0	0	0	0	0	0	0
2efbd2e6e5d96eae5dda362abe3150b7	0	0	41	0	0	0	0	0	0	0	0	0	0	0	0
1d1d70bd417074b58361d7ec1f3d5926	0	0	0	0	0	0	0	0	0	127	0	0	0	0	0
66b846213e9faa9c1a0d3cc783496e71	0	0	0	0	59	0	0	0	0	0	0	0	0	0	0
8924da987d71a644b5ae5fe1c474124b	0	0	0	0	0	0	37	0	0	0	0	0	0	0	0
695bcc115f1f52a72bc3621363cf6162	0	0	0	0	0	0	0	54	0	0	0	0	0	0	0
4a613bc4bda357f507dc25b4b8eb3d4b	0	51	0	0	0	0	0	0	0	0	0	0	0	0	0
81e5602649da3d1dcd89af75c9979a8e	0	0	0	0	0	0	0	0	0	0	0	0	0	0	18
3956c34b573d97ef9207976370580e9a	0	0	0	39	0	0	0	0	0	0	0	0	0	0	0
127ae26d9b5754c8cf7016edd1f6bfcc	0	0	0	0	0	45	0	0	0	0	0	0	0	0	0
93342513d0407d1f85975baa65fb5143	0	0	0	0	0	0	0	0	0	0	0	0	0	26	0
78cd552a4f100cff10ad574ce884ea77	0	0	0	0	0	0	0	0	0	0	0	0	0	0	36
2defb0f34ff823f109a0ba9747e80750	0	0	7	0	0	0	0	0	0	0	0	0	0	0	0
a1584728ecb9501895c8a410377dfec4	0	0	0	0	25	0	0	0	0	0	0	0	0	0	0
a2829b57f12e9db9724410f33739c97b	0	0	0	0	0	0	0	0	0	0	0	0	60	0	0
30c3528e8f0950a8a941b6ee3b46c039	0	0	0	0	0	0	0	0	0	0	0	9	0	0	0
5d3a461ecb1dd3e16681d1ca69942207	0	0	0	0	0	0	0	0	0	0	0	0	0	12	0
a3ac665072af5b9bd04406fc32da6d2b	0	0	0	0	0	0	0	0	0	0	0	6	0	0	0
dc470f0713a477d7e6bbcc65e3bcf1ff	0	0	0	0	0	0	0	0	0	35	0	0	0	0	0
b69d184c50fd1fbd1fd661ce306b40b9	0	0	0	0	0	0	0	0	0	0	0	64	0	0	0
db1bfbaf0ac5b0f34541a0914476996b	0	0	0	0	0	0	0	0	0	0	0	0	0	0	100
fcf6f9c1c20f7db6cb8e2518eb518acf	27	0	0	0	0	0	0	0	0	0	0	0	0	0	0
9be0d0b8228525c42f08c447476b8762	0	0	0	8	0	0	0	0	0	0	0	0	0	0	0
4ac36beaf1076d31eddfd1530d178820	0	0	0	0	0	0	0	0	0	0	0	0	5	0	0
89eea019792e4a4264f980063c01a539	0	0	0	0	34	0	0	0	0	0	0	0	0	0	0
21b70be9328ce7a52a26be94f3a36e43	0	25	0	0	0	0	0	0	0	0	0	0	0	0	0
b53a643d554af21cbfdc9d1a927c4b0b	34	0	0	0	0	0	0	0	0	0	0	0	0	0	0
6d573f377755616f5436d4cc53c40a2d	0	0	0	0	0	0	0	0	0	0	0	0	38	0	0
3857af08beb33cd99ea48d20e8a21c1b	0	0	0	0	0	0	37	0	0	0	0	0	0	0	0
ae823c3d95375eeef9eb702f46db450f	0	0	0	0	0	0	0	0	13	0	0	0	0	0	0
e31445677ff67706135a75e8c0e13a9d	0	0	7	0	0	0	0	0	0	0	0	0	0	0	0
3e0d6b7383d3ad45673a4bec0d1afcf5	0	0	0	0	0	0	0	0	0	0	0	2	0	0	0
412cd27bc1e7ab408de0e8d7569a2daf	0	0	0	0	0	0	0	30	0	0	0	0	0	0	0
735b3702e2d6c8c27b31ad259d235b58	0	0	0	0	0	68	0	0	0	0	0	0	0	0	0
eb396c8cb7c4f625df3c12c9e1893a1d	0	58	0	0	0	0	0	0	0	0	0	0	0	0	0
1879e6d84829f5a04bdf0d63ccdcb70c	0	0	0	14	0	0	0	0	0	0	0	0	0	0	0
3610c50e8edcf2fa7d9130c3c319b9fe	0	0	0	0	0	0	0	0	0	0	0	0	0	39	0
2a5f9f6d1718c5feed7f0d5505284b7f	0	0	49	0	0	0	0	0	0	0	0	0	0	0	0
b0af2bcf086158589c6bb30f69b94cbe	0	0	0	0	0	0	42	0	0	0	0	36	0	0	0
d89ea6b26691b3c6c5f14f4281bf7428	0	0	0	0	69	0	0	0	0	0	0	0	0	0	0
3bed9f6a5fb315f0231825e67ae23cfd	0	0	0	0	0	0	0	0	0	135	0	0	0	0	0
55ea9a6a6b5aaaa39e8522d093992f1e	0	0	0	0	0	8	0	0	0	0	0	0	0	0	0
f597206a93b2fd85a72ca5cbe788d1ff	0	0	0	0	0	0	0	0	0	0	0	0	8	0	0
09283394ac1304f5d6d654e16d25e3b4	0	0	0	3	0	0	0	0	0	0	0	0	0	0	0
a84e212a18f9be9ce734dd06a8196512	0	0	0	0	0	0	0	0	0	0	0	0	0	5	0
a6c8e46ea1ac3cc85119a80556020534	0	0	0	0	0	0	0	0	0	0	0	0	4	0	0
55b7e7249727e3f39f3877e859c9dfae	0	0	0	0	0	24	0	0	0	0	0	0	0	0	0
b08a63ea4d585d771fc75bfa52d73b65	0	0	0	0	0	0	0	16	0	0	0	0	0	0	0
239ce2d2abb11d73f7936351b5203a8a	0	0	0	0	0	0	0	0	5	0	0	0	0	0	0
cc1109dd2aee113eb23e59f5ff00f3d8	0	73	0	0	0	0	0	0	0	0	0	0	102	0	0
69c8474fd43344b4595b6244f827c1d7	129	0	0	0	0	0	0	0	0	0	0	0	0	0	0
5ae13f3f610ee75240c89204023c62bf	0	0	0	0	0	0	0	71	0	0	0	0	0	0	0
df72f767464b51495417efd854ae93e8	0	0	0	0	0	0	0	0	0	0	0	42	0	0	0
05bb043ef9c1731cfb01265ec18e64ad	0	0	105	0	0	0	0	0	0	0	0	0	0	0	0
16baec34aaedec4e7982ff29c9644a71	0	0	0	0	0	0	101	0	0	0	0	0	0	0	0
a52ce49a096f79d9282342a0d4ca51dd	0	0	0	0	0	0	0	0	0	0	0	0	0	0	89
f11d0996f2fbf2e02cb09e35993724d1	0	0	0	0	177	0	0	0	0	0	0	0	0	0	0
99cac88e1c5cb60c8d48e06a26f35fdb	0	0	0	0	0	0	0	0	0	0	0	0	0	106	0
75173dc1d56e42c051d1697a3032f7f6	0	0	0	0	0	97	0	0	101	0	0	0	0	0	0
ab4be40f04f59a4dc912056358f04346	0	2	0	0	0	0	0	0	0	0	0	0	0	0	0
fd956e81158e2c68a23ceb62192cbc28	0	0	0	0	18	0	0	0	0	0	0	0	0	0	0
2a53da3f8490f4aec8efc9d2882916e9	0	0	0	0	0	0	0	0	0	0	0	0	0	34	0
40d92e472a53a35b6d052a2c5ba1368d	0	0	0	0	0	25	0	0	0	0	0	0	0	0	0
95856b984a6bfbbf74c3e2cfdc25d1c7	0	0	10	0	0	0	0	0	0	0	0	0	0	0	0
459c0b378cd6210da82f6f923cb23a26	0	0	0	0	0	0	2	0	0	0	0	0	0	0	0
c1712c2f7166fcd7f19e68b7a753c57f	0	0	0	0	0	14	0	0	0	0	0	0	0	0	0
e0bf730e3c738bc0289b8f8c66382676	0	0	0	0	0	0	0	0	0	0	0	0	0	0	35
1eab6203f71905fcf70221febb656aa4	56	0	0	0	0	0	0	0	0	0	0	0	0	0	0
1c655ae33af9a8abae88d6906bd2464b	0	0	0	0	0	0	0	0	0	0	0	0	0	61	0
9b29cc9fa6b7b3ce5a0d57f4f61d657d	0	0	0	0	0	0	40	0	0	0	0	0	0	0	0
1a0c613750320f76ddb0840ca8d9a55e	0	0	0	0	33	0	0	0	0	0	0	0	0	0	0
9b2c6ded330047562dbf5269eae14a36	0	0	0	6	0	0	0	0	0	0	0	0	0	0	0
d7a35988b969761153115c4db5361e8e	0	0	0	0	0	0	0	2	0	0	0	0	0	0	0
375c51f1dbe5b4b4f0782cd58e104939	0	25	0	0	0	0	0	0	0	0	0	0	0	0	0
38a247692226f4c8cdc12bf20397f8b5	0	0	0	0	0	0	0	0	0	0	0	0	0	0	21
991484cde2dd5d20bb571c5d975efad3	0	0	0	0	0	0	0	6	0	0	0	0	0	0	0
0604239b25b7e3cb25777b9a2cf8377f	5	0	0	0	0	0	0	0	0	0	0	0	0	0	0
48b1222558d12721c9aa7b54e9a59a0b	0	0	32	0	0	0	0	0	0	0	0	0	0	0	0
11e9d6e458a0fe250ad456a7bb2077c9	0	0	0	9	0	0	0	0	0	0	0	0	0	0	0
9ba4447f870b91846be6beeec80b7906	0	0	0	0	0	0	4	0	0	0	0	0	0	0	0
5cbfea18b0e05d189b1cdbe0e43e6526	0	0	0	0	0	0	0	0	0	0	0	0	16	0	0
066331abaf1ad1ef26a59dc500db1623	0	0	0	12	0	0	0	0	0	0	0	0	0	0	0
5544c934fee25794d00c87441f2d451a	0	0	0	0	0	0	11	0	0	0	0	0	0	0	0
07d2a23418e004c5c631f0acc995c44d	0	0	0	0	0	0	0	0	16	0	0	0	0	0	0
89582eb98fda3e736569cd2d15860027	0	11	0	0	0	0	0	0	0	0	0	0	0	0	0
a8c8a955d5a409901058d4460c7c025d	0	0	0	0	35	0	0	0	0	0	0	0	0	0	0
74516d26e832d69e11b6eb2817427e8c	0	0	0	0	0	0	0	0	0	0	0	0	0	0	13
6a9f4e6b8fa5b915fa1732bb6fe537c8	0	0	0	0	0	0	0	0	0	0	0	0	0	21	0
880ffbbdab242c844267e0544b37c165	0	0	0	0	0	0	0	0	0	0	0	23	0	0	0
76d0a6f40d0d71aa39d326aaf52c646d	0	0	0	0	0	27	0	0	0	0	0	0	0	0	0
a35f8f3e12de1c1d6c9612f0d04333ed	0	0	13	0	0	0	0	0	0	0	0	0	0	0	0
18fe20f8f8bbc817337b36ff163c8fee	4	0	0	0	0	0	0	0	0	0	0	0	0	0	0
d73565369a8be00c954c1a65414d73bf	0	0	0	0	0	0	0	17	0	0	0	0	0	0	0
46371773b216623422b816f85aca70dc	0	0	0	0	54	0	0	0	0	0	0	0	0	0	0
e589870e6f46c431f64d60e0d7219482	0	45	0	0	0	0	0	0	0	0	0	0	0	0	0
cee0a28fa6525998760ead0bb71e2326	0	0	0	0	0	0	0	0	0	0	0	0	42	0	0
2bd0ed3f03f1dd259a6f35e35a3f432c	0	0	0	0	0	0	0	0	0	0	0	0	0	0	79
259448f1ee92eebd691744df36cca133	0	0	0	0	0	0	0	0	43	0	0	0	0	0	0
60fa84042d1d67b63ba74f4745a952d6	0	0	0	0	0	0	15	0	0	0	0	0	0	0	0
ac722f83d961192254f29c2ce88dcbf1	0	0	0	0	0	9	0	0	0	0	0	0	0	0	0
7d15951c88ba4f587a91f580cb79b537	0	0	0	13	0	0	0	0	0	0	0	0	0	0	0
f99b7f7ff848f6af9c814261d2053b08	6	0	0	0	0	0	0	0	0	0	0	0	0	0	0
7477ed87ef500f0afcb3d230233711c4	0	0	0	0	0	0	0	0	0	0	0	0	0	15	0
d4bec3f6311462e2ac7c691d0a86e552	0	0	0	0	0	0	0	0	0	73	0	0	0	0	0
767f607395f5705bc887fd06756eeb92	0	0	0	0	0	0	0	0	0	0	0	6	0	0	0
c3f9e901d3f29302a43a04745916fc1a	0	0	0	0	0	3	0	0	0	0	0	0	0	0	0
001ad795574e72da23a0412143bddc2f	0	0	0	0	12	0	0	0	0	0	0	0	0	0	0
55fc4ace6c8462e199fe809b681005ef	0	2	0	0	0	0	0	0	0	0	0	0	0	0	0
13484c64f3e6bd4fd90815497f052fe4	0	0	0	3	0	0	0	0	0	0	0	0	0	0	0
385c471c15c2373a115898e9e09b5f83	0	0	0	0	0	0	0	0	0	0	17	0	0	0	0
cafa68a68837877ca6745ee6504a4c27	0	0	0	0	0	0	0	0	0	0	0	0	22	0	0
2ae0f8c231f19a3d30f7e56834b0ccde	0	0	0	0	0	0	0	0	0	0	6	0	0	0	0
fbaf3ffc6b4f630326772efd253b28e6	0	0	0	0	0	0	0	0	0	0	0	0	0	5	0
7c59bd798ababf2af8a8f087a7f630d0	0	0	0	0	0	0	0	15	0	0	0	0	0	0	0
0130632790080411bdc1fd8d6d747e1d	0	0	0	0	0	0	0	0	0	0	0	0	0	0	46
b095d35b76c3a1f0eef193cb960677aa	0	0	0	0	0	0	0	0	16	0	0	0	0	0	0
fdeba0d34dd2a0881ba2512bea8f6cc8	0	0	42	0	0	0	0	0	0	0	0	0	0	23	0
c275228016c7944ce92e21c771266d90	0	0	0	0	35	0	0	0	0	0	0	0	0	0	0
3b1667929f4cd8d9e57f9dbc4aac0551	0	0	0	0	0	0	0	0	0	0	0	0	38	0	0
3e8d1c2463f388e989ffe17b97098796	13	0	0	0	0	0	0	0	0	0	0	0	0	0	0
d34badd0cd4bfaa5fca27b02b54ddc96	0	0	0	0	0	0	0	0	0	0	0	20	0	0	0
003f7bee8b41deba206eb0e52f5b54e6	0	76	0	0	0	0	0	0	0	0	0	0	0	0	0
b39b6b61ccc23a0a272966d9821d6a49	0	0	0	0	0	71	0	0	0	0	0	0	0	0	0
9617fc8c74d6d2d94e83c71ac5d1b0c5	0	0	0	0	0	0	0	0	0	32	0	0	0	0	0
f4aaad593bf66121e400e910136ff2f4	0	0	0	0	8	0	0	0	0	0	0	0	0	0	0
a06f0c4d62ee08772e2ddffeba81596e	0	0	0	0	0	10	0	0	0	0	0	0	0	0	0
80db4bdef1b864c5bceb125655274942	0	0	0	0	0	0	0	2	0	0	0	0	0	0	0
64b519dad3938b19fdf20bb34e720571	0	0	0	0	0	0	0	0	0	101	0	0	0	0	0
3219bc0450b6a840ddb23d8eb6e908b1	0	0	0	0	0	0	6	0	0	0	0	0	0	0	0
742648b5614f8ffd54ccc1ac1297f21c	0	0	0	0	9	0	0	0	0	0	0	0	0	0	0
f7e802d94b5b85c5b534f78172b5b120	0	0	0	9	0	0	0	0	0	0	0	0	0	0	0
2c5206fdca30a7b007b1e6a69c38b39e	0	0	0	0	0	0	0	0	0	0	3	0	0	0	0
2e2cb4cde6b7ac40c80c84590dc52b50	0	0	0	0	0	0	0	0	0	0	0	0	7	0	0
95a82571c90ce94f61fe12b71af1007c	0	0	0	0	0	0	9	0	0	0	0	0	0	0	0
2ca37513f03613fb04532c7c9222cd4d	0	0	0	0	0	16	0	0	0	0	0	0	0	0	0
9256dde7d3b6e40233db5e9da7ad3aee	0	0	103	0	0	0	0	0	0	0	0	0	0	0	0
8238d177bf94c838f1955f9f177839f1	0	0	0	0	0	0	0	0	0	0	0	0	0	38	0
bfb0c2aedc284c48f67bf92726ef1aa6	0	0	0	0	0	0	0	0	90	0	0	0	0	0	0
1251b1eb4b6d509dc3100798cfafd2bd	0	0	0	50	0	0	0	0	0	0	0	0	0	0	150
fbfdf52192c2ae3c9646873bce0d1e4b	0	0	0	0	0	0	113	0	0	0	0	0	0	0	0
f14b741215fd9be6f7717f8c7c7be175	0	0	0	0	0	0	0	0	0	0	0	109	0	0	0
f1f9a798f25c45bb93e9256b5cce5f3c	0	0	0	0	0	0	0	106	0	0	0	0	0	0	0
e1eace5f82b990aca7a28070667de0cf	0	0	0	0	0	0	0	0	0	84	0	0	0	0	0
9fd1d994b4eb6c64eac31a7b17bad0cb	0	0	0	0	0	0	0	0	0	0	13	0	0	0	0
85fdb1376267ab8110ae7245e11ef3ae	0	0	0	0	0	0	0	0	0	0	1	0	0	0	0
248371877f48b831f14b472842ca624d	0	0	0	0	0	0	0	0	0	0	71	0	0	0	0
097a03c09754d7f5d2eef566b471476a	0	0	0	0	0	0	0	0	0	0	0	0	17	0	0
d91ba7d06dfb90eb66eca0338aa28f6b	0	0	0	2	0	0	0	0	0	0	0	0	0	0	0
703b3ee09561c1dfda74c6c7e655698e	10	0	0	0	0	0	0	0	0	0	0	0	0	0	0
586522f2a97ddb87478de2e6e5a23f51	0	0	0	0	0	5	0	0	0	0	0	0	0	0	0
49b8a53a0f380b2b7ce1486bfd974069	0	0	0	0	0	0	0	0	0	0	0	4	0	0	0
d3cecd0cf6a858aca3e30cfe3937923e	0	0	6	0	0	0	0	0	0	0	0	0	0	0	0
b77acfaaf62c12a3e2d252ad8bce0b19	0	0	0	0	0	0	0	0	0	0	0	0	12	0	0
e935ffa17958b387ba942b7840647e36	0	0	0	0	0	9	0	0	0	0	0	0	0	0	0
098730703fa27c378ae5f297168682d1	0	0	0	2	0	0	0	0	0	0	0	0	0	0	0
6b917ea85c27623d39bd9cfe90d8b698	0	0	0	0	23	0	0	0	0	0	0	0	0	0	0
c8e3be1de4ff0fd81d957c0aedf82766	0	0	0	0	0	0	0	0	0	0	0	0	25	0	0
0c55023f7266f3abd817a5e925bc7a07	0	0	15	0	0	0	0	0	0	0	0	0	0	0	0
c1915f86f5256061531014b9ef59a2cb	0	0	0	0	0	5	0	0	0	0	0	0	0	0	0
ee424997604a7d08ac3ebcc9181e634e	0	0	0	0	0	0	0	0	0	0	0	19	0	0	0
0d3cffd0a521e4b1729a4b8f086bcb2e	0	0	0	0	0	0	0	0	0	0	0	0	25	0	0
e690914f63bb99587f7994c3fe843daf	0	0	35	0	0	0	0	0	0	0	0	0	0	0	0
6a3b15d390edcd795e93d8c9d190525e	0	7	0	0	0	0	0	0	0	0	0	0	0	0	0
b4a1bbb5bb53c04577239376183b48df	0	0	0	5	0	0	0	0	0	0	0	0	0	0	0
5f3298e6a0b78174724a12cd22344802	0	0	0	0	0	0	0	0	0	0	0	0	0	0	18
c13b40dd6880c954d78548197096cfa6	0	0	0	0	0	0	9	0	0	0	0	0	0	0	0
e7080f7b50fcad2358221713087398c2	0	0	0	0	0	0	0	0	0	0	0	0	0	14	0
607f398d9cfee397cc6593a4983f3f23	0	0	0	0	0	0	0	0	0	0	0	0	0	0	33
cfa016ab030f988679c51108291ebbb2	0	0	0	0	0	0	0	0	0	0	0	0	0	0	6
bf56943fc887b93950c058c96a0a2cff	0	0	0	0	0	0	0	0	0	0	0	0	0	9	0
ea200c212fc57023a57662bb3718f05a	0	0	0	0	0	0	0	0	0	0	0	0	13	0	0
d94f039448b86c6671a060382da4e054	13	0	0	0	0	0	0	0	0	0	0	0	0	0	0
9341ac97056042c250ff5d6a991fd22f	0	0	0	0	0	13	0	0	0	0	0	0	0	0	0
fa1be439604078b2343c0047b39cbd79	0	0	0	0	0	0	11	0	0	0	0	0	0	0	0
e1f50ed5a1789394e7b4ef81c90876a9	0	0	0	0	0	0	0	0	0	0	0	34	0	0	0
685063556f3911061bf222d23fbf3474	0	0	20	0	0	0	0	0	0	0	0	0	0	0	0
880bce6c88c77495cc7d1f74d6a738ce	0	0	0	38	0	0	0	0	0	0	0	0	0	0	0
13af81049c2cdfba3932baf6941f3d35	0	0	0	12	0	0	0	0	0	0	0	0	0	0	0
a663ee596ba32a78f6bf9ae1072dfd62	0	0	0	0	0	0	7	0	0	0	0	0	0	0	0
d776f80dd0ce34ac3c6b2728d4617c14	0	0	0	0	0	0	0	0	0	0	0	0	18	0	0
4f767e0c128df2617bdf02cce470c831	0	0	0	16	0	0	0	0	0	0	0	0	0	0	0
b8c3bf7084ae409185f2e05235a529cf	0	0	0	0	8	0	0	0	0	0	0	0	0	0	0
47fe37854446ad1bf88e9e77cc971c59	0	0	11	0	0	0	0	0	0	0	0	0	0	0	0
942e6d50f2db2818ce4e9fd2e1b4e0c8	0	0	0	0	0	22	0	0	0	0	0	0	0	0	0
5fa40fdf426931e3adf4f3e63843b47c	0	0	0	0	0	0	0	0	0	0	0	0	0	109	0
b3157ca1b053f1c222b84f75b4ba4e99	0	0	0	0	0	0	10	0	0	0	0	0	0	0	0
09f248fc09c4c87fbc25c0b07814e1ec	0	0	0	2	0	0	0	0	0	0	0	0	0	0	0
e7286e3dcc00c439fb54cb84dc841030	0	0	0	0	0	0	0	0	0	0	0	0	21	0	0
763df85f68162fd1cda18360c344fadb	0	0	0	0	0	0	0	0	0	0	0	0	0	0	36
eebb7a37378b8ec6cee427a9e2a6b8a0	0	0	0	0	0	0	87	0	0	0	0	0	0	0	0
a2c25cbb7f266b220097f61690563961	0	0	0	0	69	0	0	0	0	0	0	0	0	0	0
1a3eb150660c29f7236d3c5f7bca288a	50	0	0	0	0	0	0	0	0	0	0	0	0	0	0
435c103da60cd3a12e1150cd4ce5db77	0	0	0	0	0	69	0	94	0	0	0	0	0	0	0
966788244143b796ef05dd3e4b07f475	0	0	0	52	0	0	0	0	0	0	0	0	0	0	0
a91263ec1745a2314336f42eb02a3957	0	25	0	0	0	0	0	0	0	0	0	0	0	0	0
14dd1bca6432caffae7fcb5d0cc4c4f2	0	0	0	0	0	9	0	0	0	0	0	0	0	0	0
e87a77dc00315d01e8eed68cbab99eb6	0	0	0	0	0	5	0	0	0	0	0	0	0	0	0
094fe6d10eb7d2d981d684b5f87f84fa	0	0	0	9	0	0	0	0	0	0	0	0	0	0	0
02631003b14b4b401e747395590f2a0f	9	0	0	0	0	0	0	0	0	0	0	0	0	0	0
ec87fce6e5059cd9b993833875699eee	0	0	0	0	0	0	33	0	0	0	0	0	0	24	0
0d60a350be44196be777d5525f274bb9	0	0	52	0	0	34	0	0	0	0	0	0	0	0	0
b957ea50989910b8e0b6d08164029603	0	0	0	0	17	0	0	0	0	0	0	0	0	0	0
e2d263a0d466738e4c6147321e51f187	11	0	0	0	0	0	0	0	0	0	0	0	0	0	0
f454fb21e4a41b54dfbe1652aa6e983a	3	0	0	0	0	0	0	0	0	0	0	0	0	0	0
ada4f05a56af6944539d9e352a79c5fb	0	0	10	0	0	0	0	0	0	0	0	0	0	0	0
20594e3771862ef85ef53e33acb66d5a	0	0	0	0	0	0	0	0	0	0	0	0	5	0	0
385fac63b58730342031dab7dfdf6b28	0	0	0	0	0	0	0	0	9	0	0	0	0	0	0
fb2b45980c98616282b916d5da104c7e	0	0	0	0	0	0	0	0	0	0	0	0	0	14	0
919f0af879827efcbf481677ab298936	15	0	0	0	0	0	0	0	0	0	0	0	0	0	0
b50da9c3bfa1b38df496dce7967a024a	0	0	0	3	0	0	0	0	0	0	0	0	0	0	0
5a919c8f77b2388bdcc2428840f03523	0	0	0	0	7	0	0	0	0	0	0	0	0	0	0
fed5203a7cad39a16e37dbe39b57a341	0	0	0	0	8	0	0	0	0	0	0	0	0	0	0
b8318ddd91d22034972ffaa03921e562	0	0	0	0	0	15	0	0	0	0	0	0	0	0	0
19b5a1043ba161754589e762d70a7085	0	7	0	0	0	0	0	0	0	0	0	0	0	0	0
de42cd697444f3d2ed18b7aba2a2f6ef	0	0	9	0	0	0	0	0	0	0	0	0	0	0	0
0e199208dfb1242d4c674c5258d9591c	0	0	0	0	0	0	0	0	0	0	0	0	16	0	0
c5406fe18caf851741cd6037ad5cb2b5	0	0	0	0	0	0	0	0	9	0	0	0	0	0	0
72e4495cdb267895547c017019294737	0	0	0	0	22	0	0	0	0	0	0	0	0	0	0
53d65c2c35b4469a5c4311e3a542bb2b	0	0	0	11	0	0	0	0	0	0	0	0	0	0	0
6e7064c4050f45461383db1828471524	0	0	0	0	0	0	0	0	0	0	0	0	15	0	0
17932f558d947e442fd667ae5c01bed8	0	0	0	0	0	0	0	0	0	0	0	0	0	99	0
4df5c81ea7d695ed295a4487ab4b384d	0	0	0	25	0	0	0	0	0	0	0	0	0	0	0
fe4adbdf5361d546206429cdc9a1a060	15	0	0	0	0	0	0	0	0	0	0	0	0	0	0
99296d73d9d409b8068ef9988e606753	0	0	0	0	0	0	0	0	0	0	0	0	23	0	0
25725b9135c70af25c629686f5ea66c3	0	0	0	0	24	0	0	0	0	0	0	0	0	0	0
28ffebecb261a7f852e22b02165bdb43	0	0	0	80	0	0	0	0	0	0	0	0	0	0	0
949542192c0498de40fe4f6fa2711833	0	0	0	0	0	0	0	0	0	0	0	42	0	0	0
f600c0e1d5d2bd05d1621bdd610b4350	0	0	0	0	0	0	64	0	0	0	24	0	0	0	0
89f14a86fe102b88101d256d7c245329	0	0	0	0	0	0	0	0	64	0	0	0	0	0	0
0dee81da00d75fc74f88853bd21d3480	0	16	0	0	0	0	0	0	0	0	0	0	0	0	0
96bf2240d19431d67060a23c833f7dce	0	0	0	0	0	0	0	50	0	0	0	0	0	0	0
eb4f0c3016353f51fd5ad4579e4cfab0	0	0	0	16	0	0	0	0	0	0	0	0	0	0	0
8d404e991ec29f0dc33c509a28401769	0	0	0	29	0	0	0	0	0	0	0	0	0	0	0
a395973569ddab66ef35a07416580cee	0	0	0	0	0	0	0	0	0	0	0	0	0	0	35
6c5391f2d9a57fa8774e949a6bd48a17	0	0	0	23	0	0	0	0	0	0	0	0	0	0	0
2bced0cd0e13646a7089ab344c36932f	0	0	0	0	0	0	0	0	0	0	0	0	0	0	21
0e7bc8212e8a9d9602377b9c0accdfb4	0	2	0	0	0	0	0	0	0	0	0	0	0	0	0
6daed88bdff508cc0415405c95be55d0	0	0	0	0	0	0	0	0	0	0	0	0	10	0	0
f5b1e3511256f8272e9aefaeafeb2268	0	0	3	0	0	0	0	0	0	0	0	0	0	0	0
d944c64837e80b01385a2cf0591142e2	0	0	0	0	0	0	0	0	0	0	0	36	0	0	0
3355aae4dc4a9efcb887a147db68fb06	0	0	9	0	0	0	0	0	0	0	0	0	0	0	0
0023b03b1f0a094d89c6bc027ac99bb2	0	0	0	0	0	0	0	0	0	0	0	0	0	19	0
a3013ace4c2e8cf45656bee1cf7969ce	0	0	0	0	0	0	0	0	0	0	16	0	0	0	0
8eb7223abb953b68a9b67cc2997cbe68	0	0	0	8	0	0	0	0	0	0	0	0	0	0	0
6b665dc2b03d3236eeadcc0bb5067913	28	0	0	0	0	0	0	0	0	0	0	0	0	0	0
b992d3ff317fdb97d10ea77c6433c841	0	0	0	0	0	0	0	0	0	0	0	0	0	14	0
0e5865f98bee54f2264422aa07ab1d2d	0	0	0	0	0	0	0	0	0	0	0	0	21	0	0
60e6ec88e32916add0cd49aac0c52613	0	0	0	0	31	0	0	0	0	0	0	0	0	0	0
0457450046515b4eb80bd8ee8cb66d5f	0	0	0	0	0	6	0	0	0	0	0	0	0	0	0
9ca57a2dc03ff204cfeecaa2798fd238	0	0	0	0	12	0	0	0	0	0	0	0	0	0	0
981bf486a30f07f5ae838a553fb8fefb	0	0	0	0	0	0	0	0	0	0	0	0	0	25	0
476e6c47d6f7e418e95251bb77aa05fa	0	0	0	0	0	0	0	0	0	0	0	13	0	0	0
fff4e2eb5c055d7213ec24d0533a8da4	0	0	0	0	0	0	0	0	0	0	0	0	0	0	43
e1afeae25d674ee9583c1507f8f4e848	0	0	0	0	0	17	0	0	0	0	0	0	0	0	0
96675599f198c5aa1b802a2a23800170	0	0	12	0	0	0	0	0	0	0	0	0	0	0	0
c47980e8d90d7c5f43789a5e38ec863e	0	0	0	0	0	0	0	0	0	0	0	0	0	0	26
97cc1b282abd507369890b7ccafe0f7f	0	0	0	0	18	0	0	0	0	0	0	0	0	0	0
ba972efc0c76dff6f25c0af6f08afcb2	0	12	0	0	0	0	0	0	0	0	0	0	0	0	0
42884ba9a7506e3a26acfbcaccf9b6e1	0	0	0	0	0	0	0	0	0	0	0	33	0	0	0
dc77cbd28e32c925b50147e544728770	0	0	0	0	0	29	0	0	0	0	0	0	0	0	0
4102897b144e9d24d5161d59a348084f	0	0	0	0	0	0	0	0	0	0	0	0	20	0	0
c1ae221efe407362f15aca19c0dd2e42	0	0	0	0	0	14	0	0	0	0	0	0	0	0	0
7e3833ab6e3a8f871bb50bdd84cebc3e	0	0	0	0	0	0	0	0	0	0	0	0	0	0	9
33843f2b58e9c613285f558443607157	0	0	0	0	0	0	0	0	0	0	0	0	6	0	0
8c162f4352bfaa080e6a1f77f086dbe6	0	0	0	2	0	0	0	0	0	0	0	0	0	0	0
8856b73e632d5455eff1704b2f9ecddc	0	0	0	0	0	0	0	0	0	0	0	0	3	0	0
41d8fb6d0ccd8325392dcc4d3d79af01	0	0	6	0	0	0	0	0	0	0	0	0	0	0	0
166dbe515579ba66789231f78f930aaa	0	0	0	0	0	0	0	0	0	0	0	10	0	0	0
c5bec120af8a8be4605cc4cd0e435036	0	0	0	8	0	0	0	0	0	0	0	0	0	0	0
c46e2379763ddb76dd36d53446c93423	4	0	0	0	0	0	0	0	0	0	0	0	0	0	0
b2b532c664bb2112c58452341eead1fe	12	0	0	0	0	0	0	0	0	0	0	0	0	0	0
5dd53081a43d1f387d60f84e99050254	0	0	0	0	0	0	0	0	0	0	0	0	0	0	11
855e6c6042ce180684dcac9f299457f4	0	0	0	0	0	0	0	0	9	0	0	0	0	0	0
a6ca59893baef1244b99281a0236b0a7	0	0	0	0	13	0	0	0	0	0	0	0	0	0	0
b8d9365f5cf0158824b03468f83bd99e	0	15	0	0	0	0	0	0	0	0	0	0	0	0	0
90a5df517ba775290f4fbe9b7b76e5f5	0	0	0	0	0	0	0	9	0	0	0	0	0	0	0
020d89461266fc3f82728b2a90e795dc	0	0	0	0	0	0	0	0	0	0	0	0	0	0	12
14738d010417beaa0fa7d12e6509e39e	0	9	0	0	22	0	0	0	0	0	0	0	0	0	0
1e6bc4c45ad0c825309b101eb9f7bea6	0	0	0	15	0	0	0	0	0	0	0	0	0	0	0
81b7709c70d54a853cdec83dfefdfa01	0	0	0	0	0	0	2	0	0	0	0	0	0	0	0
45062f3e9ca7d857132ab9ea406a6d57	0	0	0	0	0	0	0	0	0	0	0	0	9	0	0
07fe07740dad34de5462f35f63bdac27	0	0	0	0	0	9	0	0	0	0	0	0	0	0	0
4ce67a280a3176d5955c6c8e75d28b69	0	0	0	0	0	0	0	0	0	0	0	0	0	32	0
3dd38433166b7480302ea6c7f107c9a7	0	9	0	0	0	0	0	0	0	0	0	0	0	0	0
a8c7113b381b0f1e336c5bf150176b15	0	0	0	0	0	0	0	0	0	0	0	0	0	17	0
cbe0b3cd6fe9c72b2ba78d0828379f3f	0	8	0	0	0	0	0	0	0	0	0	0	0	0	0
5ffa231aeaa5a03eb76acecc1617a1aa	0	0	0	0	0	0	0	0	0	0	0	0	0	9	0
9767a8cbc39b2a95f4b0e57429d93e37	0	0	0	0	4	0	0	0	0	0	0	0	0	0	0
3486a828ec5619633bc81d54de7d458d	0	0	0	0	0	0	0	0	0	0	0	0	0	5	0
393dc6ef405db463d0716e53d2cd8c6f	0	0	0	0	7	0	0	0	0	0	0	0	0	0	0
6d25b0f01530fcc2721f5d18d59b6c8a	0	0	0	0	0	0	0	0	0	0	0	0	5	0	0
49fbc994bcab002f3a1841505704447f	0	0	23	0	0	0	0	0	0	0	0	0	0	0	0
a2b83ee1adc26818784422a71a09d7ec	0	0	0	23	0	0	0	0	0	0	0	0	0	0	0
0c8f78327d0929271f505a1597101d09	0	0	0	0	0	0	0	0	0	0	0	0	0	22	0
815b9fd56078126f7e0d288676b5ebe4	0	0	0	0	0	19	0	0	0	0	0	0	0	0	0
4b7af2bc66ffff6bf11d9fa8da59eb3d	0	0	0	0	0	0	0	0	0	0	0	20	0	0	0
67631354aeca82478cc789116fff42fa	0	8	0	0	0	0	0	0	0	0	0	0	0	0	0
fb3aafc4a99ea5646eb906d01c37d08e	0	0	0	0	0	0	0	8	0	0	0	0	0	0	0
1d8301aba71a629b1a11d9842948c21d	0	0	0	0	0	0	0	0	7	0	0	0	0	0	0
9cc9bfce4ad255f5cb1405272f299a75	0	0	0	0	9	0	0	0	0	0	0	0	0	0	0
890e7c98a940b8c4abeaeeecec57bdee	0	0	0	0	0	0	0	0	0	0	0	0	11	0	0
72d19c703153f9ad7215ce7c186ea7df	0	0	0	0	0	0	0	0	0	0	0	0	15	0	0
bc9d2d824f9b511ac6f9876e629b2122	0	0	0	0	0	5	0	0	0	0	0	0	0	0	0
f7d5d548faf44aa7dc45e1b3835436a9	0	0	0	0	0	0	0	0	0	0	0	0	15	0	0
1a937e2ce46701fd5fdeb467c58f38d3	0	0	0	7	0	0	0	0	0	0	0	0	0	0	0
dcef75ea93c29bc055f336e445e5f309	0	0	12	0	0	0	0	0	0	0	0	0	0	0	0
16183a8ec4f3d3d550c9511734b17c40	0	0	0	0	0	0	25	0	0	0	0	0	0	0	0
3072895f8f051a95d115eb6cdc5fdb5d	0	0	40	0	0	0	0	0	0	0	0	0	0	0	0
69c3c52181344eb6f8af182148f5c81d	0	0	0	0	0	0	0	0	0	0	0	0	14	0	0
57ad7834cd42efd680760e5677113482	0	0	0	0	0	17	0	0	0	0	0	0	0	0	0
8af207e1fb2bb6b147bcc85fcc6064fd	0	0	0	0	7	0	0	0	0	0	0	0	0	0	0
9e3045c85d05c52a452c3913bb410973	0	0	21	0	0	0	0	0	0	0	0	0	0	0	0
8ea3906b2e20663260438a2938d1d69e	0	0	0	0	0	0	0	0	0	0	0	0	0	55	0
760a1587fa0d011d2c2394082e0903b3	0	7	0	0	0	0	0	0	0	0	0	0	0	0	0
1f8d1866928af554b09d9b0f1f0809b4	0	65	0	0	0	0	0	0	0	0	0	0	0	0	85
85e083e19a6d107da62b0c8e6d5aed46	0	0	0	0	0	0	0	0	34	0	0	0	0	0	0
b49b6b0ef78bf193f0465bee341d40ec	0	0	0	23	0	0	0	0	0	0	0	0	0	0	0
eb893c1b54b8d17bb5396abc6ec62126	0	0	49	0	0	0	0	0	0	0	0	0	0	0	0
c76385947fb1c31aa26c0f5bf2a380ac	0	0	2	0	0	0	0	0	0	0	0	0	0	0	0
e4db95772ebbef74ad917322d889601a	0	0	0	0	0	0	0	0	0	0	0	0	19	0	0
76dbdab7bce4f14be611e2976777e4ce	0	0	0	0	0	0	0	11	0	0	0	0	0	0	0
a7147bd67e6bc3cbc11c0199dfb2c67b	0	0	0	0	12	0	0	0	0	0	0	0	0	0	0
e48018c0a19783a91dde25e960476729	0	0	11	0	0	0	0	0	0	0	0	0	0	0	0
15a7baf10c7c87cd33303edfb67d5d9c	0	0	0	0	0	0	0	0	0	0	0	0	0	0	10
477f90435302d64d2c3511d1a251fdd6	0	0	0	0	0	12	0	0	0	0	0	0	0	0	0
6c209175ecb231296caf31e35d030c36	0	0	0	0	0	0	0	0	0	0	0	0	0	10	0
8a4c06b57499855a9e3c1f26509ee249	0	0	0	0	0	0	0	0	0	0	0	12	0	0	0
47d5a831e179a7bf6efab4cb392df0f6	0	0	0	0	0	0	0	0	0	0	0	0	25	0	0
a4c5249f1eade844b29043663d3df7bc	0	0	0	0	0	0	0	0	0	0	0	18	0	0	0
f8bca8ada7bfddfc323e1d466db1e856	0	0	0	0	0	22	0	0	0	0	0	0	0	0	0
e94cd685f70163074710f4646048397c	16	0	0	0	0	0	0	0	0	0	0	0	0	0	0
fe13564f99ed188edcfc9194e6893915	0	0	0	0	0	0	0	0	0	0	0	0	22	0	0
0825060c5b21bc6ce05bc6699ad552b8	0	0	0	0	0	0	0	0	16	0	0	0	0	0	0
b5ef558277c3ded9691174ce4462fa10	0	0	0	0	23	0	0	0	0	0	0	0	0	0	0
5e4789cb21c0cf5751d4ef918881b6de	0	0	0	0	0	0	0	17	0	0	0	0	0	0	0
c582da81fd4b7b9de7dd5315b057237f	0	0	0	0	0	0	0	0	7	0	0	0	0	0	0
01c66c355830b13d5f63c7b8766abfe3	0	0	0	0	0	0	14	0	0	0	0	0	0	0	0
b7e4f3be5738d8225057d341d1458c29	0	0	0	15	0	0	0	0	0	0	0	0	0	0	0
60182f768b2700ea52921e7f2fa75c1f	0	0	0	0	0	0	0	0	5	0	0	0	0	0	0
5823540eb37d03518b7505400e0d4464	0	0	0	0	0	0	29	0	0	0	0	0	0	0	0
969b45ab27c295ee6410d9450da599dc	9	0	0	0	0	0	0	0	0	0	0	0	0	0	0
a81eb17f89a6434cad6ac380ae9f9006	0	0	0	17	0	0	0	0	0	0	0	0	0	0	0
8f8a8ac5fc4d358f8d3ec4ac1d0f9692	0	0	0	0	0	0	0	0	0	0	0	0	0	33	0
f96185863de2daf6ce90b83c47bb038d	0	0	4	0	0	0	0	0	0	0	0	0	0	0	0
a7d3ce92cbeb44cab4d0c8b5e803007b	0	0	0	0	0	17	0	0	0	0	0	0	0	0	0
8d026e9a0ad35583fdacb3107ff62e1f	0	0	0	0	0	0	6	0	0	0	0	0	0	0	0
d7fc02b18c368cd4b34dd59224d3c9a5	0	11	0	0	0	0	0	0	0	0	0	0	0	0	0
46217508571294bab3e44c9c373e4adb	0	0	0	0	0	0	0	0	0	137	0	0	0	0	0
7d79c7e577430a6971a2d62a2caa371d	0	0	0	0	0	0	0	0	0	0	0	0	0	0	17
d451146989de4e87a362e8c969d5803b	0	0	0	0	0	0	12	0	0	0	0	0	0	0	0
29051b66c340a234fef63d0afa7f059b	0	0	0	0	7	0	0	0	0	0	0	0	0	0	0
7f6e11eeeea3e9ea2bbcfbe65e1edf47	0	0	0	0	0	27	0	0	0	0	0	0	0	0	0
c1e4fe14cecc5f382ea3f0d05d0644d1	0	0	0	0	0	20	0	0	0	0	0	0	0	0	0
d05b6fc7dfa2f9af47f21a6b30925574	0	0	0	0	0	0	0	0	0	0	0	0	0	0	7
70aeae504d923db61e2862a8c9267419	0	0	0	7	0	0	0	0	0	0	0	0	0	0	0
5c6d1f700746a76e9295fa197576707a	0	0	0	0	0	0	0	0	0	0	0	0	0	13	0
d7fa07d26a266bf4adf0399e31619376	0	0	0	16	0	0	0	0	0	0	0	0	0	0	0
5af9b00cf4882e2aea235f3c83b95133	0	0	0	0	0	0	0	0	0	0	0	0	59	0	0
c8425754d1a1d47b7f3976ffff297a45	0	0	0	0	0	11	0	0	0	0	0	0	0	0	0
43e7c93f47b8d79dc14b7a2af84ab6aa	0	0	0	0	13	0	0	0	0	0	0	0	0	0	0
19a80981d21c349237043b229aa3b497	0	0	0	0	0	24	0	0	0	0	0	0	0	0	0
8332512ef525b2dd5c8fedf2024bb7a7	0	0	0	0	0	0	0	0	0	0	0	0	0	0	32
03852ea5603c96dc391a85968d91dbb0	0	0	0	0	0	0	0	12	0	0	0	0	0	0	0
30ef927608efe2c835400ccc4291867f	0	0	0	0	0	0	0	0	0	0	0	0	23	0	0
2ccaf4d1f3f902570ba45e420b89edd6	0	0	0	8	0	0	0	0	0	0	0	0	0	0	0
0f2e5dbd6e51c1f04e13f4dcb0bdc1c7	0	0	0	0	0	0	0	0	0	0	0	0	9	0	0
a8efc067a13e2fe5599004cdef011d00	0	0	0	0	0	11	0	0	0	0	0	0	0	0	0
1ad0635691a2bcba2ae7bf0c27f3bc08	0	0	0	0	0	0	0	0	0	0	0	0	0	12	0
55d640f4c8b08daeeeca04471aeedc76	0	0	0	0	0	27	0	0	0	0	0	0	0	0	0
5d89d5e472d7cb897e61de3c955b01f8	0	0	0	0	0	0	0	0	0	0	0	0	0	0	12
b6205fa4d020441f0fa5674ae434ece0	0	0	0	0	0	0	0	0	7	0	0	0	0	0	0
8bb6c8f9bcde5bf4c15ab78bc2c1a2ed	0	0	0	0	0	0	0	0	0	0	0	0	0	22	0
39161c92e6a404b1670a2c9458590dd3	0	0	0	0	0	14	0	0	0	0	0	0	0	0	0
e3227d29a89fd25f60811c30ff27cc30	0	0	0	0	0	0	0	0	0	0	0	0	0	0	30
5ebf5cc9e863f3d2647ea6f596048bd1	0	0	9	0	0	0	0	0	0	0	0	0	0	0	0
4708f9ae825eff1dda99a65e3d137835	0	0	0	0	0	8	0	0	0	0	0	0	0	0	0
8da0e00e4bb000735b997dfa4f5aebbc	0	0	0	0	0	0	0	0	0	0	0	0	0	13	0
bf5748bbf6437db4c5e411dc47edb210	0	0	0	0	0	61	0	0	0	0	0	0	0	0	0
b6c9c33597b8e0ee3cfc8bba11203915	0	0	0	0	0	0	24	0	0	0	0	0	0	0	0
744fd003298e39752e24e2a1efb95d23	0	0	0	0	0	0	0	0	12	0	0	0	0	0	0
1b6a9e2e0edae3c643ad8b7f2d73dd82	0	0	0	10	0	0	0	0	0	0	0	0	0	0	0
8048fdcbd4e4f4a07821ac371810928b	0	0	0	0	0	0	0	0	0	0	0	0	0	17	0
543dd64637e1a06d8663c42ab071d906	0	0	0	10	0	0	0	0	0	0	0	0	0	0	0
6b14148e7e98380f8b6d8060492d8d2e	0	0	0	24	0	0	0	0	0	0	0	0	0	0	0
5cff64bf8a4c380e20745326b853dd87	0	0	17	0	0	0	0	0	0	0	0	0	0	0	0
00248c78e5ff92f50b07be1ed4f75998	0	0	0	0	0	0	0	0	0	0	0	0	0	0	11
1c2aa51bf270bcc7fc2a5242188018aa	0	0	0	0	0	0	0	0	0	0	0	0	8	0	0
020ca2fae9ae175d1a1867dbaae33d91	0	0	0	0	10	0	0	0	0	0	0	0	0	0	0
1087c8c78b3b3cb9f347728072ebda36	0	0	10	0	0	0	0	0	0	0	0	0	0	0	0
1e09842e2d35848ac325a163e67f9919	0	0	0	9	0	0	0	0	0	0	0	0	0	0	0
ec1f29d8b064d786d3678d65be4e46d2	0	0	0	0	0	0	0	0	0	0	0	0	0	0	13
b7835d147204083b1cec5a05e9264fd7	0	0	0	0	0	0	0	0	0	0	0	0	11	0	0
3b1eabd343015fcf39111be74960f9b9	0	0	0	5	0	0	0	0	0	0	0	0	0	0	0
29069bf26ba7cac116ea709d75522d1f	0	0	0	0	0	0	0	0	11	0	0	0	0	0	0
cc7f659cf17d59026a4550cf52481171	0	3	0	0	0	0	0	0	0	0	0	0	0	0	0
9a80757822f7cfbc862d243a7f72324d	0	0	0	0	0	0	0	0	0	0	0	0	12	0	0
05b2bd2344e9f6d223bef86d6d2915d7	0	0	0	0	0	0	0	0	0	0	0	0	0	7	0
d7ad5836c4b383d9a8be4a6e3023ce5e	0	0	0	0	0	14	0	0	0	0	0	0	0	0	0
5fb12ee83137516a7a718da760c7cfc1	0	0	0	0	0	0	0	0	0	311	0	0	0	0	0
4f698139778653d22e847f9f4c4686ba	0	0	0	0	0	0	0	0	0	0	29	0	0	0	0
708a5499a543ab218b0046d17803f251	0	0	0	0	0	0	0	0	0	66	0	0	0	0	0
746d3244c7d57001d5376a52de68f3cb	0	0	0	0	0	0	0	0	0	88	0	0	0	0	0
fd6516fcccd3a12cdbf0a48e6b010767	0	0	0	0	0	0	0	0	0	0	16	0	0	0	0
2a61cf2a33dec0af32399bbaf7b1d64d	0	0	0	0	0	0	0	0	0	0	15	0	0	0	0
314437ab632f6d5af0afa0bcd6626e0b	0	0	0	0	0	0	0	0	0	52	0	0	0	0	0
77dd2d36306cfabcee2eb5fa4816ec88	0	0	0	0	0	0	0	7	13	0	0	0	0	0	0
1be0e742994db22bdf05c48f55a7918a	0	0	7	0	0	0	0	0	0	0	0	0	0	0	0
61a53f17282a2fe519d03c463067a525	0	0	0	0	0	0	0	0	0	221	0	0	0	0	0
106b1e3f60d55adc8b8b7e1e4217f63d	0	0	0	0	0	0	0	0	0	78	0	0	0	0	0
f2278c79039676c7f399beaaf5c6ff3f	0	0	0	0	0	0	0	0	0	519	0	0	0	0	0
7ffe5d405f5500bc496f839fa44c606d	0	0	0	0	0	0	0	0	0	0	23	0	0	0	0
136e89b70c50e1413ecba3d25f13fec0	0	0	10	0	0	0	0	0	0	0	0	0	0	0	0
937de6456a769d13859504c149442cc9	0	0	0	4	0	0	0	0	0	0	0	0	0	0	0
c70728a5bc6dc928ad5155625980f8e2	0	0	0	0	0	3	0	0	0	0	0	0	0	0	0
94799ff0eaccf7f9a33f75d91b508dbe	0	0	0	0	0	0	0	0	0	0	0	0	0	0	3
954d9b82def677b95a75954ab01ad8b9	0	0	11	0	0	0	0	0	0	0	0	0	0	0	0
52a30ff8ebf212be3bc35a598fd67ecb	0	21	0	0	0	0	0	0	0	0	0	0	0	0	0
f62d54e3e6efa67de3caebf7f77892d5	0	0	0	0	0	0	0	0	0	120	0	0	0	0	0
551c6f441cc1369e7e5ccd0d520f29bc	0	0	9	0	0	0	0	0	0	0	0	0	0	0	0
9900692aae5811531361e0c5cc95e4ae	0	0	0	0	0	15	0	0	0	0	0	0	0	0	0
e64f8475b3e37af04d5b0cf7c03999ae	0	0	0	0	0	0	0	0	5	0	0	0	0	0	0
614926fd469c3638a6b6325553f35c8e	0	0	0	0	0	0	0	7	0	0	0	0	0	0	0
b8988a53babba145956a461600524d8d	0	0	0	57	0	0	0	0	0	0	0	0	0	0	0
d4e0d6055e24cc365ee7da52ac5ed1b4	0	0	0	0	0	0	0	29	0	0	0	0	0	0	0
511b274cbc067d191a968d1a1eab57be	0	0	0	0	0	0	0	0	0	0	0	83	0	0	0
e9307ca3fe66410f50aea68c9a5fbf99	0	0	0	0	41	173	0	0	0	0	0	0	0	0	0
3be3770a510d5aff988979dd691712d4	0	0	0	0	0	0	0	0	0	0	0	0	0	53	0
1670139cfe537d5160fb0b44dadd07a0	0	72	0	0	0	0	0	0	0	0	0	0	0	0	122
d9047f89a42c1d71bf4e3fa0a2964531	119	0	0	0	0	0	0	0	151	0	0	0	0	0	0
405e4e0b4bff4bb971ff86ba6ac3ef55	0	0	0	0	0	0	0	0	0	0	0	0	143	0	0
b0196ed39d65a9ca0d5fe1909dd9cc5a	0	0	0	0	0	0	96	0	0	0	0	0	0	0	0
6ca975d3086ee1640b7b1f40150f31b3	0	0	0	15	0	0	0	0	0	0	0	0	0	0	0
b158a62f843735b2109fc834c316dbf5	0	0	0	0	0	0	0	0	0	0	0	0	0	0	9
dc72cded06862ce0cc15c18a3e5cfb0b	40	0	0	0	0	0	0	0	0	0	0	0	0	0	0
e3c005dac16303aef61861e595da1cfb	0	0	0	0	0	0	0	0	0	112	0	0	0	0	0
a32b1568ec7775f87cc6115af2ea981f	0	0	0	0	0	0	0	0	0	0	0	0	37	0	0
1c3b0f0946956a5adb29bf3d14041d6f	0	0	0	0	0	0	0	0	0	0	0	0	0	0	128
096f9c7bbec4b0d3eef3c72a30908a45	15	0	0	0	0	0	0	0	0	0	0	0	0	0	0
22b4b00ebf3a5639ddfb7e8f929dd90d	0	0	0	0	0	0	0	0	0	0	0	0	0	0	74
453f89b22998d9f7a6e35f36e874426d	0	0	0	0	45	50	0	0	0	0	0	0	0	0	0
114076ab16b87dbb66e81e088bdd9377	0	0	0	0	0	0	0	0	25	0	0	0	0	0	0
dbe7ac78f55d28a6a80429f5fd33bc66	0	0	0	0	0	0	0	0	0	0	0	0	25	0	0
7ddbee1cb3dc77c0ee894853c3f20911	0	0	0	0	0	0	0	0	0	0	0	14	0	0	0
723b29b76c9857fa4519839e27744869	0	0	14	0	0	0	0	0	0	0	0	0	0	0	0
73a232a71549b3a15e9e23e043112dee	0	0	0	0	0	0	0	47	0	0	0	0	0	0	0
25934f3d434a99847e89836f544d279c	0	0	0	0	0	7	0	0	0	0	0	0	0	0	0
b532c2aff56e74efcaa18ed7d57e42a4	0	0	0	0	0	0	0	6	0	0	0	0	0	0	0
7c3c94992be1e30c7f9ff7f51e4cee71	0	0	0	0	0	0	0	0	0	0	0	0	0	15	0
364dcc9b1cc90c2abd4ac05281c84512	0	0	0	0	0	49	0	0	0	0	0	0	0	0	0
27cd8bdf8f251685e837b3d4814cdddd	0	0	0	0	0	0	0	0	0	0	0	17	0	0	0
b8a033fa3ae70801b735d4698da8ca5d	0	0	0	0	0	0	0	0	0	0	0	0	47	0	0
e59d80a1fc1813d182856673a47d0b35	25	0	0	0	0	0	0	0	0	0	0	0	0	0	0
47d6e1fb672bf1ee250ff2f5ba65ebb2	0	0	0	0	0	0	0	20	0	0	0	0	0	0	0
34e03a92fd66f3df1d3b48dc5dc0cbf9	0	0	0	0	0	0	0	0	0	0	0	0	0	0	37
aae3536303fa43bbf6b872b079d60b0a	0	0	0	0	0	0	0	0	0	0	0	0	0	43	0
919304a2a91feab2a21389a409637ebb	0	0	0	0	0	0	0	0	0	0	0	0	4	0	0
9237827c03913bb3cd3afaddeb3d19d0	0	0	0	0	0	0	13	0	0	0	0	0	0	0	0
f5c831a841efa298ba889168b1b29562	0	0	0	0	0	0	0	0	0	0	0	0	0	0	14
e8a5dde119dfd0b03c85abd0457962d5	0	0	0	0	0	0	0	0	0	0	0	0	35	0	0
f1d0743d8c1a7ea607a4da6f2cabd365	0	0	0	0	0	0	0	0	0	0	0	0	0	0	18
114112afae489212c4e08d8285d7dde7	0	0	0	0	0	39	0	0	0	0	0	0	0	0	0
d4221b4062f8735f41c605578f6226b4	0	0	0	0	0	0	2	0	0	0	0	0	0	0	0
c2a1c39190f5d66c1a4eb8373c7adee5	0	0	0	0	3	0	0	0	0	0	0	0	0	0	0
e4dd21a246e611f6129c5f785bef6e79	4	0	0	0	0	0	0	0	0	0	0	0	0	0	0
6b341c04241add671da3177d67540f9a	0	0	0	0	0	6	0	0	0	0	0	0	0	0	0
8dd8cc4753428d70fa9b5a8d0bc54992	0	0	6	0	0	0	0	0	0	0	0	0	0	0	0
61e95f21d2b2ce09fc64e651ae2bc935	0	0	0	0	0	0	0	0	0	0	0	11	0	0	0
e4af8ca38c18c4f0c59b9bbc7b7b6695	0	0	0	0	0	0	0	0	0	0	0	0	0	10	0
92180d033d7ed4114740e8fb3a2c5986	0	0	0	0	0	0	0	0	0	0	0	0	7	0	0
53ce6ad57c3bcec26f2268c8a67d159a	0	0	0	0	0	0	0	0	0	160	0	0	0	0	0
b0483c0c5cf00b52db0cd4982f55b607	0	0	0	0	0	0	0	0	0	0	0	0	24	0	0
473904356ce80c576b76761f8295baa9	0	0	0	0	0	0	0	0	0	0	0	0	0	0	31
3b75b482260fb36ebe12c28dee1a8241	0	0	0	0	0	0	0	0	0	0	0	0	29	0	0
b34bbd329ed6d2403c4680f5ff4d3ef7	0	0	28	0	0	0	0	0	0	0	0	0	0	0	0
fb55b78deab45db7bf61840d29ef8911	0	0	0	0	0	0	0	0	0	0	0	0	0	19	0
b1d4ac3c72670fa15b9c04dbd0ee1b2e	0	0	0	0	0	0	0	0	0	0	0	30	0	0	0
057f6b7438ca8cf201bab7b0aa165413	0	0	0	0	0	0	0	0	0	0	0	0	0	34	0
acbad5efb605bc3d72eda94299b7cd98	0	0	0	0	0	83	0	0	0	0	0	0	0	0	0
50f3b35e913e37361baa25d80427ab87	0	0	71	0	0	0	0	0	0	0	0	0	0	0	0
d1270aaced8d03768f8afad4c59db6c3	0	0	0	138	0	0	0	0	0	0	0	0	0	0	0
f11c43850373fd4ad383737381ec1262	0	0	0	0	0	0	0	0	0	0	0	0	107	0	0
0e1142ba8cb0ff1694009382fe43f294	0	0	0	0	0	0	0	0	76	0	0	0	0	0	0
61a81b4586c9b40e6dd7d374ad4c9858	0	0	0	0	0	0	40	0	0	0	0	0	0	0	0
64219f8c2d1441cd60ea6861d2ded45a	0	9	0	0	0	0	0	0	0	0	0	0	0	0	0
e290cd80347f5eb4a3595c819398dfa5	0	0	0	0	0	0	0	80	0	0	0	0	0	0	0
cdab41927550bac7ce48f4aa8fa24c51	39	0	0	0	0	0	0	0	0	0	0	0	0	0	0
03d97ae74a0fb0c582b2ea2b195e65cb	0	0	0	0	0	18	0	0	0	0	0	0	0	0	0
97f7575554eb8a6b9f5c49512807ec79	0	0	0	0	0	0	0	0	0	0	0	0	14	0	0
fb92593acff42c19da230c9d46b230de	0	0	0	0	0	0	0	0	0	0	0	0	27	0	0
1e4e3d37439e66e122a915aee2a7aa43	0	0	0	0	0	0	43	0	0	0	0	0	0	0	0
a2862fea4873fa6fc6dd7200ddd0486a	0	0	0	36	0	0	0	0	0	0	0	0	0	0	0
ace2463195a64b40506a017948a13121	0	0	0	0	0	0	0	0	0	0	0	0	0	71	0
0652e76c52cdf7758473ee3630824353	0	0	0	0	0	58	0	0	0	0	0	0	0	0	0
6886e0c2e19c74064f1b7fea08bdc27d	0	75	0	0	0	0	0	0	0	0	0	0	0	0	0
b7be1076b047d40f4044f74861c6be75	0	0	0	15	0	0	0	0	0	0	0	0	0	0	0
3e278ee33cece335f8ff78609e355278	0	0	0	0	0	0	0	0	0	0	0	0	0	0	46
0a99cabe2685fe8b9eaa4ebcdeeaf70f	0	0	0	0	0	0	0	10	0	0	0	0	0	0	0
1dcf0eb08416e0ce49a450ac3b363d70	0	3	0	0	0	0	0	0	0	0	0	0	0	0	0
f3c960493c9852a2345c9881af786124	0	0	0	0	0	0	0	0	0	0	0	0	57	0	0
2e20b6738dac3a2825eab8bb252e950c	25	0	0	0	0	0	0	0	0	0	0	0	0	0	0
e9aa3cd66f0930917387cb91731e14ac	0	0	0	0	0	0	0	0	0	0	0	0	0	0	38
766dbef2390edfd0f5de59fb92ff3919	0	0	0	0	0	0	0	0	0	0	0	22	0	0	0
0e468d4004d9ad21dac73fd79e4581cb	0	0	0	0	0	0	0	0	0	297	0	0	0	0	0
eca2542442130f32dacfcbd63632be79	0	0	0	0	0	0	0	0	0	0	0	0	0	50	0
e29425bedac302e49c195ffeee83996c	0	0	0	0	0	10	0	0	0	0	0	0	0	0	0
187e77aca926db184dd6de7cd0ce0540	0	0	0	0	0	0	0	0	0	0	0	0	0	7	0
a252288c32debc3d0c880fb249a07c9b	0	0	0	0	0	21	0	0	0	0	0	0	0	0	0
99c0645878c0480d89d2189ce37949d6	58	0	0	0	0	0	0	0	0	0	0	0	0	96	0
1ab4d6d447f1ec99222f78c303523592	0	34	0	0	0	0	0	0	0	0	0	0	0	0	0
61797fb42ccd50b2ef9f66319f87c50a	0	0	0	0	0	0	0	0	0	0	0	74	0	0	0
19995f1a406f8d3271babf445da1e57a	0	0	0	0	0	0	37	0	0	0	0	0	0	0	0
6272a96f2c0873ffb9949997bd0e3f45	0	0	0	90	0	0	0	0	0	0	0	0	0	0	0
87a86bf44ad7d7c88c2bcc9ee68005f8	0	0	0	0	0	0	0	0	0	0	0	0	12	0	0
2ebbbc08489d8cad628407e73da9ea16	0	6	0	0	0	0	0	0	0	0	0	0	0	0	0
48b9d9f8389c52ff700a1dafa12513c7	0	0	0	0	0	0	0	0	0	0	0	12	0	0	0
48677f9a3a111bb12d1a782d163732e8	0	0	0	0	0	0	0	0	0	0	0	0	0	0	14
e69ad3e3875e4dd77d61ef13e1606fa6	0	0	0	0	0	0	19	0	0	0	0	0	0	0	0
44cdcde8e150742ee5271cf092a1f246	0	0	9	0	0	0	0	0	0	0	0	0	0	0	0
821c913e393d58d3bdb4399b89551838	0	0	0	17	0	0	0	0	0	0	0	0	0	0	0
68580f31e4efc2260f963395e3bd17eb	0	0	0	0	0	0	0	7	0	0	0	0	0	0	0
59598e021acf27217dabad925f761e34	0	0	0	0	0	22	0	0	0	0	0	0	0	0	0
690ae6b0ea0a10261888d8480a9100b8	0	0	0	0	0	0	0	0	9	0	0	0	0	0	0
dec8b116da8612c261ee50de5a5965ab	0	0	0	0	0	16	0	0	0	0	0	0	0	0	0
03bc67bf380dce13a2aefda45b6edf8d	0	0	0	0	0	0	11	0	0	0	0	0	0	0	0
2c3eadb91a71c39ebfd51364d105e263	0	0	0	0	10	0	0	0	0	0	0	0	0	0	0
ba4d91b9cd1434d29047c14b1fca1efc	0	0	0	8	0	0	0	0	0	0	0	0	0	0	0
1db91f22339393ec30abe75948b1cf5f	0	0	0	0	0	0	0	0	0	0	0	0	28	0	0
0486532ea2bbe87987b6673d15e8ff66	0	0	0	0	0	0	0	0	0	5	0	0	0	0	0
abbc6f8be0cf59f6958befa1c5dad851	0	0	0	0	0	9	0	0	0	0	0	0	0	0	0
78ebf2ab5673fddf5af6ce363533119e	0	0	0	0	0	0	0	9	0	0	0	0	0	0	0
62b42b41cdcf55cd80c893c0573141db	0	0	0	0	0	0	0	0	10	0	0	0	0	0	0
a0aafc8b891fbc361185a3dd9239fe6a	0	0	0	0	0	0	0	0	0	0	0	0	47	0	0
dcb154b596942485a42db9f25db8e34c	0	0	0	0	14	0	0	0	0	0	0	0	0	0	0
181352b50ce754ac845c9abf92d8f1a8	0	0	0	0	0	0	0	0	0	0	0	0	0	0	21
d62d7314718c6b75a3ea25e3d0580b4b	0	0	38	0	0	0	0	0	0	0	0	0	0	0	0
27d955e58024dddcafb47348d52467cc	4	0	0	0	0	0	0	0	0	0	0	0	0	0	0
93e29d0f1962c6d6463d5346009f12d0	10	0	0	0	0	0	0	0	0	0	0	0	0	0	0
72604fd8b5c6976582b2e4041d6617b1	0	0	0	0	0	0	0	0	0	128	0	0	0	0	0
6ad7105daa2e04cf35f41933e1d0679d	0	0	0	0	0	0	0	0	0	0	0	0	0	0	2
4c2854beb7e1ea9fb9f12f24e91000df	0	0	0	0	0	0	0	0	0	0	0	0	0	36	0
eefc7d8c147bfd6f7ee71ae8f17f37e4	0	0	0	0	0	4	0	0	0	0	0	0	0	0	0
dc89cc8f86e5613168a19e713574f751	0	0	0	0	0	0	0	0	0	0	0	0	0	87	0
8e740c46910015f582752df1dc309fd3	0	0	0	0	0	0	0	0	0	0	0	78	0	0	0
f01d68fe9b1c31fedfea29d2d0c2684c	0	0	28	0	0	0	0	0	0	0	0	0	0	0	0
65f5a1975b3cf5623cad625b67fc5c70	0	57	0	0	74	0	0	0	0	0	0	0	0	0	0
8e23f6be1cfdd43a3bf7c5c37baaf390	0	0	0	24	0	0	0	49	0	0	0	0	0	0	0
c76c9d1acd9060c415302a9e8bdb8582	0	0	0	0	0	64	0	0	0	0	0	0	0	0	0
404c77e7842278f653aa07a57ec6aa6f	0	0	0	0	0	0	0	0	77	0	0	0	0	0	0
1c7850e9e0befd2e81f0ae84b45f34eb	0	0	0	0	0	0	29	0	0	0	0	0	0	0	0
6d2c6119fe40c783a63fe8eb260cdfac	0	0	0	0	0	0	0	0	0	0	0	0	0	0	60
9a7951f1f8524491ffe012b0f526f56d	0	0	0	0	0	0	0	0	0	126	0	0	0	0	0
71201cc07b799faad9b185d00fa0bf14	0	0	0	0	0	0	0	0	0	0	0	0	0	8	0
f601126f36f8457ba0841fb9970c694b	0	0	0	0	0	0	10	0	0	0	0	0	0	0	0
1a63b96235c8d718aa23e11b5b81ac14	0	0	0	0	0	0	9	0	0	0	0	0	0	0	0
b4994e4c52b52535b6015a4f84352809	0	0	0	6	0	0	0	0	0	0	0	0	0	0	0
aea64b5e0742c6c9682d25ddd87bbf60	0	0	0	0	0	0	0	0	0	135	0	0	0	0	0
133af784070118f41b536542ac20ddcb	0	0	0	0	0	0	0	0	0	0	0	0	6	0	0
129e8660e31e024a2b9f1e67d0c56d13	0	0	0	6	0	0	0	0	0	0	0	0	0	0	0
17b6439e16d1478383852cf0ca4335c7	0	0	0	0	0	0	0	0	0	0	96	0	0	0	0
2ba9c7b2965282f0396f885369da1064	0	0	0	0	0	0	0	0	0	0	0	0	0	16	0
a538047d013ff039f808de4ec418ed6c	0	0	0	0	0	0	0	24	0	0	0	0	0	0	0
cc848f8fcf6a3080cf214a7315d0a2ba	0	0	0	15	0	0	0	0	0	0	0	0	0	0	0
fc2b7ce7e007916520ba477b214fc4e2	0	0	0	0	0	0	0	0	0	0	0	0	17	0	0
58a913eb1c94c505d3272a1680cda9c8	0	0	0	0	0	0	0	0	0	0	0	0	0	15	0
685aea885be3e330d384b80e5b877d1d	0	0	0	30	0	0	0	0	0	0	0	0	0	0	0
35a86b1b90976cd82d47525b2aee3c1c	0	0	0	0	0	0	0	11	0	0	0	0	0	0	0
4fa754085461e7d3f9216dc6b0b1027b	0	0	0	29	0	0	0	0	0	0	0	0	0	0	0
31894a3bc8329e401f13bf6c8349ccf7	0	0	9	0	0	0	0	0	0	0	0	0	0	0	0
19a29d63712ae7cba9ef41fd57d63239	0	0	0	0	0	0	0	0	0	0	0	0	48	0	0
833e8320af3c4fe1e5cb012f0adc7225	0	0	0	0	0	0	0	17	0	0	0	0	0	0	0
41ed2a8ae226a9835ccc8dd76b8d3ef8	9	0	0	0	0	0	0	0	0	0	0	0	0	0	0
bb13b6d986993edc652e190584e217ee	0	0	0	0	0	22	0	0	0	0	0	0	0	0	0
eef2f0e7a679b9e40693e8241fe519d9	0	61	0	0	55	115	0	22	0	0	0	0	40	0	0
ba8999b675e14ba403cfcea5edcd8d58	0	0	0	0	0	0	0	0	0	0	0	0	0	0	38
018804feba7b3f04ac361b14b198181a	0	0	0	0	0	0	0	0	42	0	0	0	0	0	0
0301d7d13600d1852e459f4ee3b0df4a	0	0	0	0	0	0	0	0	0	0	0	0	0	10	0
6fe00b1d22a3cf0c7877ff791a8b12b1	0	0	0	0	0	0	0	0	0	0	0	88	68	0	0
ae378a94eb932b4545427e02663d2bf5	0	0	0	0	0	0	33	0	0	0	0	0	0	0	0
b84b6e51f462e5962408772562cf1179	0	0	0	0	0	0	0	0	0	0	0	0	0	52	0
bef87a3e65784235e18480bb219fdf76	0	0	9	0	0	0	0	0	0	0	0	0	0	0	0
86361504b2405aa800d3fbfedcf948c8	0	0	0	0	0	0	0	0	0	0	0	0	0	6	0
b7668346ed8495620f08681e252e3da7	0	0	47	0	0	0	0	0	0	0	0	0	0	0	0
56b05adf590cb9257047df363731ece4	14	0	0	0	0	0	0	0	0	0	0	0	0	0	0
db56a7e38d4169496d08442b95425436	0	0	0	0	0	0	0	57	0	0	0	0	0	0	0
1e0cef21dcfb443a8ba3c913f4f14c64	0	0	0	0	70	0	0	0	39	0	0	0	0	0	0
d6c9727bf85013b71e7c3befba3fc439	0	0	0	0	0	0	38	0	0	0	0	0	0	0	0
4255a145da9c5d2112a5596f2a798873	0	0	0	0	0	55	0	0	0	0	0	0	0	0	0
9c0eb88a3d28a300f7b7e943b1ea8b24	0	0	35	0	0	0	0	0	0	0	0	0	0	0	0
6a55fb064ec2f1f6fdf1ca6ebc904ad1	0	0	0	0	0	0	0	0	0	0	0	0	0	0	76
a8b9a43b4afd638aa9dba1dc63244eae	0	6	0	0	0	0	0	0	0	0	0	0	0	0	0
d758d3fc1fc57a7a4dcdbe020f78000f	0	38	0	0	0	0	0	0	0	0	0	0	0	0	0
6c842310c7f82e6be22b4b4f291b911e	0	0	0	11	0	0	0	0	0	0	0	0	0	0	0
79fcadd9fbe3c437a2ef50736e3bc92e	0	0	0	0	0	0	0	7	0	0	0	0	0	0	0
042fb44a26e037d897feedadf97151bb	19	0	0	0	0	0	0	0	0	0	0	0	0	0	0
99ffc9d0a2ae0decda026bfa183289df	0	9	0	0	0	0	0	0	0	0	0	0	0	0	0
54e854e913ed7b00f59bea75ab956625	0	0	0	0	0	20	0	0	0	0	0	0	0	0	0
ce56edc01493153ef17443e913f65e7c	0	0	0	0	0	0	24	0	0	0	0	0	0	0	0
b5cbb6e8251d33e418ded3cda4375f34	0	0	0	0	7	0	0	0	0	0	0	0	0	0	0
4a860846f2edd69626e2325bea55f7f3	0	0	0	0	0	0	0	0	0	0	0	0	14	0	0
ae3e8ae1a1daad28f5257e8683555f5c	0	0	0	0	0	0	2	0	0	0	0	0	0	0	0
3c1ccf889f08bc3abe40c6d75510cdbc	0	0	0	0	0	6	0	0	0	0	0	0	0	0	0
96732092915ae4e89f7232dd792a4c62	0	0	0	0	0	0	0	0	0	0	0	0	0	18	0
1c9ce64fe9a6ad53e7e52326d04a6b5c	18	0	0	0	0	0	0	0	0	0	0	0	0	0	0
3620604f82a63043d87ac0ee06c8cd37	0	0	0	0	0	0	0	0	10	0	0	0	0	0	0
da084c250076c3bccb668669312af982	11	0	0	0	0	0	0	0	0	0	0	0	0	0	0
8204a5ef241ed5c39a466f78931c366c	0	0	0	0	0	0	0	0	0	116	0	0	0	0	0
c20680bf2c689a9ad97437d475a15a92	0	0	0	0	0	0	0	0	0	0	0	13	0	0	0
e426cd3ac04a9e099e666e612ad567d4	0	0	0	0	0	0	0	11	0	0	0	0	0	0	0
e73dbed8d0a9e1b3d55bbf01185e42f0	0	0	0	0	0	17	0	0	0	0	0	0	0	0	0
7a39208beca7c3259596b4de1f8680e9	0	0	0	0	0	0	0	0	13	0	0	0	0	0	0
5e174b290f47fc9638dd7cf8ff4b8136	0	0	0	0	0	0	10	0	0	0	0	0	0	0	0
a89e0d06075ab9b0a9101b975b28781f	0	0	0	0	0	0	0	0	0	0	34	0	0	0	0
e04ceb55e0b5ceb7d2c4d0687f446ad8	0	0	0	0	0	0	0	0	0	0	0	8	0	0	0
41e1331f966089ca12a0b9f75c07997a	0	0	0	0	0	14	0	0	0	0	0	0	0	0	0
983967b0ada3a9069a028f8d49135447	0	0	0	0	0	0	0	0	0	0	0	0	16	0	0
a3aa0f1b5783ea5f326601b18be3b387	0	0	0	0	0	0	0	0	0	0	0	0	0	10	0
fa38519e16be3bdec8eee77def4dce58	0	0	0	2	0	0	0	0	0	0	0	0	0	0	0
2acf3dc4a0beb3b55be3537f88b6cf54	0	0	0	0	0	0	0	0	0	0	47	0	0	0	0
cbfc3a5541c6c9f89d9ce1e4101853c4	0	0	0	5	0	0	0	0	0	0	0	0	0	0	0
dd4a5c2299be92780366630359fcc7dd	0	7	0	0	0	0	0	0	0	0	0	0	0	0	0
71920941ca2d41dec4d45e094779b8ff	0	0	0	2	0	0	0	0	0	0	0	0	0	0	0
ed541f6fb33f3d8f495025c53cdf0277	0	0	0	0	0	0	0	0	0	0	0	26	0	0	0
a57799c58a915a107b13d0ca70b53b72	0	0	0	0	0	0	28	0	0	0	0	0	0	0	0
4fb6913e8fb2bd14bdb5769538fdb3be	0	0	0	0	0	0	0	0	0	0	10	0	0	0	0
2f09cf1276b02ff759cd0cf2c1d7d986	0	0	0	0	0	0	0	16	0	0	0	0	0	0	0
1f4f14a6e7aca3510cc2f028dbac1d31	3	0	0	0	0	0	0	0	0	0	0	0	0	0	0
9846d52e7e81a7112ef377885dbe61e5	0	0	0	0	0	0	0	0	0	0	0	0	0	8	0
d6cf06f3aff36040ef91d0b6312692be	0	0	0	0	0	0	0	0	12	0	0	0	0	0	0
8845d966e48d0aa51a33b2b56c67f960	0	0	0	0	0	0	0	0	0	0	0	0	27	0	0
e9bc5e97cba96ee7ac1b2138d66204da	0	0	5	0	0	0	0	0	0	0	0	0	0	0	0
a4b34f2a8ad3de7d4c8923a1784eeef3	0	0	0	4	0	0	0	0	0	0	0	0	0	0	0
84658552a7f127b6fce50667d18141d3	0	0	0	0	0	26	0	0	0	0	0	0	0	0	0
5c754c429ec73eb13c22c09286417130	0	0	0	0	0	0	0	0	0	0	0	25	0	0	0
1d5b51298448bb1e80c53dbd7cbed6ee	0	0	0	0	0	0	0	0	0	0	0	0	19	0	0
000efe7cb54c9070451b3025e44fef32	0	0	0	23	0	0	0	0	0	0	0	0	0	0	0
254809508082b4587b6d2c79dd920b4e	0	0	0	0	0	0	0	0	0	0	0	0	0	0	15
064d7da34fd2dbe646e5b9094ab8af2a	0	0	0	0	0	0	0	0	0	0	0	0	42	0	0
9aff4ff12e00c6b74b0f343d9eb965b0	0	0	6	0	0	0	0	0	0	0	0	0	0	0	0
0bb2580f0915d276453baeccfcad01c9	0	0	0	0	0	0	0	0	0	0	0	10	0	0	0
ed49816e814fe7e0c7cf56b495060d64	0	0	0	0	0	0	0	0	0	0	0	0	16	0	0
ed42e1d25eba1c4b463b9eb2d7086122	0	0	8	0	0	0	0	0	0	0	0	0	0	0	0
1491bc84b0fc2e9146b98b1eb888c9e5	0	3	0	0	0	0	0	0	0	0	0	0	0	0	0
33eaeb02990a163d91385fe8f778c1f5	0	0	0	13	0	0	0	0	0	0	0	0	0	0	0
6ec734ff5aa7d628b974a3561c2920ca	0	0	0	0	0	28	0	0	0	0	0	0	0	0	0
d629bff396b0c0a88b903c8810ddb869	0	0	0	73	0	0	131	0	0	0	0	0	0	0	0
6fba7c7f5999356ca5fa80f40df0dabf	0	0	0	0	0	0	0	0	81	0	0	0	0	0	0
683f183a0b7f96767ff7794de072e611	0	0	0	0	0	0	0	0	0	0	0	0	0	18	0
d494d79dd173c7b57e687e77645f0511	0	0	10	0	0	0	0	0	0	0	0	0	0	0	0
eea31a09b3ecfcb1b173f43345f125e9	0	0	0	9	0	0	0	0	0	0	0	0	0	0	0
4609be2d6849f744a182930eda77cc2f	0	0	0	0	0	0	69	0	0	0	0	0	0	0	0
a37dc5c7ac10c42182a3e48da3fa4ec7	0	65	0	0	0	0	0	0	0	0	0	0	0	0	0
2da9df9ba9088696e58d9ee12627bb9c	0	0	0	0	100	0	0	0	0	0	0	0	0	0	0
7a38743e788058a522d3207a8e031261	0	0	0	0	0	0	0	0	0	0	0	0	90	0	0
f34586a1ddca28cbafd4753eadd9b03d	0	0	0	0	0	0	0	0	142	0	0	0	0	0	0
dc3d2286994b32eddd11bf5f24558393	0	0	113	0	0	124	0	0	0	0	0	0	0	0	0
8b295991362305b5f8a60972e7209c61	0	0	0	0	0	0	0	67	0	0	0	0	0	0	0
b9881f99b61a2475473773eec8f8bb21	120	0	0	0	0	0	0	0	0	0	0	0	0	0	0
1046713c29944bf4766b9a982a2805c5	0	0	0	0	0	0	0	0	0	0	0	0	0	10	0
04f0ba4dcd354d478188d5cd07d9548c	0	0	0	0	0	0	0	0	0	0	0	0	0	0	32
29e187a773e52bcf2d9c0394d23986a6	0	0	0	0	0	0	5	0	0	0	0	0	0	0	0
71ea1d8530ace938233c5089b9c23440	0	0	0	0	0	0	0	0	0	0	0	0	0	0	27
aeb177f52fbf00461495c52d253e98d6	0	0	0	0	0	0	12	0	0	0	0	0	0	0	0
0448fef712e889f1a979d56020a3ec12	4	0	0	0	0	0	0	0	0	0	0	0	0	0	0
158a4c608adb81779f090bc04f2f0659	0	0	10	0	0	0	0	0	0	0	0	0	0	0	0
c28585c8c3a7cfea7fc2f6cacd594e57	0	0	0	0	0	0	0	0	0	0	0	0	8	0	0
a215c21fba09370f371b1b1f8fb2dee2	0	0	0	13	0	0	0	0	0	0	0	0	0	0	0
99f1448bbfe4c720f7fe53ae396ae4ed	0	0	0	0	0	0	0	0	0	0	0	0	0	14	0
9825e24deb1365f98a641460cc6f06eb	0	0	0	0	0	0	0	0	0	0	0	0	14	0	0
68d0d90f914b3ea3068ebe9749717556	0	0	0	0	0	0	0	0	0	0	0	0	0	19	0
19a693c749931988ca3e43505367a07f	0	0	0	0	0	0	0	0	0	0	0	0	13	0	0
d79a262af7331b209c6c6419ea0276bb	0	0	3	0	0	0	0	0	0	0	0	0	0	0	0
04942345ef454e5cd7d11eafd280a664	0	0	0	0	0	18	0	0	0	0	0	0	0	0	0
6012c13663569dc171e0e9ad920cefc5	0	0	0	0	0	0	0	0	0	0	0	0	0	0	16
9840f778918e7ff3a52b8441848cd381	0	0	0	7	0	0	0	0	0	0	0	0	0	0	0
8315e5b38b9ee386691d2c5c3725565b	0	0	0	17	0	0	0	0	0	0	0	0	0	0	0
d292daf31c8cf3a7d966aa3b153248c0	0	0	0	0	0	0	0	0	0	0	0	19	0	0	0
d7862942771924bf389608d305f61024	0	0	0	5	0	0	0	0	0	0	0	0	0	0	0
3900dc3cc1f34bf6e058e0c31d7e79af	0	0	0	0	0	0	0	0	0	0	0	0	16	0	0
194ee08e74ad91c0c1650dfd98a909d0	0	0	0	0	0	0	0	12	0	0	0	0	0	0	0
39047d9b326ff3c490dc8355aadd6c0e	0	0	0	8	0	0	0	0	0	0	0	0	0	0	0
d76a861c71b660f8a8123f05e7e4edc1	0	45	0	0	22	0	0	0	0	0	0	53	0	0	0
eed2e1b08069081fd207c4a53dd09f30	0	0	0	0	0	0	32	0	0	0	0	0	0	0	0
cfa0eeac79ca9db1f5027910c7aea4c8	0	0	0	0	0	0	0	0	27	0	0	0	0	0	0
e37217fa7dd10be892315c81f72f6fa3	16	0	0	0	0	0	0	0	0	0	0	0	0	0	0
f3a20921feb155638c6bdc35dd8b2ed4	0	0	0	0	0	0	0	0	0	0	0	0	0	73	0
a0ecf218fa72d7b5ce7fc504bd1a231c	0	0	0	0	0	0	0	38	0	0	0	0	0	0	0
d38b01a57a213c73a117ebd235ac02ef	0	0	0	13	0	0	0	0	0	0	0	0	0	0	0
142d155e6bcb2ef6bfbaf802f235747f	0	0	0	13	0	0	0	0	0	0	0	0	0	0	0
1cc5e0c5da157a381d1ff38d61c96712	0	0	0	9	0	0	0	0	0	0	0	0	0	0	0
1baa8b7e7e29a85a3e19838b507f8170	0	0	0	1	0	0	0	0	0	0	0	0	0	0	0
cbf884dc2bc80bba720597ac65fa748a	0	0	0	0	4	0	0	0	0	0	0	0	0	0	0
188b2466a816ed21e0aa3dd57c6133a9	0	0	0	0	0	0	0	0	0	0	0	0	0	25	0
2515446e7bec65ec6e98a8e59e191e6b	0	0	0	0	0	0	2	0	0	0	0	0	0	0	0
7930829b151898aec0b8914da180c7b4	0	0	0	0	0	0	0	0	0	0	0	0	0	0	12
ba554a82e3bd6516316a6267b2ffe864	0	0	0	19	0	0	0	0	0	0	0	0	0	0	0
5949b79789a16828c866638f713179fa	5	0	0	0	0	0	0	0	0	0	0	0	0	0	0
9bca9c0c4ddf78083a29c453749054d6	0	0	8	0	0	0	0	0	0	0	0	0	0	0	0
3ed85d1da26932856e9034159c6eeb32	0	0	0	0	0	0	0	0	0	0	0	0	7	0	0
048544da57f144a24edaa88fb6a4bdaf	0	0	0	0	0	0	5	0	0	0	0	0	0	0	0
82264afeb07d4b04bad100d44e5268e0	0	0	0	0	0	0	0	40	0	0	0	0	0	0	0
86d65df04e6ffa634222549d2bbdd347	0	0	0	4	0	0	0	0	0	0	0	0	0	0	0
619b00691503d1ee6334f14f2e8922e0	0	0	0	0	10	0	0	0	0	0	0	0	0	0	0
c3ca437d4fc1ea8f987ba1f8124206fd	21	0	0	0	0	0	0	0	0	0	0	0	0	0	0
3eb5e46010a4d8cc15485805c042c3e4	0	16	0	0	0	0	0	0	0	0	0	0	0	0	0
88a2289fdaa1de0036924c7715fd2066	0	0	0	0	0	0	0	0	33	0	0	0	0	0	0
e48c0b7ed5113b2251f1d6e4529ca0fb	0	0	0	0	0	0	0	0	0	0	0	11	0	0	0
0cde284513ca509ceb68e1f9fa692923	0	0	0	0	0	53	0	0	0	0	0	0	0	0	0
8d40d243c3888f0942c20635861b1b90	2	0	0	0	0	0	0	0	0	0	0	0	0	0	0
992c4046b4650f8ddaee0d66eba3d4f9	5	0	0	0	0	0	0	0	0	0	0	0	0	0	0
3d0f30ea041609e43ec0c2fda6121cba	0	0	0	0	0	0	3	0	0	0	0	0	0	0	0
3cdc6da00ba5719e9e745dddde7fb562	0	0	0	3	0	0	0	0	0	0	0	0	0	0	0
7d0079b6909230043dacd748f15afb72	0	0	7	0	0	0	0	0	0	0	0	0	0	0	0
3d29ad01e9e01ed83721123d72f37afa	0	0	0	0	0	0	0	0	0	0	0	0	20	0	0
81ab48b6e7564af72008fd3a82c3389e	0	0	0	0	0	12	0	0	0	0	0	0	0	0	0
71bef4741713366ccce7c38272c32d2e	0	0	0	0	0	0	0	0	0	0	0	0	0	9	0
9d3d4c1a6ef7a216efc5f23ea4f74045	0	0	0	0	0	0	0	0	6	0	0	0	0	0	0
bf8749ed14454d69a6da88bf9daae812	10	0	0	0	0	0	0	0	0	0	0	0	0	0	0
c47ec6cd46044449460a130fa90ac5c0	0	0	0	0	0	0	0	0	6	0	0	0	0	0	0
a5870ced7d75b24c798c29b71db182c2	0	0	0	0	0	0	0	0	0	0	0	0	14	0	0
beb60c86f29e732c6addb9a7c24614b4	0	0	0	3	0	0	0	0	0	0	0	0	0	0	0
7e22981a8257475b25af6a8ce4d0ecca	0	0	4	0	0	0	0	0	0	0	0	0	0	0	0
6759ec77ede434dab3b809402290f4dc	0	0	0	0	0	0	0	0	0	142	0	0	0	0	0
bea6a5ca6fef2d8bb52a9ae16676b470	0	0	0	0	0	0	4	0	0	0	0	0	0	0	0
47265119a98a0c3861eb3ac5f289eff0	0	0	0	0	75	0	0	0	0	0	0	0	0	0	0
b737441c27bb5db62c1a366d4f7a5311	0	143	56	0	0	0	0	0	0	0	0	0	0	0	0
4ae1b939ccf11e1476572cdb8bafa1f0	0	0	0	0	0	136	0	0	0	0	0	0	0	0	0
78df5e2004a4eb6bdef4280bc996d401	0	0	0	0	0	0	34	56	0	0	0	57	0	93	181
2c23be6774fa47d86657eb03bac1e380	0	0	0	0	0	0	0	0	70	0	0	0	0	0	0
51cae76db2b4dc68caaf907bc0ab31c6	0	0	0	9	0	0	0	0	0	0	0	0	0	0	0
a01e9fc6037601d72fc778e736599c7e	0	0	13	0	0	0	0	0	0	0	0	0	0	0	0
5c377de058467d976a9caf57ace9adc9	0	0	0	0	0	12	0	0	0	0	0	0	0	0	0
21a2a58c8c9c2f53c4e857f81f15c699	0	0	0	0	0	0	16	0	0	0	0	0	0	0	0
540cf58c84120d744c5369c574fb6917	0	0	0	0	0	0	0	0	0	0	0	0	0	0	15
51cb6c4b3e02f9a864ef437e4255be73	0	0	0	0	0	9	0	0	0	0	0	0	0	0	0
ccebdb63fb922fa3bce1121435e828ee	0	0	4	0	0	0	0	0	0	0	0	0	0	0	0
4f42298fd0ffbcbf370dd04c0eb01ef9	0	0	0	0	0	0	0	0	3	0	0	0	0	0	0
e483790dde27ca4b01dabc7aef424b85	0	0	0	3	0	0	0	0	0	0	0	0	0	0	0
bd2a318a5fc32065441951bbe2f41942	0	0	0	0	0	0	0	0	0	0	0	0	13	0	0
7d840700a2d1269f84cac5c79d3bc49c	0	0	0	0	0	0	0	0	0	0	0	0	20	0	0
a4d9e6b039c2178aa553e0f371747d33	0	0	0	0	0	0	0	0	0	0	0	0	9	0	0
8bafe511a6ba48a4cb8ba84f0059d4ae	0	0	0	0	0	0	0	0	0	0	0	0	0	0	6
31bd0e6cab182b92eb35135dc8432231	0	0	0	0	0	0	0	0	0	0	0	0	0	0	39
60666c4ba57ff97481f4daea78138539	0	0	0	0	20	0	0	0	0	0	0	0	0	0	0
5198694cb7d6fe8b016ed1a7c4bba91a	0	0	0	0	0	0	0	0	0	0	0	0	0	0	15
97fe0960afbd6c676db0885339dad594	0	24	0	0	0	0	0	0	0	0	0	0	0	0	0
90ab2409a4fa7063d7ef948cc0062bdd	0	0	0	0	10	0	0	0	0	0	0	0	0	0	0
4f2eb38e9338d49625ed15e61ebf431b	0	0	0	0	0	8	0	0	0	0	0	0	0	0	0
3a3b15f736aa06ddd782c1c19196d937	0	0	44	0	0	0	0	0	0	0	0	0	0	0	0
275b0f2aff4ca038e8aa5caa4767c08b	0	0	0	0	0	14	0	0	0	0	0	0	0	0	0
1f58336e233707c8ed16f44ff844b880	0	0	0	0	0	56	0	0	0	0	0	0	0	0	0
5c397c8dba80ece089f78183d6ff7285	0	0	0	0	0	0	0	0	19	0	0	0	0	0	0
69d65c0443495e017c80ff76e102feab	0	0	0	0	29	0	0	0	0	0	0	0	0	0	0
018b38fd96f6e5bcd7323c853a309250	0	0	0	14	0	0	0	0	0	0	0	0	0	0	0
41bfa4064a0a2868e2bd07e0beeefa3e	0	3	0	0	0	0	0	0	0	0	0	0	0	0	0
4d1bbff92a6fc9a820ee2f469ecf0e50	0	0	0	0	0	0	0	0	0	0	0	0	15	0	0
a4d282e09a30292b34988e2822c679cd	0	0	0	0	12	0	0	0	0	0	0	0	0	0	0
d78894a4a3e12c082943683ed240e402	0	0	0	0	0	0	0	0	0	0	0	0	0	0	50
48dfbb6367807be6ba3fd04090587654	0	0	0	0	0	0	12	0	0	0	0	0	0	0	0
4f607136e76e1231f7887f55ed6da6e6	0	0	0	0	0	0	0	0	0	0	0	0	23	0	0
57d64a3d896706f9e78067e074a93408	0	0	0	0	0	0	0	0	0	0	0	0	0	0	17
7e33619ccc4f9687753596f2c8da96a8	3	0	0	0	0	0	0	0	0	0	0	0	0	0	0
2e8d98eb7d9401a4c8ef93ee49279bef	0	0	0	0	10	0	0	0	0	0	0	0	0	0	0
e57904edebf799ed3500b57f54e2f704	11	0	0	0	0	0	0	0	0	0	0	0	0	0	0
9ffd572525922ab5bc5ad5cc5cae88fc	0	0	0	0	0	0	0	0	0	0	0	0	6	0	0
1bbf656b0b76753fcadfafbf84fec020	0	0	0	0	0	0	0	0	0	0	0	0	17	0	0
e69f1f9412f5198f721ec07e35706935	0	0	0	0	0	0	0	0	0	0	0	0	0	25	0
6c855ad541045ba354fef0e62ff013dd	0	0	0	0	0	0	0	0	0	0	0	0	17	0	0
e56cb06bfe7b947d1ede9d3b31b345da	0	0	8	0	0	0	0	0	0	0	0	0	0	0	0
3c50a7613c46b75dfb26474f54b1d320	0	0	0	0	0	0	0	0	0	0	0	0	13	0	0
f345451fc4a4efe1d0bf0bb0d2cf1964	0	0	0	0	0	0	0	0	0	0	0	0	0	10	0
fba58d0a83096ea972fd899a2d0a0047	11	0	0	0	0	0	0	0	0	0	0	0	0	0	0
6ca2b26dde4b1a7fc14bd764e88021c8	0	0	0	0	0	0	9	0	0	0	0	0	0	0	0
2452b75ff4195b72b0d5908941f784e9	0	0	0	0	0	0	0	0	0	0	0	0	14	0	0
216b4c33ba08e368c5926fe680c2b3eb	0	0	0	0	0	0	0	0	0	0	0	0	8	0	0
9987e75205e0f91cd62637c312f3a47a	0	0	0	0	0	0	0	0	0	0	0	4	0	0	0
43e0f61192f633b60de501ad116a1db9	9	0	0	0	0	0	0	0	0	0	0	0	0	0	0
ae2384b970000f96a88f34cde7ff0101	0	0	0	26	0	0	0	0	0	0	0	0	0	0	0
d2bbf17ee58197a1e05361ab13423b48	0	0	0	0	0	0	47	0	63	0	0	0	0	0	0
b311379945ea995aca46822c29ab0dca	0	0	0	0	50	0	0	0	0	0	0	0	0	0	0
9ecf4d070abdeb42817f0b20c33d2336	32	0	0	0	0	0	0	0	0	0	0	0	0	113	0
ec4852e3c942d629b5afc726a59c11d4	0	0	0	0	0	0	0	81	0	0	0	0	0	0	0
5e81122d3f1782165aa3135fe7f095ba	0	0	0	0	0	0	0	0	0	0	0	42	0	0	0
a8377bf7a5cb8358639670027ac246d1	0	0	0	0	0	89	0	0	0	0	0	0	0	0	0
a24da54bc65c18062247aacb6df65da5	0	25	0	0	0	0	0	0	0	0	0	0	0	0	0
d7d75bc3a647bcb16afdc91a2bff0d1c	0	0	0	0	0	0	0	0	0	0	0	0	14	0	0
b4a2d3cfb6d2d2120007b1adf8eec9fc	3	0	0	0	0	0	0	0	0	0	0	0	0	0	0
211d10401cc93d7ac2794fdaf08a8663	0	0	0	0	0	0	0	11	0	0	0	0	0	0	0
d83b62ed2485e52af8697068e7e923fc	0	0	0	0	0	0	0	0	15	0	0	0	0	0	0
224796e69692d7b09ed35a285e584aaa	0	0	7	0	0	0	0	0	0	0	0	0	0	0	0
50a66086dbe7529bb45103ee83bc7b15	0	0	0	0	0	0	0	0	0	0	0	0	0	0	39
dba822f9761e35ca6f9bd68de4f03226	0	0	0	0	0	0	0	0	0	0	0	0	0	43	0
7fb0060b3f6a0efadfd041b6fd697b23	0	0	0	0	0	0	0	0	0	0	0	0	19	0	0
67285e9441317ca9d55a9263430d55ae	0	17	0	0	0	0	0	0	41	0	0	0	0	0	0
e213fa1711596149e9760ba7bb973de7	29	0	0	0	0	0	0	0	0	0	0	0	0	0	0
adc4bb816246be9df699681c1967dcb0	0	0	0	21	0	0	0	0	0	0	0	9	0	0	0
e2076d9fb95192c60431290dbdc40e72	0	0	0	0	0	0	0	32	0	0	0	0	0	0	0
395d4d56782f55eb9288ede000bac211	0	0	0	0	16	0	0	0	0	0	0	0	0	0	0
0b1927890179331ca630023719c32828	0	0	0	0	0	14	0	0	0	0	0	0	0	0	0
12b25434efba4814ca131e56464d5274	0	0	0	0	0	0	0	0	0	0	0	0	24	0	0
f7aee7c32c10a8534c84730f95a0baf0	0	0	0	0	0	0	0	0	0	0	70	0	0	0	0
8e95458d5f9d4483ca1e7cc45a27882d	0	0	0	0	0	0	0	0	0	0	53	0	0	0	0
2630257114a11755480af5bba80efda9	0	0	36	0	0	0	0	0	0	0	0	0	0	0	0
e4c16a5bfc82f8af7bd7a2321bd1436a	0	0	0	0	0	0	0	0	0	0	0	25	0	0	0
053a2e82f1e2d4b85d288d13347be07c	0	0	0	0	0	0	0	0	27	0	0	0	0	0	0
259846f8d3b0b6fbf388a5b25695059e	0	0	0	0	0	0	0	0	0	0	0	0	50	0	0
2d2233c698091b3804e9266fdcd0644d	0	0	0	0	0	0	0	0	0	0	0	0	0	8	0
e9a96fdd32e6fc6da51b829bb6378c37	0	0	0	26	0	0	0	0	0	0	0	0	0	0	0
452978397c428e6f2967cbc0c2dff777	17	0	0	0	0	0	0	0	0	0	0	0	0	0	0
ca6c72a3ad2b12816c744f60c00b6411	0	0	0	0	0	0	0	0	0	0	0	0	28	0	0
4ccc0d320a4837c672e28f9b0da07551	0	0	0	0	0	0	0	20	0	0	0	0	0	0	0
9ab5fc29bb6109d97ab3c439741ccfc5	0	0	0	0	0	0	42	0	0	0	0	0	0	0	0
508a3a5d377f89b9853c3899f720aea2	0	0	0	0	0	27	0	0	0	0	0	0	0	0	0
15c49ce25bb94f806c20f423a5a70e4d	0	0	34	0	0	0	0	0	0	0	0	0	0	0	0
b3322d12bd5afa767fb7d049a54084f1	0	0	0	0	0	0	0	0	0	0	0	0	0	13	0
e83bec49afd3d081cc91d66c3b460d1c	0	0	0	0	0	0	0	0	0	0	0	0	0	0	16
d8d027e7cc2ac58bf65edec4bc93f9ef	10	0	0	0	0	0	0	0	0	0	0	0	0	0	0
595d008d3118dbf709d93a8d1c560021	0	0	0	0	0	0	0	0	0	0	0	0	0	0	13
8fe024ca3fe0b0a47a35a7fbd6142108	0	0	0	0	0	0	0	0	0	0	0	0	0	0	16
1ed8764342225afa5bd3b493b0a64c93	0	0	0	0	0	73	0	0	0	0	0	0	0	0	0
a80b5e57686e474d0e39cc2abc043a50	0	0	0	0	0	0	0	0	0	0	186	0	0	0	0
b0c80fa71764ba93bcea52da00518299	0	0	0	0	0	0	0	0	0	0	700	0	0	0	0
c3f49eeacc5cfc51372f9c56885e2c94	0	0	0	0	0	0	0	0	0	0	0	0	10	0	0
1fdf414729e2a86889bb71705425c933	0	0	0	0	0	0	0	0	0	0	0	0	0	12	0
181418b9e7c3e82966b70012233a9a42	0	0	0	0	0	0	0	0	0	0	163	0	0	0	0
26fa8afafd7253d21ca2cdf7af571865	0	0	0	0	0	0	0	11	0	0	0	0	0	0	0
651f68a9441c0f4bcc79d8870e29348f	0	0	0	0	6	0	0	0	0	0	0	0	0	0	0
d119564666897602ee0112512f0c1c80	0	0	0	0	1	0	0	0	0	0	0	0	0	0	0
764477540809f9ea2d0fbede1aefce10	0	0	0	0	0	2	0	0	0	0	0	0	0	0	0
8a7319a2543d368a060fc1ebe7867dfc	0	0	0	0	0	0	0	0	0	0	0	0	8	0	0
5f6bd5757021c4d5741da652845b3220	0	0	0	0	0	0	0	0	0	0	0	0	0	0	25
33181defd901390d3558e5f12b4e547f	0	0	0	0	0	5	0	0	0	0	0	0	0	0	0
1394303e963c983101326a2785dc74d5	0	0	0	0	0	0	0	0	0	0	0	22	0	0	0
27b164ff259f5052fb1f92774f3c7e04	0	0	0	0	0	12	0	0	0	0	0	0	0	0	0
908cc8909ece353a31d5ac7d88992a6f	0	0	0	0	0	0	0	0	13	0	0	0	0	0	0
0fc6664d2a850d0f45357f2067d9ab64	7	0	0	0	0	0	0	0	0	0	0	0	0	0	0
7efc9d1500e4e03969b63525d3506022	0	0	0	0	0	0	0	0	0	0	0	7	0	0	0
842e461f311894aae3c9f20114158a09	0	0	0	0	0	0	49	0	0	0	0	0	0	0	0
0b012f11fc4aa68e9f922b12ab6b0ac8	0	0	0	0	0	26	0	0	0	0	0	0	0	0	0
1972beedb26854f8fca032bc0e21af81	0	0	0	0	0	0	0	0	0	0	0	50	0	0	0
da2326846ba5e8dc8f461a4fb97b6f3a	0	0	0	0	0	0	0	0	33	0	0	0	0	0	0
3ed3a2b68f356cd04ad41b89ae5764cc	0	0	0	0	0	0	20	0	0	0	0	0	0	0	0
98aff438740ba9e714cf952d83a857bf	0	0	0	0	36	0	0	0	0	0	0	0	0	0	0
7b69da515f6ae1cb7bd97efb069ee7a4	0	0	13	0	0	0	0	0	0	0	0	0	0	0	0
6f10941cfc8bd993cfc7a76aff0758cc	0	49	0	0	0	0	0	0	0	0	0	0	0	0	22
913b767600e671d882278cdfa5d79848	42	0	0	0	0	0	0	0	0	0	0	0	0	29	0
70ae6351f4ea304e349d71aa870cd6fb	0	0	0	14	0	0	0	0	0	0	0	0	0	0	0
d244b7c42524520936b4b291b8fc3e18	0	0	0	0	0	47	0	0	0	0	0	0	0	0	0
e35298c9fb9a6559b726d58ccc72484a	0	0	0	0	0	0	33	0	0	0	0	0	0	0	0
4b0e90fb15e2fcd6c6242d8a4360a776	0	0	0	4	0	0	0	0	0	0	0	0	0	0	0
0e60e8fcb383fc4cef5c7fe3b60bc1f0	0	0	0	0	0	0	0	0	0	0	0	0	0	0	20
391bbea111862f2714348bb48bbc169c	0	0	0	0	0	0	11	0	0	0	0	0	28	0	0
85558ffd31fb3d652a63110d88681369	0	0	0	0	0	0	0	0	0	0	0	0	0	12	0
5bbde013281e4fd3920de05e37589f52	0	7	0	0	0	0	0	0	0	0	0	0	0	0	0
f8e3426a91433093f14b95e2e52063d2	0	0	4	0	0	0	0	0	0	0	0	0	0	0	0
038e1ca18c374268bef8a7e3c9736ea2	8	0	0	0	0	0	0	0	0	0	0	0	0	0	0
d65ef22ea4fdb0f8f0da20c36328567c	0	0	0	22	0	0	0	0	0	0	0	0	0	0	0
ba79b0af89805683362c332ec9b919f4	0	0	0	0	0	0	0	0	6	0	0	0	0	0	0
2a7c0994a01e95ab13031c85f1ae7681	0	0	0	0	0	0	5	0	0	0	0	0	0	0	0
09be73af86677574173e430c4054092a	0	0	0	0	0	0	0	0	13	0	0	0	0	0	0
bd3957731bb204cd5753906dabf51b89	0	0	0	6	0	0	0	0	0	0	0	0	0	0	0
8686fdb304098be47028cde6f3166708	0	0	12	0	0	0	0	0	0	0	0	0	0	0	0
fa27507513f692ba35eac681dd8c8bfe	0	0	0	0	0	0	0	0	0	0	0	0	0	0	22
e582832f30b38e7556df83eeaff59bab	0	0	24	0	0	0	0	0	0	0	0	0	0	0	0
47de446f3d1379349dc928077bb3414f	0	0	0	0	0	0	36	0	0	0	0	0	0	0	0
099e8ba36a5c6695e66bbc0c0da08299	0	0	0	0	0	3	0	0	0	0	0	0	0	0	0
db473aa3045a823e9ded207b5ab07ea8	0	0	0	0	0	24	0	0	0	0	0	0	0	0	0
af9b5f19555961948d4eac6d198be6d9	18	0	0	0	0	0	0	0	0	0	0	0	0	0	0
0973f4a3e4726e5d09bb9649edd9fd12	0	0	15	0	0	0	0	0	0	0	0	0	0	0	0
dbd0d11c8a05e34c0707c30c78f9d7fe	0	0	0	0	0	0	0	0	0	0	0	0	28	0	0
8b634f28c4ed5424ee9fb881cf6ed13b	0	0	0	0	0	0	6	0	0	0	0	0	0	0	0
766a7374bc5b2659434e8f5f7657ccab	0	0	0	0	0	0	0	0	0	0	0	0	0	9	0
5e5268c2ea094c062795c030298c831e	0	0	0	0	3	0	0	0	0	0	0	0	0	0	0
a9ff04a92fa6da06f8aea114c03840ee	0	0	0	7	0	0	0	0	0	0	0	0	0	0	0
cb8059343f406f21de59705abf819966	5	0	0	0	0	0	0	0	0	0	0	0	0	0	0
3442109271e28c11276ac49a5d697f66	0	5	0	0	0	0	0	0	0	0	0	0	0	0	0
57920cec094041b02305682fcdaa65b5	0	0	0	0	0	0	2	0	0	0	0	0	0	0	0
2141a4bd728da66d17a24c41a12e63ee	0	5	0	0	0	0	0	0	0	0	0	0	0	0	0
cf4f373e5cc5e83abf1cbcf47fdfd424	0	0	15	0	0	0	0	0	0	0	0	0	0	0	0
1ebd511405e829d89a931ae6829af5b1	0	0	0	0	0	0	0	0	0	0	0	0	0	91	0
8ae5ac5bf5f2d8634f53c17972b101c2	0	0	0	0	0	0	0	0	0	0	0	0	0	0	7
76b5b4217e239252d9ed4880bbb9192c	0	0	0	0	0	0	0	17	0	0	0	0	0	0	0
644913800067642dab7b437e10ecff3c	0	0	0	0	0	0	0	0	4	0	0	0	0	0	0
893a20f7b06a83f3e4fd57ff01a6eb3c	0	15	0	0	0	0	0	0	0	0	0	0	0	0	0
244cd28296d9257916b9d388acb35b91	0	0	0	0	21	0	0	0	0	0	0	0	0	0	0
2cf7ba6e02e16db38fec63c51fc5f742	0	0	0	0	0	0	0	4	0	0	0	0	0	0	0
56667e8c7c9c2f3a270250da670e92d4	0	0	0	0	0	14	0	0	0	0	0	0	0	0	0
25a72706e92da687cc421817f6c5c123	0	13	0	0	0	0	0	0	0	0	0	0	0	0	0
a3a067e240c8a86b8ca2ee0a15b38738	0	0	0	0	0	0	0	0	0	0	0	0	13	0	0
73cc63a74c71bf40e40de466c5d88db7	0	0	0	0	0	0	0	0	0	0	0	0	0	0	10
a108517cd13dc1fb4bd2effdc7750cdb	0	0	11	0	0	0	0	0	0	0	0	0	0	0	0
36f47ba80a6a79fce0b994e39328cf3b	0	0	0	0	10	0	0	0	0	0	0	0	0	0	0
7da1466b2a5ac70c12c5caac561d38ae	0	0	0	0	0	0	0	0	0	0	0	9	0	0	0
0c8721e6c46cad470d70697bf0989d41	0	0	0	0	0	0	5	0	0	0	0	0	0	0	0
357abeec0f41dec270e22c98908b3dfb	0	0	0	0	0	7	0	0	0	0	0	0	0	0	0
ad90c6fc68b9c3950ddea8b751b7d574	66	0	77	0	74	0	0	0	94	0	0	0	0	92	72
7ee1031528a8eef45e7e2593e0052494	0	100	0	0	97	0	0	101	0	0	0	0	0	0	135
63ffd816e79b13937886ffc950d4fe74	0	0	0	0	0	169	0	0	0	0	0	0	0	0	0
fe624b9d5de84351017963598206430b	0	0	0	0	0	0	0	0	0	0	0	0	53	0	0
eefe5b5514fdfe4a3fe8c263624960cc	0	0	0	19	0	0	0	0	0	0	0	0	0	0	0
eafe0075365db878b0fca2aa77bf6d22	0	0	0	0	0	0	0	0	0	0	0	0	0	75	0
24c97170b0e74f223c6387ff32f37475	0	0	0	0	0	0	0	0	0	0	0	0	53	0	0
72ec01cde735397210b5e211ce98db8d	0	0	0	0	0	0	0	0	0	388	0	0	0	0	0
e8b779b849f45d0f8496ed7eadf71bc0	77	0	0	0	0	0	0	0	0	0	0	0	0	0	0
e4b71a068b48344df0f68923327e7e24	0	0	0	0	0	0	0	0	0	682	0	0	0	0	0
cbb3ab65c1f8255059fccecafcb11e91	0	0	0	0	0	0	75	0	0	0	0	0	0	0	0
236ffb4a83a2408c1ea01955024122a4	0	0	5	0	0	0	0	0	0	0	0	13	0	0	0
bd9775a2b512f95f43ae3d0ec29e6400	0	0	0	0	0	6	0	0	0	0	0	0	0	0	0
b048593fbc059383a8e018b427b0f727	0	0	0	0	0	0	83	0	0	0	0	0	0	0	0
0ff235ba8969014bcf71f0c7303a57f3	88	0	0	0	0	0	0	0	0	0	0	0	0	0	0
3f9c2d586287177a08ea028d21e945b2	0	0	115	0	0	0	0	0	80	0	0	0	0	0	0
5f88549168e4753eae9a04841651cdfc	0	0	0	0	0	0	0	0	0	0	0	115	0	0	0
32a3a506d00594b8312904949d3254ac	0	0	0	0	0	0	0	0	82	0	0	0	0	0	0
bd05017793f2b4b549cafe6a82a10736	0	0	0	0	0	0	0	0	0	0	0	0	0	0	110
999f4cf16bdd32a10194baab68e14c49	0	162	0	0	0	0	0	0	0	0	0	0	0	0	0
1caf5179640b64cb3d19f7e663de5292	42	0	0	0	0	0	0	0	0	0	0	0	0	0	0
bfeaa3b575aa82b290791dbfe14ed958	0	0	0	0	0	42	0	0	0	0	0	0	0	0	0
0c49d989a33273dc9bb674b275bd6a3c	0	0	0	0	0	0	0	0	40	0	0	0	0	0	0
74e431de7a6e8d3058dd32a69de86d78	0	0	0	0	74	0	0	0	0	0	0	0	0	0	0
74a9c5c25eb596843860a07a74f98367	0	0	0	0	0	0	0	0	0	0	0	0	52	0	0
2f0368d16f3eb67358d3f5ad23067c96	0	0	0	0	0	0	19	0	0	0	0	0	0	0	0
7c202c9558a836b53e2ce10652fdd8a4	0	51	0	0	0	0	0	0	0	0	0	0	0	0	0
8cf0a854162d05abda180bcc1d7c5dd1	0	0	0	0	0	0	0	0	0	0	0	0	0	0	41
f235b435a66004d7479c20880f1dc0ac	7	0	0	0	0	0	0	0	0	0	0	0	0	0	0
1baa999f7f2fe0a76429acff06816176	0	0	0	0	0	0	0	0	0	0	0	32	0	0	0
fd65339bf98eb68d2b5ad6b4e0b3521d	0	0	0	0	0	0	0	0	0	0	0	0	0	75	0
8f974c45e9dbee292bcb3d3f9064ff1c	0	0	0	0	90	95	0	59	0	0	0	0	0	0	0
583f5917c2f369c3b1f3ad4fc9e3a466	0	0	0	0	0	0	30	0	0	0	0	0	0	0	0
65d692e54ff75fad6045f14952eac73d	0	0	0	0	0	0	0	0	0	0	0	0	0	0	107
76ed78d795667cfc6fc6b5871af34a66	0	0	0	0	0	59	0	0	0	0	0	0	0	0	0
9ebb671b1f25747e3214ffda7a609bb3	0	0	0	0	0	0	0	0	0	0	0	0	0	0	43
a9e9a9683abff06e63f04e9424483d23	0	66	0	0	0	0	0	0	0	0	0	0	0	0	0
94ff7fb2fbef32900d9e6260ad014e82	0	35	0	0	0	0	0	0	0	0	0	0	0	0	0
494efbf3a73dff1405ad0bb7bd9bd09a	0	0	32	0	0	0	0	0	0	0	0	0	0	0	0
9d5f8b8d98e90671f18fe088ffc01077	0	0	55	0	0	0	0	0	0	0	0	0	0	0	0
d30a3977564356da9ec7ad98d43be10f	0	0	0	0	0	0	0	0	0	0	0	0	24	0	0
fbbd6881ff6cf8d3681e11fe2f39bdf8	0	0	0	0	0	0	0	0	0	0	0	12	0	0	0
86265fb7a3ad3784da43efa5ab873d30	0	0	0	0	0	0	0	0	0	0	0	42	0	0	0
7f314dc34ec1e2c970579e13710a1d7a	0	0	0	0	0	0	0	39	0	0	0	0	0	32	0
0c19338b3352ac7ad20394461f5b9f84	0	0	0	5	0	0	0	0	0	0	0	0	0	0	0
b54dae3411383b4c19f53cfabc5b5571	0	0	0	0	77	0	0	0	0	0	0	0	0	0	0
1613c78cc6dd355431cb14fb343e6f3b	0	0	0	0	0	0	0	0	0	0	0	0	0	0	119
d6d70b73cfe93d75bb1632f392feeea4	0	0	0	0	0	0	0	0	0	0	0	0	24	0	0
cc5e130e2ebd4defc3d6d6f5247cf823	0	0	0	0	0	0	0	0	0	0	0	0	0	0	83
a52788d2d31ba4dbd0e490583481b5cd	0	0	77	0	0	0	0	0	0	0	0	0	0	63	0
310daea59bda1228075402ad22799aac	0	0	0	0	0	0	42	0	0	0	0	0	0	0	0
01a063b4f88a5c767f7bb0aa003f0648	0	0	0	0	0	0	0	26	0	0	0	0	0	0	0
7291e46de7c7e4de149d4947342df937	0	0	0	15	0	0	0	0	0	0	0	0	0	0	0
ce9e945e7e12d5552504c545c0f3e0ab	0	0	0	0	0	0	0	0	0	0	0	0	0	8	0
a346b9e030e0896dc84483406acf8f7e	0	0	14	0	0	0	0	0	0	0	0	0	0	0	0
568e3ba52170e5ead1c0e0c707b00cfb	0	0	0	0	0	11	0	0	0	0	0	0	0	0	0
19ec6db8cf9cd7143f077428251b0150	0	26	0	0	0	0	0	0	0	0	0	0	0	0	0
896f626ea32160d42b8f857cb4a54c10	0	0	0	0	0	0	0	0	0	0	0	0	65	0	0
03c9fad8ec21555d6e93f7f44ec14737	0	0	21	0	0	0	0	0	0	0	0	0	0	0	0
522285bffc8116d38998d6c0dc4a4247	0	0	0	0	0	72	0	0	0	0	0	0	0	0	0
ba00119d20f074ea705857cbff515326	0	94	103	0	127	0	0	0	0	0	0	0	0	67	120
1ca885ef692175994ed92e462378ecfe	0	0	0	0	0	0	0	0	55	0	0	0	0	0	0
bc020294bfb79ef555fbc1ba5dbf623a	43	0	0	0	0	0	0	0	0	0	0	0	0	0	0
29bc60de2571174fd94db05891e909ab	0	0	0	26	0	0	0	0	0	0	0	0	0	0	0
9ca228202471d8df0af389bc6b1f5171	0	0	0	0	0	0	0	0	0	0	0	0	0	0	41
08a1d73bebac415f8fcc63923890490f	379	532	519	0	0	0	488	0	0	0	0	590	338	441	0
88b963f6c625c11010af4667356f6d83	0	0	0	0	0	0	0	0	0	0	0	0	0	0	867
608e93f5c044d3ec779c7038f8a528bb	0	0	0	121	0	0	0	0	0	0	0	0	0	0	0
3eca2310f1476d76ce7b38e6bfb060d2	0	0	0	0	0	410	0	0	520	0	0	0	0	0	0
29e809b9b0767dcf0eacae3730e26e15	0	0	0	0	613	0	0	0	0	0	0	0	0	0	0
9d3d055210e7f64918742b23fe5760e2	0	0	0	0	0	0	0	471	0	0	0	0	0	0	0
70a9824dcbce52da297f9952ae51d5ca	0	0	0	0	0	0	0	0	0	0	90	0	0	0	0
d184b6bd5078aacc12c100cc73fd52f5	0	0	0	0	0	0	0	0	0	0	512	0	0	0	0
ddb2ca519a59938759850f56be5a8db2	0	0	0	0	0	0	0	0	0	0	69	0	0	0	0
e09b38b03f014e893435c534177c3db3	0	0	0	0	0	0	7	0	0	0	0	0	0	0	0
3727639f09d2e9777fff1cc0fd106d75	0	0	0	0	0	0	0	0	0	0	0	15	0	0	0
d4ae7003610015fc73130a3453bc734c	0	0	0	0	0	0	0	0	0	0	67	0	0	0	0
6f6400889ace64b53929a2f790de6234	0	0	0	0	0	0	0	0	0	0	0	28	0	0	0
fd9e7fc905d3e1731597787266215159	0	0	0	0	0	10	0	0	0	0	0	0	0	0	0
c68fe72fd2f14bc1ee31cdad7b6229f7	0	0	0	0	0	0	17	0	0	0	0	0	0	0	0
b0f16f981982bee0c57854dec8129f27	0	0	0	0	0	0	0	0	0	0	0	0	0	0	16
66ac2f0b328636d897bcaee950b8d49d	0	0	0	0	0	0	10	0	0	0	0	0	0	0	0
15e6b5c4be350dde88cea148c836456e	0	0	0	0	0	0	20	0	0	0	0	0	0	0	0
a078a80cba8cc3f2c48c753da371358d	0	0	52	0	0	0	0	0	0	0	0	0	0	0	0
d35f1037a5f314fbbd6d43cd57fee6ce	0	0	0	0	0	0	61	0	0	0	0	0	0	0	0
a5fdfe4fa06b2c53dafa329bfe54e4cd	0	0	0	0	0	0	0	0	48	0	0	0	0	0	0
b429607b50dc93602f9c0c83a35da486	0	0	47	0	0	0	62	0	0	0	0	0	0	0	83
2d5e73a96a0859921837906e94729aaf	0	0	0	0	136	0	0	0	0	0	0	0	0	0	0
c78fd65ed82bc106a9e37f60bda5dedd	0	79	0	0	0	0	0	0	89	0	0	0	0	0	0
4438e7545eee1c8c84d8935c831b9c30	0	0	0	0	0	0	0	0	0	0	0	0	0	111	0
0e6ff58a6074da1ce38ece5f454eefdf	0	0	0	0	0	0	0	0	0	0	0	53	0	0	0
84a7f0852da7493d6db15a97ea47bf19	0	0	0	0	46	0	0	0	0	0	0	0	0	0	0
410c3609c2241567fc27df59050f5555	0	0	0	0	0	0	0	0	0	108	0	0	0	0	0
cabda704627bf0d682f719837fbe7857	0	0	0	0	0	0	0	0	0	0	0	0	0	104	0
729587389674e6a05f1dd7d7a10fe043	0	0	0	0	0	0	39	0	0	0	0	0	0	0	0
f921634c69ba4990c1da88eb86a8ec28	0	0	0	0	0	0	0	0	0	0	0	0	7	0	0
867cb13b3b620da47e2ed3616e07aa76	0	0	0	0	0	0	0	28	0	0	0	0	0	0	0
40cb29dee33491a3fdc56dd8115cc608	0	0	0	0	16	0	0	0	0	0	0	0	0	0	0
3c5b419fb09dcd95018e89490eb5dd0e	0	0	0	0	0	0	0	25	0	0	0	0	0	0	0
b6f8b273cd20d87b9e25b829443ecadd	0	0	0	0	0	0	0	0	0	0	0	20	0	0	0
040a4a7086037fd7f02177573195d110	0	0	0	0	0	0	0	0	0	0	0	10	0	0	0
fd2d9754abea334ce52982b07524829c	0	0	0	0	0	60	0	0	0	0	0	0	0	0	0
2c137989ccfbf18aac2a2da3303d5dae	0	0	19	0	0	0	0	0	0	0	0	0	0	0	0
22b2578158f63da76e45eff59e306582	16	0	0	0	0	0	0	0	0	0	0	0	0	0	0
c4d841d24fca7e9d6f9d0bba19e4e7af	0	0	0	0	0	19	0	0	0	0	0	0	0	0	0
75a02b66ae5a833b325baf3f16896e70	0	0	0	0	0	0	0	0	0	0	0	0	0	0	13
ed801b7b612f028b99b94f57c6bdd5f3	0	0	0	0	0	0	0	0	12	0	0	0	0	0	0
b396a1bede63a373d5d8a515bd1ba684	0	0	0	0	0	0	11	0	0	0	0	0	0	0	0
1e61c27923a7026a4bb62a9beefd1993	0	0	0	0	0	0	0	0	0	0	0	0	0	18	0
f39f87c34254bd5ac59a3b9ea481d5f9	0	0	6	0	0	0	0	0	0	0	0	0	0	0	0
8bec5f6d3a679593f4d00213bf0e8d95	66	0	0	0	0	0	0	0	0	0	0	0	0	0	0
c417977ee9bc0fb0ffecaa3bb8fe36b4	0	0	0	0	0	0	0	0	0	0	0	0	41	0	0
ec569ad2a039d1bb65bc1427e706a36a	0	0	0	0	0	0	0	0	0	0	0	0	0	0	110
e32bb9204d620aae9a0f09dd86fea7d4	0	0	0	0	0	0	0	0	0	0	0	0	0	111	0
518bd56e582db708107749cbc400da3a	41	0	0	0	0	0	0	0	0	0	0	0	0	0	0
c8ec58541a7c611f0018c447c341fc26	0	0	0	0	0	0	0	67	0	0	0	0	0	0	0
7eb7099b6ba62aa4c7ebd3f448afe941	0	0	0	0	0	22	0	0	0	0	0	0	0	0	0
029a6df0289b9a1d5c6b2e5ef39fa1a1	0	0	0	0	0	0	0	0	0	0	0	0	0	37	0
a7cbdccfbb04e1e9c0bb1b44a1175c68	0	0	0	0	40	0	0	0	0	0	0	0	0	0	0
0829809ef863405a09359668314e8484	0	47	0	0	0	0	0	0	0	0	0	0	0	0	0
dcf943a3f4cdd5445b497b86d73120c6	0	0	0	0	0	0	0	0	0	0	0	0	0	0	54
19f09843c5935edb7a44466fac61840d	0	0	62	0	0	0	0	0	0	0	0	0	0	0	0
76fa5945cbdc3bf3c5f33e5c8b857b52	0	0	0	0	0	0	0	0	0	0	882	0	0	0	0
072008531f236db2c41964f1a3955dca	0	0	0	0	0	0	0	0	0	0	174	0	0	0	0
387a58a8601d1a6f68aadcc06fbf6a83	0	0	0	0	0	0	0	0	0	0	0	0	0	0	22
e553e8fc90c7ea97b59acf488dfe41ea	0	0	0	0	0	0	0	0	0	0	0	0	0	3	0
cf15568992214364e4be4ff002581f0b	0	0	0	0	0	0	0	0	0	0	0	0	7	0	0
e369321c1002a06adb54fef733654e7a	0	0	0	0	15	0	0	0	0	0	0	0	0	0	0
817d8e32298f8c5be8093b02091f4472	0	0	0	0	0	0	0	0	0	0	9	0	0	0	0
2d04526dd3d42811f9ccc81d58ee48d0	0	0	0	0	0	0	0	0	0	170	0	0	0	0	0
e34597fd6ecac86be94833b2b389f9c4	0	0	0	0	0	0	0	0	0	707	0	0	0	0	0
00ed499e8b1fa064ef647f94df947a46	34	0	0	0	0	0	0	0	0	0	0	0	0	0	0
2f4640b466663e64b46545ad66158735	0	0	0	0	0	0	0	0	6	0	0	0	0	0	0
ff2e5db6365c3d542e1f260e35d66315	0	0	0	0	0	0	0	0	59	0	0	0	0	0	0
702b1b457d6a5c311461f2c40abcefd6	0	0	0	0	0	24	0	0	0	0	0	0	0	0	0
84e05ff8e615207613ef8ad92095d32f	0	0	0	0	0	0	0	0	0	0	13	0	0	0	0
40dc604b622fef2445c0ec64b4516bbd	0	0	0	0	0	0	0	0	0	0	0	0	5	0	0
74dced53617f3b5635de9b74d14dc43c	0	0	0	0	0	0	0	0	2	0	0	0	0	0	0
e1ac3b3fc57218a95fd5e45b63a0a758	0	0	0	0	0	34	0	0	0	0	0	0	0	0	0
c155b6842d36f694f7f6cf36e2144466	0	0	0	0	0	0	0	0	0	0	0	0	0	22	0
0f4e3bbda63e98e5aecb97aface46986	0	0	0	0	0	0	0	0	0	0	0	0	36	0	0
45ce8837f0e791fc22df598cd2d8fc42	0	0	0	0	0	0	0	0	0	0	0	0	0	17	0
17716946d230b351ccf80637263b939b	7	0	0	0	0	0	0	0	0	0	0	0	0	0	0
6a7c22f2bbdb4f72f9d77b88ac6b44b4	0	0	0	0	0	0	0	0	0	0	0	0	0	0	38
cd301023fc27822ac5dd290056fb3b57	0	0	0	0	0	0	0	0	0	0	0	14	0	0	0
c4399f155882d9207e3694393ca96f86	0	0	0	0	0	0	0	0	0	0	3	0	0	0	0
95ff03dfc1ed1e72a5a476a922b2a1d6	0	0	0	0	0	7	0	0	0	0	0	0	0	0	0
c5ae126bdb0d641ef5dd812673291fd2	0	24	0	0	0	0	0	0	0	0	0	0	0	0	0
506f5ed14b0887a0e813af9eb6082a65	0	0	0	0	0	0	0	0	0	0	0	0	0	3	15
6475e64103c4a1fdf5d5baaa977909b5	0	0	6	0	0	0	0	0	0	0	0	0	0	0	0
bf9d1185eba7e6caa4884c15e413bd1f	0	0	0	0	0	0	0	0	0	0	0	0	10	0	0
d61912a2e6bb0cb0c2ad6cb7dc3c15cb	0	0	0	0	0	0	0	0	0	0	0	0	0	0	7
9a6ecf6b0ab7c000e5c26e8a64f58cd7	0	0	18	0	0	0	0	0	0	0	0	0	0	0	0
e2f90f3a7452d3a27e51bb449ff5da3c	0	0	0	10	0	0	0	0	0	0	0	0	0	0	0
56e9491a8ce3e6972ddc35e1d2f5e197	0	0	0	0	0	0	0	0	0	0	0	0	48	0	0
c38c4db99bdcfe86237b6919f1c02985	0	0	0	0	0	0	16	0	0	0	0	0	0	0	0
5438cccd69c19141758c5d14dd7a4535	0	0	0	0	0	0	0	0	0	136	0	0	0	0	0
ff979259074184a74c4e43002673e48e	0	0	0	0	0	0	0	0	0	262	0	0	0	0	0
aa332c557de9d9b441141a056a652c4c	0	0	0	0	0	0	0	0	0	0	0	0	0	15	0
8ee747209868f72f0217f6192f40e9e1	0	41	0	0	23	0	0	14	0	0	0	0	0	0	43
225cdbb752dab215932d78e2ed47b7ee	0	0	0	7	0	0	0	0	0	0	0	0	0	0	0
799582d74b38575bfc7f21645e523035	16	0	0	0	0	0	0	0	0	0	0	0	0	0	0
56bf021c6081c0f8e0abb6ccf5026d4b	0	0	0	0	0	0	0	0	0	0	0	0	0	13	0
5b5bc2ea2de2307407017e6621130a19	0	0	0	0	0	0	0	25	0	0	0	0	0	0	0
3971964b6780e2e192cad6cea25b49d2	0	0	0	0	0	0	0	0	0	0	0	0	38	0	0
f02ab45313282e63ff7c4092c00bd30b	0	0	32	0	0	0	0	0	0	0	0	0	0	0	0
308a3285ae8739f4a65852d88b6b8e07	0	36	0	0	0	0	0	0	0	0	0	0	0	0	0
c1b80c3047f292cdfa6fea4f0f17db94	0	2	0	0	0	0	0	0	0	0	0	0	0	0	0
adc94f857ed4812bd48290cce47d52a1	0	0	0	0	0	0	0	0	0	0	0	0	0	133	0
b57cc17cbd2c4a5b691c6189d06eaf16	0	0	75	0	0	0	0	0	0	0	0	0	61	112	107
6d3879610e87c4e5f33fbed72122a1ca	0	0	0	0	0	0	0	0	65	0	0	0	0	0	0
c4518fc07dc8ccb6db9a153723bcf583	0	0	0	0	0	0	0	52	0	0	0	0	0	0	0
e95a1b5eec9894897fb12bb6bf67cc3b	0	88	0	0	52	0	0	0	0	0	0	41	0	0	0
94bc55d3ffc14d10f54db85677c18739	80	0	0	0	0	0	0	0	0	0	0	0	0	0	0
6e1b32c5e3e42cff973df1dc84d5ed05	0	0	145	0	0	0	0	0	0	0	0	0	161	0	254
00e2731c8f60fef4e941dc5e1530df20	0	0	0	0	0	0	0	0	316	0	0	0	0	0	0
43e9818f9fe0bdfb3ff657da5b5ddfb9	0	0	0	0	0	0	0	318	0	0	0	0	0	0	0
deda860c05943c16b8a504e5890a53a1	0	184	0	0	320	0	0	0	0	0	0	131	0	0	0
a391b5ec1005c9ec5fab48e05dbf3da7	208	0	0	0	0	0	0	0	0	0	0	0	0	0	0
66d559b335c69833083f6f7434fa319d	0	0	0	128	0	0	0	0	0	0	0	0	0	0	0
5bb5693fb32bf26558892b65274aae29	0	0	0	0	0	0	0	24	0	0	0	0	0	0	0
463b2a0871a50b3aa344a5e6c9b8cfaf	0	0	0	0	0	0	0	0	0	0	0	0	0	0	64
8c86e11551d8564a032218671509b40d	0	0	49	0	0	0	0	0	0	0	0	0	0	0	0
37add6674734b244a4729cfb57beffe6	0	0	0	0	0	0	21	0	0	0	0	0	0	0	0
89429467d6542d3ef6c279ce1f7823d0	0	0	0	0	48	0	0	0	0	0	0	0	0	0	0
75706a8e2b73c7575a104a21dfbfe523	0	47	0	0	0	0	0	0	0	0	0	0	0	0	0
11b676e234a73d49a85ff7881532dd61	0	0	0	0	0	47	0	0	0	0	0	0	0	0	0
f7e9285b914973531904690246903ebd	0	0	0	0	0	0	0	0	25	0	0	0	0	0	0
735626270ae6b1505b47149967e8b7f2	0	0	0	0	0	0	0	0	0	0	0	21	0	0	0
d04736e9c895eeb478a4c062fdfb0859	0	0	0	0	0	0	0	0	0	0	0	38	0	0	0
da09f44c1146ad29407a91ef9d70e9ae	0	0	0	0	0	0	0	0	0	153	0	0	0	0	0
abdb7ac9667d002e649b24be3397e94c	0	0	0	0	23	0	0	0	0	0	0	0	0	0	0
b4f4c6442b0c69928758427f7fdd5df8	0	0	0	0	0	0	0	0	0	0	0	0	27	0	0
92313297b197a2173f40a48e6a4a4f75	9	0	0	0	0	0	0	0	0	0	0	0	0	0	0
9872dfb5ea5be295ef46d6987bfc2983	0	0	0	0	0	426	0	0	0	0	0	0	0	0	0
f6888058eb945d06887bb94f5a5186ee	0	0	0	0	0	0	0	0	0	0	0	0	189	0	0
cf5c678032295d02b70b9872501f03cb	0	0	0	0	0	0	0	0	0	0	0	0	0	195	267
b838ababd39f0e325195efdbebaff013	0	0	218	0	0	0	0	0	0	0	0	272	0	0	0
12ea65bbac252c26c171f4f0dc04b98d	0	350	0	0	0	0	0	174	0	0	0	0	0	0	0
7991692ca4d18963bcf6f2cffd665b0a	192	0	0	0	0	0	0	0	0	0	0	0	0	0	0
11beb1a54e7bb6f2d948c18b2b050101	0	0	0	0	0	0	193	0	0	0	0	0	0	0	0
5eda86990421337e1786b669bad3b5e2	0	0	0	26	0	0	0	0	0	0	0	0	0	0	0
6e9f1ac872ca8b3fdf144f2e1d35d394	0	0	0	0	0	0	0	49	0	0	0	0	0	0	0
882c0650e3900c562d17c8ddfe0ff4e8	0	0	0	0	0	0	0	0	0	0	0	0	0	113	0
1f5763a1cf253358905634d95ad9d595	0	0	0	0	0	0	0	0	69	0	0	0	0	0	0
e687c94bdb1dc364ab4abe1a653a0178	0	0	0	0	0	0	0	0	0	0	0	12	0	0	0
fd9e6483965afb45281daf9598b20c35	0	0	0	0	16	0	0	0	0	0	0	0	0	0	0
f7b404e2bf8d55868bceb7ce4535de40	0	0	49	0	0	0	0	0	0	0	0	0	0	0	0
de54d14b1b0b5a0cf6864ec4b6bdc09f	0	0	0	0	0	0	0	0	0	0	0	0	8	0	0
365c06db4f9d88bb5a01977b4a5b993d	0	0	0	0	0	0	0	0	0	0	0	0	0	0	45
67015c87bb0c7b330e722afcb650fe95	36	0	0	0	0	0	0	0	0	0	0	0	0	0	0
76ed3b24c72b647c246377a91ab24662	0	0	0	0	0	0	0	0	0	0	0	0	0	44	0
20aa3d5e8e8dd7332a6b656d56de7306	0	0	76	0	0	0	0	0	0	0	0	0	0	0	0
473940a9d4562806fa63694e106d021d	0	0	0	0	0	0	0	0	0	0	0	40	0	0	0
8689804cc2d0628507517ed6b235709f	0	0	0	0	0	0	0	0	26	0	0	0	0	0	0
de8187ea6f884c7a83b4d261f36e396a	0	0	0	0	19	0	0	0	0	0	0	0	0	0	0
9f086d68752187ba5f078237ce873e52	0	0	0	0	0	0	0	0	0	0	0	0	0	31	0
522cf2a0fbfdc14da728fb0fab2723cc	0	0	0	0	0	0	0	0	0	0	0	0	0	0	73
3f502961c3c0c78c39ae7c24b741b668	0	51	0	0	0	0	0	0	0	0	0	0	0	0	0
07606becc39e1b307b1439efde67d5dd	0	0	0	0	0	0	15	0	0	0	0	0	0	0	0
85485d1bca0810d9734062bba139c6d1	0	0	0	0	0	42	0	0	0	0	0	0	0	0	0
f62a1031b1d73a2fc8d034b9d0e8d161	0	0	0	0	16	0	0	0	0	0	0	0	0	0	0
000ddb4e5869924fedad33f9711fbec8	0	0	0	0	0	0	0	25	0	0	0	0	0	0	0
845a23e294512c1de5230fa715cccc41	0	0	76	0	0	0	0	0	0	0	0	0	0	0	0
7e1dc12e6aa8c588aadf78b642b4a2e8	0	0	0	0	0	0	0	0	0	0	0	0	0	0	66
5a88bf26dac9c756edd4999d0faa11b4	0	0	0	0	0	0	0	25	0	0	0	0	0	0	0
c424f2f28e7485189987584b74556c2c	0	0	0	0	0	0	0	0	20	0	0	0	0	0	0
2c61f618db580ce6271f8a7a2e73483a	0	0	0	21	0	0	0	0	0	0	0	0	0	0	0
4ce204b8c7881bbf3142eee1e35b1eab	0	2	0	0	0	0	0	0	0	0	0	0	0	0	0
e7eb28a60edd2bfac0a5276713377040	0	0	0	0	0	0	0	0	0	0	0	0	27	0	0
a4af9c363601f6ddefd0878bb31510d6	0	0	0	0	48	0	0	0	0	0	0	37	0	0	0
bf77a4832f2bf98d920d669cb80fd719	0	0	0	0	0	0	0	0	0	0	0	0	0	36	0
e435b14d6ac8107859735f080cb4c164	0	26	0	0	0	0	0	0	0	0	0	0	0	0	0
5f4060ef239bdf481bdc28877eee7df4	0	0	0	0	0	0	0	0	0	0	0	0	0	0	52
a004056f13a4f3c70bc8af93b1163a98	0	0	0	14	0	0	0	0	0	0	0	0	0	0	0
67b683ef91d56d068bf33e63005e6089	0	0	0	0	0	0	13	0	0	0	0	0	0	0	0
b0af4f9b320a92aea3f2312af9dcb91e	0	0	0	0	0	0	0	27	0	0	0	0	0	0	0
4b51dede6808a64e72abfb3c389fad10	0	0	0	0	0	14	0	0	0	0	0	0	0	0	0
d11b1b507c11c83044bf4e3e30964dd9	0	0	0	0	12	0	0	0	0	0	0	0	0	0	0
05770949932ff5c388541c0f9cc87466	0	0	0	0	0	0	0	7	0	0	0	0	0	0	0
d98f1efffe73c2e1c633d6f2c8badef1	0	0	0	0	0	0	0	0	0	0	0	0	0	11	0
3ca618c28ffb8c586e236e44a3752f8b	0	0	0	14	0	0	0	0	0	0	0	0	0	0	0
167c6ef99e2846e2b7fb15fb93e49d7a	0	0	0	0	0	12	0	0	0	0	0	0	0	0	0
23c6b41c2d9a1f9e09f6de2eb8a4bf5a	0	0	0	0	0	0	0	0	0	0	0	0	15	0	0
af5b2423e1aa348bd260ca226d5a4665	0	43	0	0	44	0	0	0	0	0	0	0	0	0	0
476907d91c690f6c20f9899496f35a90	0	0	39	0	0	0	0	0	0	0	0	53	0	0	0
accad3d164545f069c3591f2cf61afd1	22	0	0	0	0	0	0	0	0	0	0	0	0	0	0
3ae143346d0a9308a1f613024a278855	0	0	0	13	0	0	0	0	0	0	0	0	0	0	0
e79a9e86e2ea6cba41b3e5912df3f408	0	0	0	0	0	0	0	0	0	0	0	0	0	19	0
95dd4ebb04780e5060b121b473556467	0	0	0	0	0	0	0	0	0	0	0	0	0	0	56
df651189a02619999fa139bf9155755f	0	47	0	0	0	0	0	0	0	0	0	0	0	0	0
0757a1de901e9570b693074140f7a28c	0	0	0	0	0	0	116	0	0	0	0	0	0	0	0
0a00030046026c13fe789ce999b2b7a9	0	114	0	0	0	0	0	0	0	0	0	149	0	0	211
4ea72fcf39b4bd859c652adb5027118a	0	0	167	0	0	0	0	0	0	0	0	0	0	0	0
ac6328991458d20cb296ecd14bb3dbd3	0	0	0	0	0	0	0	0	156	0	0	0	0	0	0
0c4a34cf026c091ececbff841b9479d0	0	0	0	56	0	0	0	0	0	0	0	0	0	0	0
e3062f459bf2b618adda784c3bf0e264	123	0	0	0	0	0	0	0	0	0	0	0	0	0	0
ec470ea344f6a774596d567806c5b06b	0	0	0	0	124	260	0	0	0	0	0	0	0	0	0
8781e7d5730fa387bf3de8b8c1985cbd	0	0	0	0	0	0	0	0	0	0	0	0	0	111	0
43864e4243306df41b3f04c05c911db7	0	0	66	0	0	0	142	0	55	0	0	56	0	0	0
7bcd7ab54fdcf2d22620291869b03efa	0	0	0	0	0	0	0	36	0	0	0	0	0	0	0
b7d297e3a98196bfe5ed2755048df432	0	0	0	0	77	0	0	0	0	0	0	0	0	0	0
00dd9417097f1779e6b1ca8671149ee6	0	0	0	0	0	0	0	0	0	0	0	0	0	67	0
3b08ebe9985c95eca3b3753470a72bf5	0	0	0	0	0	0	0	0	0	0	0	0	0	18	0
36229a06109d066265e70d6f46fa5c3b	0	0	0	0	0	0	0	0	0	0	0	126	0	0	0
6a83dbab08fb45d017e8b426c7fe4122	0	0	0	19	0	0	0	0	0	0	0	0	0	0	0
f81295093047681ddd63ba9260b73142	0	0	0	0	0	0	0	0	60	0	0	0	0	0	52
cde328039d1d9d978513ab087d5d5543	0	0	0	0	0	0	0	0	0	0	0	0	82	0	0
8e5f9b21a59f45fe23b6717f31cadbad	0	37	0	0	0	0	16	0	0	0	0	0	0	0	0
2912e41f3bbc551c923f70136c790d06	0	0	0	0	0	0	0	42	0	0	0	0	0	0	0
d034621097ce42c88b68e6a0760ba659	38	0	0	0	0	0	0	0	0	0	0	0	0	0	0
383bb477e0c147dcef2a173dcbbce327	0	0	0	0	28	0	0	0	0	0	0	0	0	0	0
9e93c550ee2b7da705c887f57c3ac83d	0	0	0	0	0	20	0	0	0	0	0	0	0	0	0
16d15346c5fc05ba9a2fca8b497f4b97	0	0	0	0	0	0	0	0	0	0	0	0	23	0	0
7e6bd2b2a3e8347848714713f2dacc63	0	0	0	0	0	0	0	0	7	0	0	0	0	0	0
976e322d6eeb4f292479c749691da797	7	0	0	0	0	0	0	0	0	0	0	0	0	0	0
9387f72ffa8dc51caf5d085ea7877c24	0	0	0	0	0	0	0	0	0	0	0	0	7	0	0
dc2579552d5e8201196fa3ef89580ca5	0	0	0	0	0	10	0	0	0	0	0	0	0	0	0
c2f9fe4ff4a47e014c178fdfc5048ea8	0	0	0	0	0	18	0	0	0	0	0	0	0	0	0
6f68f349eba7dc60713734cb89b05206	0	0	0	0	0	0	0	0	0	0	0	0	15	0	0
9b370978d09e3be3450d7ab1f22cc8ca	49	0	0	0	0	0	0	0	0	0	0	0	0	0	0
ba2eb597026e302ae2c34115e437692c	0	0	0	0	0	0	0	36	0	0	0	0	0	0	0
ec9f89e235ce564d46a3d93dfcb8fc4c	0	0	0	0	75	0	0	0	0	0	0	0	0	0	0
0d382951060ed4c90c84a3c1e4eeb18e	0	0	0	0	0	0	0	0	0	0	0	66	0	0	140
fefb4ec3934d39317bb3f6c1a712569d	0	0	0	26	0	0	0	0	63	0	0	0	0	0	0
635492749f74727d6bdcfa6eba4b14cb	0	0	0	0	0	0	0	0	0	0	0	0	0	100	0
9a4cdb1b3b615790a7a5db3b0dff2b3d	0	0	0	0	3	0	0	0	0	0	0	0	0	0	0
f8187c639b7be3c738b8e1762d7e4152	4	0	0	0	0	0	0	0	0	0	0	0	0	0	0
88ad32e9858b42f1d1b95817c9541412	0	0	0	0	0	0	0	0	0	0	0	0	37	0	0
f93477896f2ffaa9feeb98285d450d7a	0	0	0	0	0	0	0	0	0	0	0	0	123	0	0
edbdb5129557c183946d73917948aca4	0	0	0	0	220	0	0	0	0	0	0	0	0	0	0
01b8b8328a68e95120190518debca61f	182	0	0	0	0	0	0	0	0	0	0	0	0	0	358
012c4311a48b22cbb02b2f096511b762	0	309	0	0	0	0	0	0	0	0	0	0	0	0	0
bb8ccad4e86a5bfb6aeebe9658468458	0	0	0	0	0	0	0	0	187	0	0	0	0	0	0
71045b2e8761ae01ab32971ca169edc5	0	0	286	0	0	236	0	167	0	0	0	0	0	217	0
83092948c2ec574ba97ae37977effab2	0	0	0	20	0	0	0	0	0	0	0	0	0	0	0
8cffafb9c1d98177f0e6faf6cfe53402	0	0	0	0	0	0	115	0	0	0	0	0	0	0	0
6e58e41ebf2de88c187bcb9950b8034a	0	0	0	0	0	0	0	0	0	0	0	161	0	0	0
908e4d3b10397eed204f8e840bf518c4	0	0	0	0	0	0	0	0	9	0	0	0	0	0	0
55a05bca8aacf3bda1570a33a97a8c59	0	0	0	0	0	0	0	0	0	0	0	0	0	0	34
830c68b0dc0ee1f4ef9c5bc8c60c0c8b	0	47	0	0	0	0	0	0	0	0	0	0	0	0	0
204993fe1b6075a57773ce694d4e674f	16	0	0	0	27	0	0	0	0	0	0	0	0	39	0
49d78d021d175c05949835a577eab3fc	0	0	0	0	0	0	0	0	0	0	0	0	0	0	45
9cf652e38cda1e8be4c462ff4cdc1530	0	0	0	0	0	0	0	0	0	0	0	0	48	0	0
09581b03e4ff8726988f72a90b1ff7d4	0	0	0	9	0	0	0	0	0	0	0	0	0	0	0
2d15d829dfc60e724a6f33bcf640a0b6	0	0	0	0	0	61	0	0	0	0	0	0	0	0	0
be11ee5f853f9464ec877fd0da3c89a9	192	0	391	0	408	0	280	233	278	0	0	279	0	370	488
6bdc691621f45227613ae503ea4b9f3f	0	0	0	0	0	307	0	0	0	0	0	0	0	0	0
e35753218a861b014bfecbcaeeecb35f	0	0	0	0	0	0	0	0	0	0	0	0	196	0	0
795bbe3e2cd33a7408448efb4a9733a1	0	0	0	55	0	0	0	0	0	0	0	0	0	0	0
74182eab969d55865e113287fe823636	0	644	0	0	0	0	0	0	0	0	0	0	0	0	0
e1d8bb470a25c87bce1ff3a07c196b12	0	0	0	0	0	0	0	0	0	0	0	12	0	0	0
3ef198fd1502e431005cbcd1d47971df	0	7	0	0	0	0	0	0	0	0	0	0	0	0	0
4f71ebef22a4605634dd3adf7002e087	0	66	0	0	0	0	0	0	0	0	0	0	0	0	0
a1cd8fee2401ee56ebbad0085cf5881c	0	0	0	0	0	0	0	0	0	0	0	0	0	38	0
c5200d66fbd0d55ed3e773906c116a43	0	0	0	0	0	142	0	0	0	0	0	0	0	0	0
a4a384aea4b669fe07ba104214e7ceac	0	0	0	0	0	0	0	0	0	0	0	0	0	31	0
c6c557e1692171c0a60af23c84a124e9	0	0	0	11	0	0	0	0	0	0	0	0	0	0	0
792020ec27d05a2bb6b0602d7456144d	0	90	0	0	0	43	74	0	0	0	0	0	96	0	158
4a3c576ea47da1bcccf22da90e6777b1	0	0	0	0	0	0	0	66	0	0	0	0	0	0	0
f0c444f8bf70f4ab2ee9810f856412a1	14	0	0	0	0	0	0	0	0	0	0	0	0	0	0
21818fa9a3cf085d712e585d8c2a3fc8	0	0	0	0	0	0	0	0	0	142	0	0	0	0	0
3f5057c40cad769487b21d7312761f49	0	0	0	0	0	0	0	0	0	0	0	0	0	11	0
4b3ea7a0b457e5b95fc0275422999640	0	0	0	18	0	0	0	0	0	0	0	0	0	0	0
302405fc37249468f03fc62d99529f82	0	0	0	0	0	0	0	0	0	0	0	0	18	0	0
18e7f2971963e214b52ef470d8c56d94	0	0	0	0	0	0	0	0	0	0	0	0	17	0	0
662d66291e36d61de788cd2f33f50ead	0	0	0	0	0	0	0	10	0	0	0	0	0	0	0
ccc86c0bb3716b2c5cd8d6959bcb47e8	0	0	0	0	19	0	0	0	0	0	0	0	0	0	0
b7f36eef077182d319d19f0a73364db3	0	0	0	0	6	0	0	0	0	0	0	0	0	0	0
c804de507f71c3440c01f39275e674bd	0	0	0	0	0	0	15	0	0	0	0	0	0	0	0
cdc843ff419d3d4793bdeae14e888c9f	0	0	0	0	0	0	0	0	0	0	0	0	0	0	22
9a760fcfb062efc33864ae362289b97d	0	0	0	0	0	0	25	0	0	0	0	0	0	0	0
b4b7a3fc27008693cdf0bf37cfb0bf85	0	0	0	0	0	0	0	0	0	0	0	0	8	0	0
bc05b3b1f424d375948d3cf1268dced8	20	0	0	0	0	0	0	0	0	0	0	0	0	0	0
269f60629b5fc9181b6fe10703476771	0	0	22	0	0	0	0	0	0	0	0	0	0	0	0
1844969224c1088c1ebbcb911da3531f	0	0	0	6	0	0	0	0	0	0	0	0	0	0	0
59152b81ba1b3aba588e41e9aff6bcee	0	0	0	0	0	22	0	0	0	0	0	0	0	0	0
2a15816a9bb31f32862564ad628d2695	0	0	0	0	0	0	0	0	0	0	0	29	0	0	0
a999da87cab61d12e662e01e6a85387c	0	0	0	0	0	0	0	0	0	0	0	0	22	0	0
5dc02205dfba80c75656bf7b0bfd90d6	6	0	0	0	0	0	0	0	0	0	0	0	0	0	0
c1b3f524e3637ef0c2cdeb9c6eac6e38	0	0	0	0	0	0	0	0	2	0	0	0	0	0	0
db6c0a54fd98b37f538379f6ff311ae8	0	0	0	0	0	0	0	6	0	0	0	0	0	0	0
70a0fe6fa1be2b31107431473e4e0572	0	0	0	0	0	0	0	0	0	0	0	0	6	0	0
efc3c2d33ce77c35ccff2e952de72d9c	0	0	0	0	0	0	0	0	0	0	0	0	0	24	0
873994e82d0239a9e1439ba7bc6a1e03	0	0	0	0	0	0	0	0	0	0	728	0	0	0	0
3b15c6f448d3085052ee3fee684b263d	0	0	0	0	0	0	0	0	0	0	326	0	0	0	0
4f47eabaadda60821ae88f4cda23e588	0	21	0	0	0	0	0	0	0	0	0	0	0	0	0
6fc55d1e375bc340f245463cbc2cd79a	0	0	0	14	0	0	0	0	0	0	0	0	0	0	0
dbf2cd2a4fda7c210b1b9b92cdceaa8d	0	0	0	0	0	0	0	0	0	0	0	31	0	0	0
902c50134353bc9cf9ef37392f156981	0	0	0	0	0	0	0	0	0	0	0	0	0	0	70
571a6853f3f7545fd97b6bb8ece395ab	0	0	0	0	0	0	0	0	0	0	0	0	65	0	0
35d030a10146fc13b6f5e23d731bf67a	0	0	0	0	46	0	0	0	0	0	0	0	0	0	0
ef9605e41c983ac3234a5c7cadc58feb	16	0	0	0	0	0	0	0	0	0	0	0	0	0	0
6a8f8241d53b5ff2fc973790b7144765	0	0	0	0	0	0	0	0	0	255	0	0	0	0	0
7da07262dfc3279197d74c24a1501179	0	0	0	0	0	0	0	0	0	0	0	4	0	0	0
2cf9808862b136fbc42eac5d86e646ff	0	0	0	2	0	0	0	0	0	0	0	0	0	0	0
a3ae7dacd3144c0977a99fec3597daa0	0	0	0	0	78	0	0	0	82	0	0	0	0	0	0
0a7d72f401f4c72a2da680cfd59e3dd4	0	0	0	0	0	0	0	0	0	0	0	100	0	0	0
8c50fae2c229bd7c793af5bf55daffc1	0	0	0	0	0	0	0	43	0	0	0	0	0	0	0
6956a9220c2bdc2f40d39f1d472517f1	0	59	0	0	0	0	0	0	0	0	0	0	0	0	0
9269b793cf985fb938aef2742664151f	101	0	0	0	0	0	0	0	0	0	0	0	0	0	0
f6804a554133d5b5767b83504203608c	0	0	0	0	0	0	0	0	0	98	0	0	0	0	0
cf1e67dd98afa337f485032653093221	0	0	0	0	0	0	0	0	66	0	0	0	0	0	0
72e454b92883ffdf95de91bc36242aed	0	58	0	0	0	0	0	0	0	0	0	0	0	0	0
3482e60edc8df3e0a75a51d2118495a1	0	0	0	0	49	0	0	0	0	0	0	0	0	0	0
cf3c21c006fbb0008529b8019509e4fb	0	0	0	0	0	0	92	0	0	0	0	0	0	0	0
30f49a26e858d1971afc4caf6df61eae	0	0	0	0	0	0	0	0	0	0	0	62	0	0	0
dde6fc5b02ac7cc7e0f470749bb7bb33	0	0	69	0	0	0	0	0	0	0	0	0	0	0	0
af9950bbf05b38147b9c203663fc82eb	0	0	0	0	0	0	0	0	0	0	0	0	57	0	0
1a1c925b76da8b6cc8d7f6529e1e5c61	0	0	0	0	0	0	0	0	0	0	0	10	0	0	0
25d0c35a5b5f32a221dfc7784b37640d	6	0	0	0	0	0	0	0	0	0	0	0	0	0	0
8a32d607dddc3629d5631d5ad25e5219	0	0	79	0	0	0	0	0	0	0	0	0	0	0	0
a8c24618d36715a1ea36a81d7adf7b85	0	0	0	0	79	0	0	0	0	0	0	0	0	0	0
9a07d09f03456352bb9c6a99546ffd76	0	0	0	0	0	0	0	0	0	0	0	0	0	109	0
76fac316f1fb53014b741d7e7cbaeb16	0	0	0	0	0	0	0	0	90	0	0	0	0	0	0
4ca2253be2ee04235deb41e12a773160	57	0	0	0	0	0	0	0	0	0	0	0	0	0	0
b0fcb466d558cff45ee71830a6886091	0	0	0	0	0	82	0	0	0	0	0	0	0	0	0
9f5446f94284a7baa2dc176725fadab6	0	70	0	0	0	0	0	0	0	0	0	0	0	0	0
fb2fcf2fd9c6b708555162d35b5dd982	0	0	0	0	0	0	71	0	0	0	0	0	0	0	0
e388b7f26403ddb7037cf4a560782bc6	0	0	0	0	0	0	0	70	0	0	0	0	0	0	0
0dd88aa019785ba46ee21569d3aa26e4	0	0	0	0	0	0	0	0	0	0	0	68	0	0	0
e84a7a4c006468e495066ddb29dd15f9	0	0	0	0	0	0	0	0	0	0	0	0	0	0	44
17c3d5f0672aba572d5cfbbb1b4534fd	0	0	0	0	0	0	0	0	0	0	0	0	0	60	0
c67ca613c469ad9e8aa19d6eb5ddba2a	0	0	0	0	0	0	0	27	0	0	0	0	0	0	0
a4cfac5303e135098d37c27efb144e03	0	78	0	0	0	0	0	0	0	0	0	0	0	0	0
d4c092d669770259f2310a4c2f9acb9f	0	0	0	0	0	59	0	0	0	0	0	0	0	0	0
714f168c84a7b332869213378c01602a	0	0	40	0	0	0	0	0	0	0	0	0	0	0	0
5e799fe3dd478238d5dddd3f3103ac99	0	0	0	0	70	0	0	0	0	0	0	0	0	0	0
b268d12ae81fbc61bfd7cf9898811cc4	0	0	0	0	0	100	0	0	0	0	0	0	0	0	0
1b7f35fd4aaa16fadee0304ec244aa2f	0	0	0	0	0	0	0	0	0	0	0	10	0	0	0
6ea6fa05d05241f78c84b2dbb92f98e0	0	0	36	0	0	0	0	0	0	0	0	0	0	0	0
10302a7891970dada9f246be6fa4d656	0	55	0	0	0	0	0	0	0	0	0	0	0	0	0
c455cc84fa8e513dbef3b8d8eb26d180	0	0	0	0	0	0	0	33	0	0	0	0	0	0	0
9b11ea0a1534bb4b92120bbbb0d32602	0	0	0	0	0	0	11	0	0	0	0	0	0	0	0
ba3c9357916114a960ce2b4499ecaa3f	0	2	0	0	0	0	0	0	0	0	0	0	0	0	0
087cccb19fe7ae26f04b2b0f99e2218e	0	0	0	8	0	0	0	0	0	0	0	0	0	0	0
e1774a273c496c4204191ea5ad715bec	0	0	5	0	0	0	0	0	0	0	0	0	0	0	0
408575edc7081912d6ca2971f71151f6	0	0	36	0	0	0	0	0	0	0	0	0	0	0	0
923819baeb122f76cb9daf486ffd55f8	0	0	0	0	0	0	43	0	0	0	0	0	0	0	0
7d52921dd8e50ab795621dd596c25675	0	0	0	11	0	0	0	0	0	0	0	0	0	0	0
9bee448cce58ae14903ace13d41df801	0	0	0	0	0	0	0	0	0	0	0	0	0	40	0
d8944c3b5857f4ab35ef06e181853a51	0	0	0	0	0	22	0	0	0	0	0	0	0	0	0
0af49cd202f14bdb3ca23428ff799fef	0	0	0	0	0	0	168	94	0	0	0	0	0	0	0
824f1873fd9766b3491563610f1f5363	0	0	0	0	0	0	0	0	0	0	0	0	0	205	0
717f680fef6fe501590f954d2c54e4bb	0	0	0	0	0	83	0	0	0	0	0	0	0	0	0
a5c80cd3d24a77518445a72830fefce9	0	0	0	0	0	0	0	0	0	0	0	0	75	0	0
b4596393899f06fd5f9153c6955b8a32	0	0	0	0	194	0	0	0	0	0	0	0	0	0	0
d6aa1958ee0e290e3963ad276b066f58	0	0	0	0	0	0	0	0	0	0	0	125	0	0	0
b1d5109b98c5db63fa050357aaf44331	133	0	0	0	0	0	0	0	117	0	0	0	0	0	0
55b6ab01846c71630587f9818653aae1	0	0	113	0	0	0	0	0	0	0	0	0	0	0	109
8d213646e8db21dec6a19ce331249155	0	93	0	0	0	0	0	0	0	0	0	0	0	0	0
4d055a076fe83837b37331684dcd7380	0	0	0	0	0	11	0	0	0	0	0	0	0	0	0
3668eed84563e10f93cebcd41bd64997	0	0	0	0	0	0	0	0	0	0	0	0	7	0	0
3a9fc660e9a92643a966c302343dbb6e	0	0	0	0	0	0	0	0	0	0	0	0	16	0	0
c5360e75973c2ce35e128b345c1d3351	0	0	0	0	18	0	0	0	0	0	0	0	0	0	0
8633405340c3ebdebc848e01502b8224	7	0	0	0	0	0	0	0	0	0	0	0	0	0	0
be5913152077a83fb1d9e8138344af97	0	0	0	0	0	0	0	0	0	0	0	0	2	0	0
2d73cb8398fd59335d9e99afa2e358a8	0	0	0	0	0	0	0	0	0	0	0	0	21	0	0
d3860ca65f0f3210287e34d875c41462	0	0	0	0	0	0	0	0	0	0	0	0	4	0	0
1a7f8b3f907c813e3a5731c93bf9f3c2	0	0	0	0	0	0	0	0	0	0	0	33	0	0	0
2ebb594392c317caf043cf4badaaed5b	0	0	0	0	22	0	0	0	0	0	0	0	0	0	0
cda588d44100765a358b3c343ad5e76f	0	0	0	0	0	49	0	0	0	0	0	0	0	0	0
f9c19f5ac12de1432ff8e637f35ce5ca	0	0	35	0	0	0	0	0	0	0	0	0	0	0	0
53d9588264c89cb1c11c41e97212fc09	0	0	0	0	0	0	0	0	0	0	0	0	25	0	0
dff2b35869982c18b250b8f49bea94f8	0	0	0	0	12	0	0	0	0	0	0	0	0	0	0
0b3234e5ed57ddff3fd262452951f2ec	0	0	0	0	0	0	0	0	0	0	0	0	14	0	0
173e34a038b3e59c6363a52506d04277	0	0	0	0	0	0	0	0	0	0	0	0	31	0	0
c0218b66218a6b2d1222d662c31bfd58	0	0	63	0	0	0	0	0	0	0	0	0	0	0	0
faa6a6563175c7af9b8558e2bea6d756	7	0	0	0	0	0	0	0	0	0	0	0	0	0	0
af3d8efe033efa09e3ed089137667884	0	0	0	0	0	0	0	0	0	0	0	0	29	0	0
0bb4fbae46701d1171fd962fe48d97b8	0	0	0	0	0	0	0	0	0	0	0	0	14	0	0
e303c67a5b9da39cbb8631fbd48f0ba3	0	0	0	0	0	17	0	0	0	0	0	0	0	0	0
c0568828b030d05e6f254646c8ce2c03	0	0	0	0	0	0	0	0	0	0	0	16	0	0	0
999e2e509f007efc4dafeb03b6cb0023	5	0	0	0	0	0	0	0	0	0	0	0	0	0	0
84b63cf5acd9a1bf8a79941ce0bac574	164	0	0	0	0	0	146	0	158	0	0	107	0	0	0
c2d1710e16598c92930835fb29722a0d	0	0	52	0	0	0	0	0	0	0	0	0	0	0	0
4ae51ceb936e3c34f64ffcfdc0078d13	0	0	0	0	0	0	0	0	0	0	0	0	0	104	204
49f3e344332d9b9e897f6183c54a56c2	0	0	0	0	0	0	0	0	0	0	0	0	76	0	0
1efd385658a514cb528e5e02e2656ef4	0	0	0	0	0	0	0	105	0	0	0	0	0	0	0
0a0df8282cc29f76aa6f8a7da5728ee3	0	0	0	90	0	0	0	0	0	0	0	0	0	0	0
2936124b9489fdba17df7c65a5d46363	0	131	0	0	0	0	0	0	0	0	0	0	0	0	0
0b2480bab935df29239a14c6fdfb9484	0	0	0	0	248	0	0	0	0	0	0	0	0	0	0
57412c81acc2403a7bf4377a09891c2b	0	0	0	0	0	115	0	0	0	0	0	0	0	0	0
fdf88c91f492bc8ee02b1b35797c84b0	0	0	0	0	0	0	0	0	0	0	0	0	20	0	0
6c114e876a769b389c4392599328cc24	0	0	0	0	0	0	0	0	0	0	0	0	0	111	0
ff4426907709213a0e2fe713212f1bf2	0	0	0	0	0	9	0	0	0	0	0	0	0	0	0
de36aabef48fb537a5a99e3621bac8bb	0	0	0	0	0	51	0	0	0	0	0	0	0	0	0
fd5ce68d47cf4fffeca4db8df0c3e91b	0	0	0	0	0	0	0	0	0	0	0	0	12	0	0
7f0977cd85893619f5b677ea5479118e	9	0	0	0	0	0	0	0	0	0	0	0	0	0	0
ab0bde214693c8980c2f993e63ee28bc	0	0	0	0	0	0	0	0	0	0	0	0	14	0	0
bfa13ba03a576befd338a4e23bb5d6ec	0	0	0	0	0	0	0	0	0	0	0	0	0	22	0
075312b0dd43eb9dfe9c98e8dd08fc72	0	0	0	0	0	0	0	0	0	0	0	0	0	0	26
0631c02c3e835d810482a7e26a73934a	0	0	14	0	0	0	0	0	0	0	0	0	0	0	0
736b933095af1143b318e3be5b04fb84	0	0	0	0	0	0	0	0	0	0	0	0	0	0	30
800a0551ce668ecbca86a0ef695d0150	0	0	0	0	0	0	0	0	0	0	0	0	0	0	2
ad6a82b76f9bd15cbefaee7b8deaad7f	17	0	0	0	0	0	0	0	0	0	0	0	0	0	0
988ae69a2af1ffd141c7f93a2f518ccb	0	0	0	0	0	0	0	9	0	0	0	0	0	0	0
2b753dbc9ae2c2ad50dac2314412067f	0	0	0	0	0	0	0	0	28	0	0	0	0	0	0
db5363338bde04ef1bfb86473dc60d3a	0	0	0	0	0	0	56	0	0	0	0	0	0	0	0
5c3d5f9714ab7395c78aca6cfa6df571	62	0	0	0	0	0	0	0	0	0	0	0	0	0	0
fd1cfb5941de86b4fd2a37851e913c8b	0	0	0	0	0	0	0	0	0	0	0	0	0	0	47
28ac1031ca514866a99033a9f5ea4e39	0	0	0	0	0	0	0	0	0	0	0	0	54	0	0
b4da54125e550d71fb9bcb34a891876e	0	0	0	0	0	0	0	0	0	0	0	53	0	132	0
915994635a717b2426992918bacd49ef	0	0	43	0	0	0	0	0	0	0	0	0	0	0	0
edf4d47b90a726ee87fea1a0f0a6e36a	0	71	0	0	0	0	0	0	0	0	0	0	0	0	0
b955ebd3281d964e470018f8ba6f1ff0	0	0	0	49	168	0	0	0	0	0	0	0	0	0	0
b692d305cb8b6d57c2be76fe698e77c8	0	0	0	0	0	0	0	0	116	0	0	0	0	0	0
0378c47dee7bfbe70b11169ab5da8940	0	0	0	87	0	0	0	0	0	0	0	0	0	0	0
44d70eeaeb2cc03d721dcddc32e813cc	0	0	0	0	0	0	0	13	0	0	0	0	0	0	0
ac04a9dec47e3949afdb9ff03e7fdd33	0	0	0	2	0	0	0	0	0	0	0	0	0	0	0
c1f32ec22f5759149c0ec5febf72b170	8	0	0	0	0	0	0	0	0	0	0	0	0	0	0
f5a38e0b69c53bb4b1fa07bde35678a0	0	0	0	0	0	0	0	39	0	0	0	0	0	0	0
f633429300da4298095d525ef4bebf11	0	0	0	0	0	0	133	0	0	0	0	0	0	0	0
9a0148110da7ae03e0c8eb6c6c3a13f8	0	28	0	0	0	0	0	0	69	0	0	0	0	0	0
adb700fdda301b3d298c173aef1f9d0f	55	0	0	0	0	0	0	0	0	0	0	0	0	0	0
4c1a4405b09ac5629877fe5f8a7e4239	0	0	0	0	0	46	0	0	0	0	0	0	0	0	0
6f5ba9bb3fe09f12a1897c8005c7c555	0	0	0	23	0	0	0	0	0	0	0	0	0	0	0
76323d2fd1aee87144724921d853fc87	0	0	0	0	60	0	0	0	0	0	0	99	0	0	0
f8b7990cad06b8f4b835aa771bc2e0cf	0	0	0	0	0	0	0	0	0	0	0	0	15	0	0
6c1f5cffb5309620c1ac27b20518d378	0	0	0	0	0	0	87	0	0	0	0	0	0	0	0
5b8d7b68b3dad299698d340c91d394b0	0	0	0	0	0	0	0	0	0	0	0	0	0	0	60
33acb2223f9a5fd73a8de529033f03ca	0	0	0	0	0	0	0	0	0	0	0	62	0	0	0
d22fc53f4fdc81ccd8af8bfcffb213cc	0	0	0	0	194	0	0	0	0	0	0	0	0	0	0
7682f1f5aa708276c27eb1a452235558	0	0	0	0	0	0	0	210	0	0	0	0	0	0	0
fe23a821c82bb86ea7099ac9b390ea5d	0	0	0	0	0	191	0	0	0	0	0	0	0	0	0
dc7b88ffabe561ca45e67d4d8f17cc4c	0	0	0	0	0	0	0	0	247	0	0	0	0	0	0
df81449cfc27a84584540d63e68c605b	0	0	0	3	0	0	0	0	0	0	0	0	0	0	0
f83e6ddb2de6704706091422136c7f30	0	0	0	0	0	0	0	0	0	150	0	0	0	0	0
e1ead25f2856add545929711102c50de	0	6	0	0	0	0	0	0	0	0	0	0	0	0	0
ebc105e9bc58a2c65a04052bf65b000f	0	0	0	0	0	0	0	0	0	0	0	0	2	0	0
9baa4c316a63da949465008585e88160	0	0	0	0	0	0	0	0	0	0	0	0	2	0	0
1cbe506ff1dd46dbe747af46ef21eed0	0	0	0	0	132	0	0	0	0	0	0	0	0	0	0
ef0ff995475e15595b23289112c4602b	0	0	0	0	0	0	0	0	0	0	0	0	0	185	0
3228cf09cb476e831db3a0e1dd721c37	0	0	0	0	0	0	132	0	0	0	0	0	0	0	0
f009208e6c281d400695fbcaa1440fa0	0	0	128	0	0	0	0	0	0	0	0	0	0	0	0
0d9cf5787fe6886f08657708671fe479	0	0	0	0	0	135	0	0	0	0	0	0	0	0	0
b1448c0fb3ec0ed5bc890efed0e873e9	134	0	0	0	0	0	0	0	0	0	0	0	0	0	0
28603f56b3e4c31d091ba48a27d236b7	0	0	0	0	0	0	0	0	0	0	0	0	0	0	140
c77b7e1395b6e61fc748edb83d4b95d6	0	233	0	0	0	0	0	0	0	0	0	0	0	0	0
3e31d76bca07a75520b913b1c9da8bf4	0	0	0	0	0	0	0	0	0	0	0	93	0	0	0
07bb15610025e46d476b1ad72a9874c2	0	0	53	0	0	0	0	0	0	0	0	0	0	0	0
b2f507a48b6bbebf9a95f5c166dea060	0	0	0	0	0	0	0	0	0	0	0	0	0	0	113
1afc2bee89859e66770892444d1a1f6a	0	0	0	0	0	0	0	110	0	0	0	0	0	0	0
12c40708eb2e5c124500608505be113a	74	0	0	0	0	0	0	0	116	0	0	0	0	0	0
5a9d00ce038b4f35f907275aa265cc2b	0	0	0	0	0	125	0	0	0	0	0	0	0	0	0
5878db03d82c5509676bca83f3a73925	0	0	0	39	0	0	0	0	0	0	0	0	0	0	0
ca62d32541252d8e01b0dd0c8b9f54bf	0	0	0	0	0	112	0	0	0	0	0	0	0	0	0
f87e8bb3b94a290f074853b6c1009642	0	0	0	0	0	0	125	0	0	0	0	0	0	0	0
bf85a0f3f659cf9fe514adab17981657	0	0	142	0	0	0	0	115	0	0	0	0	0	0	0
d75107ec8333b040b1b935fe488b87bb	0	0	0	0	0	0	0	0	0	0	0	0	0	0	169
65ae9a4508234e1f0f719051236cd4d2	0	0	0	0	0	0	0	0	0	0	0	109	0	0	0
c7013b77d4c5bab52853d3df1885eb80	0	0	0	0	0	0	0	0	123	0	0	0	0	0	0
dd742a3f824eccb8e9e829dd23f71b4d	126	0	0	0	0	0	0	0	0	0	0	0	0	0	0
9db8ed5bb7dbe0e32cb0385db299b7ec	0	0	0	0	0	0	0	0	6	0	0	0	0	0	0
1116886ae03731baa5ffcb8cb03c8f6f	0	0	0	0	154	0	0	0	0	0	0	0	0	0	0
4dbe6fc1a18742ff80dda4caf1ec99ae	0	96	0	0	0	0	0	0	0	0	0	0	0	0	0
7e6a71ab7064670b3d2f751d363a6145	0	0	0	0	0	0	0	0	0	0	0	0	0	18	0
949a1794ceaa686474da8c772d5be3ec	0	0	0	0	0	0	0	26	0	0	0	0	0	0	0
124be7038a0110121dd839c0bafcf991	0	0	2	0	0	0	0	0	0	0	0	0	0	0	0
ff1a66dd711975e4f34e344a83b62ac6	0	0	2	0	0	0	0	0	0	0	0	0	0	0	0
e5d20acb1d315c4ed63f9d983ef42994	0	0	0	0	0	0	0	0	0	0	0	0	0	46	0
2ea3ce3489cb89cf8545a3a3b816e563	0	0	0	0	0	0	52	0	0	0	0	0	0	0	0
4afadd90e2600a912de67e52f8dffb98	0	0	0	0	0	0	0	0	0	0	0	0	0	0	66
6ea391371a6d2fc55285ffaae3c8f8c8	0	0	0	0	0	0	0	0	35	0	0	82	0	0	0
96928a8a81f23d1f4cc6de45a8031b37	0	0	0	0	0	81	0	0	0	0	0	0	0	0	0
8fc06c6173a9dfb78121637fcacf0755	0	0	0	0	0	0	0	0	0	0	0	0	24	0	0
a6cf943002fbd3e7ee510b361e941bf6	0	36	0	0	29	0	0	0	0	0	0	0	0	0	0
67ba6c60b4d377b88d2c497ef58f5ec9	23	0	0	0	0	0	0	0	0	0	0	0	0	0	0
1aad1daa6eca3c8ace85288e225d9450	0	0	0	0	0	0	0	0	0	0	0	0	17	0	0
164225bd3827a1cb79d5e336b412864a	0	0	0	0	0	41	0	0	0	0	0	0	0	0	0
a5e10abf5374eb2ddad00d508b5b15c3	0	0	0	0	0	63	0	0	0	0	0	0	0	0	0
023e23c554bb35f68014d394889fc96c	0	0	0	0	0	21	0	0	0	0	0	0	0	0	0
9283eea0e891cea9587f68b60838beda	0	0	0	0	0	0	0	0	0	236	0	0	0	0	0
8d381e5d8529f4ae99ae92ab3259f3c3	0	0	0	0	0	0	0	0	0	0	77	0	0	0	0
1a65f12546c2d67e16e7b763b8a12357	0	0	0	0	0	0	0	0	0	785	0	0	0	0	0
0060a351638dcb342dd446d24dc2d66d	0	0	0	0	0	0	0	0	0	39	0	0	0	0	0
88be772666871f16c92b09fe452de1df	0	0	0	29	0	0	0	0	0	0	0	0	0	0	0
94f6487cf5ecca4a0201d377d9c88340	0	0	0	0	34	0	0	0	0	0	0	0	0	0	0
9e7efc3f9cd6b1a3a1ac90ce0c66c087	0	0	0	0	0	0	0	0	0	0	0	0	24	0	0
79d8dd4fd9a70fb3bc41b4f7ca33c47b	0	0	0	0	0	0	0	0	0	0	0	0	0	0	21
6ac8683630a31c5dfc7ac3ce0f265f16	0	0	0	0	0	0	0	0	0	0	11	0	0	0	0
12dc30b54200a0cc6762e4c8cba676ae	0	0	0	0	0	0	0	0	0	0	0	0	0	32	0
0e4a2674e233fa11b5d2f4d39805810c	0	0	0	0	0	0	0	0	0	0	0	0	38	0	0
7f4cdfb10a462ff56d48a4339be40127	0	0	0	0	0	0	0	0	11	0	0	0	0	0	0
960ca9916cddd69d1f90e2082b318895	0	0	0	0	0	0	0	0	0	119	0	0	0	0	0
adf07e42718e25c5767d5634b22807d7	0	0	0	0	0	0	0	0	0	0	0	0	26	0	0
391172d31766cb0ddf872a8e5a5fc166	0	0	0	24	0	0	0	0	0	0	0	0	0	0	0
c6e142f40f7fec4de10ebe208cc28f55	0	0	0	0	0	0	0	0	0	0	0	15	0	0	0
462abcdd651ea41ad6fc2c14e6f8acb1	0	0	0	0	0	22	0	0	0	0	0	0	0	0	0
8bb68784683af872843f936a36c6c48b	0	0	0	0	0	0	0	0	0	0	0	0	0	92	0
59c022eb2e85bff13af6076bfb1322c0	0	0	0	0	0	0	0	0	0	0	0	101	0	0	0
a85a4f1310fc1bd92c32f4503995aba5	0	0	0	0	0	0	55	0	0	0	0	0	0	0	0
905684d80360ca347a2a59e84cf3cc72	50	0	0	0	0	0	0	0	0	0	0	0	0	0	0
6b4bd9e63ad367f736a041e890a16c27	0	0	0	0	0	0	0	0	0	0	0	0	0	0	41
68403cfe0e4805eef5d8484a9ff8151f	0	0	40	0	0	0	0	0	0	0	0	0	0	0	0
b4f04c9251735a87269ead7f35f1a6ef	0	0	0	0	0	0	0	53	0	0	0	0	0	0	0
46eea0ca32cefbeb9e4a40aeab2ee9c0	0	0	0	0	21	0	0	0	0	0	0	0	0	0	0
a12da3319dcc4264027cf57eaff0bc5e	0	0	0	0	37	0	0	0	0	0	0	0	0	0	0
88afbbc64b1ba914162208f0aa26bbe7	0	0	0	0	0	0	0	0	0	0	0	0	19	0	0
4b76df04b28ed51e043b72e2b3e09d21	0	0	0	0	0	0	0	0	0	0	0	0	0	0	37
e9822d46eadf262603124b54ff791021	0	0	0	0	0	45	0	0	0	0	0	0	0	0	0
9bfeb817d28326e705b7be811969660d	0	0	0	0	0	0	0	0	0	0	0	43	0	0	0
34f40a1b722762d63563fa6abcce8bac	0	0	0	74	0	0	0	0	0	0	0	0	0	0	0
88b9c52986bdd140adafc445a87164aa	0	0	0	0	0	0	0	0	0	26	0	0	0	0	0
3248b663b41349147b1138a28ec894fb	0	0	0	0	0	0	0	0	0	0	0	0	0	79	0
375fa24cd58c1682a2df6a5dc3a0f6d3	0	0	0	0	0	0	0	0	0	132	0	0	0	0	0
ff04a5de57a7caaf212fe4c7322d6c6b	0	0	0	0	0	11	0	0	0	0	0	0	0	0	0
b69323b8ef75a2ccf485ce2a3f0054e8	0	0	0	0	0	16	0	0	0	0	0	0	0	0	0
71055e29fb780bd9d4e62d36f0f5b6e1	0	0	0	0	0	0	0	0	0	0	0	0	0	15	0
76098884bd169a4fd0dfbc30b4e24e24	0	0	12	0	0	0	0	0	0	0	0	0	0	0	0
e8efd3854fd754e812aab3ced94df6cf	0	0	2	0	0	0	0	0	0	0	0	0	0	0	0
cf669f5dc8e9299468cc33818a99da3c	0	0	0	0	0	0	0	0	0	0	0	57	0	0	0
3d1857b49c5001b35874d8b92fbdb9f6	0	0	0	0	0	0	108	0	0	0	0	0	0	0	0
a6831cbecf90e3a3b2a6df3a83e944e3	100	0	0	0	0	0	0	0	0	0	0	0	0	0	0
7a20f6fd2803739ce8be35f0d5e46587	0	121	0	0	0	0	0	0	0	0	0	0	0	0	0
0612e0ba3f8949e71f7519f1b8f975f7	0	0	0	0	0	167	0	0	0	0	0	0	0	0	0
42f909776e07187fb81834da5521c62f	0	0	0	0	0	0	0	0	0	0	0	0	0	94	0
3cb8529a4e16cab28c5b486d85c44f49	0	0	0	84	0	0	0	0	0	0	0	0	0	0	0
a175183086822f526e9c2fd344032aff	0	0	0	0	102	0	0	0	0	0	0	0	0	0	0
da8fdbd0b833eada352cfdc10dd9c291	0	0	0	0	0	0	0	0	105	0	0	0	0	0	0
128d07f70788bf809883266577747134	0	0	0	0	0	0	0	0	0	0	0	0	0	0	122
c72ccf15901e1e9241f096569795f0cb	0	0	156	0	0	0	0	0	0	0	0	0	0	0	0
bb73c78b715ebe08f2371763d442768a	0	0	0	0	0	0	0	0	0	0	0	0	100	0	0
80385bf3d4740c2a52758667e6353652	0	0	0	0	0	0	0	0	0	0	0	54	0	0	0
ebfc583c72a711b291ea3c67716fb068	0	0	0	0	181	0	0	0	0	0	0	0	0	0	0
6c216acc637a75b01cddd0d9c290dc33	0	0	73	0	0	0	0	0	0	0	0	0	0	0	0
1cd858d2efb0307c2c9e7b487ca4ab44	0	0	0	0	0	53	0	0	0	0	0	0	0	0	0
6c8f337ce0bf8992b6f2f807ecea67b2	0	0	0	0	0	0	0	39	0	0	0	0	0	0	0
9bf08a265b5d5a9cca01acef4d712b97	0	0	0	43	0	0	0	0	0	0	0	0	0	0	0
aa0f64172facf0f29c0eefff28e11dc3	0	0	0	4	0	0	0	0	0	0	0	0	0	0	0
9f4820c1876a4d3ae98339fab471e3c5	0	0	0	2	0	0	0	0	0	0	0	0	0	0	0
6daa1d951fbb310c87fa54f6284960d5	0	0	0	0	0	0	8	0	0	0	0	0	0	0	0
a844064c69d304bf2d91344046718922	0	27	0	0	0	0	0	0	11	0	0	0	0	0	0
67cfc92081febf914fe4265b09dcc87a	0	0	0	0	0	0	0	0	0	0	0	0	0	19	0
fffdc407114e25895b85dfa86b3aa379	0	0	0	0	0	0	0	0	0	0	28	0	0	0	0
a8dd95dd0bd315b0cb7ff6ae4ef28bf5	0	0	0	0	0	0	0	0	0	136	0	0	0	0	0
6f1d71543d791bc94f41917de0797a00	0	0	0	0	0	0	0	0	0	0	0	0	0	0	36
4838142acc14dc3ae9a86a7e2d6d941a	0	22	0	0	0	0	0	0	0	0	0	0	0	0	0
ef938a3835c4fc94a6e8472230d23cbe	0	0	9	0	0	0	0	0	0	0	0	0	0	0	0
45308c921754ff9e3a1c8a836ab4e6a2	0	0	0	0	0	0	0	11	0	0	0	0	0	0	0
acbeb986beee298d7d6b8f6b88500488	0	0	0	0	0	16	0	0	0	0	0	0	0	0	0
a24b7cbfae1f3915823a537bc33cd83e	0	0	0	0	0	0	0	0	0	177	0	0	0	0	0
5807ac15915908e2973619fe65d300e4	0	0	0	38	0	0	0	0	0	0	0	0	0	0	0
532fa5ad6c04a6e57712c80ca970bed7	0	0	0	0	0	0	0	0	0	0	0	0	0	14	0
1e578a1c599a2f9d5ac7334e7aba67a6	0	0	0	0	0	62	0	0	0	0	0	0	0	0	0
568b7d3bef1d1efa41d6aaa60f02b7eb	0	0	19	0	0	0	0	0	0	0	0	0	0	0	0
96e5abf5ca6015bb2496d9d7854882b3	0	0	0	0	0	0	0	12	0	0	0	0	0	0	0
cd7fef36aac6f8c602115d6502f7e542	0	0	0	53	0	0	0	0	0	0	0	0	0	0	0
b44838e34a9ea8ebe5c979898d62fe4a	0	0	0	0	65	0	0	0	26	0	0	0	0	0	0
af981203b99b5de81fb62df8a147df74	0	0	0	0	0	0	15	0	0	0	0	0	0	0	0
93a0539652beab09966bd870df093060	0	0	0	0	0	0	0	14	0	0	0	0	0	0	0
29562368ff83a15447ef8f04d5ad5fa2	0	0	0	0	0	0	0	0	0	0	0	0	0	0	61
3499f2c3f4c460f42d1d0ae6ed1c0a26	51	0	0	0	0	0	0	0	0	0	0	0	0	0	0
06fa9538d8ded04018094c321912f68c	0	3	0	0	0	0	0	0	0	0	0	0	0	0	0
d82635af9a6194b098d1a1b3915d209d	0	0	0	0	0	0	0	44	0	0	0	0	0	0	0
41eee159d87a3c3c094f79faf16f62d9	0	0	0	64	0	0	0	0	0	0	0	0	0	0	0
e4f74ae4bf373686f95d05e8ea912e4b	0	0	0	0	0	0	0	0	0	0	0	71	0	0	0
0f69273528702dd7e100fb9a211540e9	0	0	0	0	81	0	0	0	0	0	0	0	0	0	0
e718ccc4b54f829623fa493e13f99ce9	0	0	0	0	0	130	0	0	0	0	0	0	0	0	0
7210b1890232002bf45d2af8b8f86224	0	46	0	0	0	0	0	0	0	0	0	0	0	0	0
4d2e7daa58ed14ca802baf5bffde5603	0	0	0	0	0	0	0	0	0	0	0	0	0	0	170
4aebb64313ff5560c3e510455e70581a	0	0	76	0	0	0	0	0	0	0	0	0	0	0	0
b2839437e7c577c08c8f4a36506a6ef8	39	0	0	0	0	0	0	0	0	0	0	0	0	0	0
232a6b11bac87741893f0238e6749848	0	0	0	0	0	0	0	0	0	0	0	0	0	0	98
a0cb788b6000faa980bbc395e2eb2fb7	0	0	0	0	0	0	0	0	0	0	0	0	0	0	9
48edea16c011ae0374c190c67124360f	0	0	0	0	0	0	0	0	0	0	0	0	0	0	24
f0df36fea0518145d6123989e614a26f	0	0	38	0	0	0	0	0	0	0	0	0	0	0	0
38ea0538513ee91a3d8c70ac341d0d47	0	0	0	0	0	0	58	0	0	0	0	0	0	0	0
2bcb195ff964265fa3d14cbb09c1ba92	0	0	0	0	0	0	0	0	0	0	0	0	10	0	0
284fee99b6a7929cc6887f49b8fa09eb	0	0	0	0	0	0	0	0	0	0	0	0	0	33	0
11a3125612faf2c7f2cb6433c261ef60	0	0	0	17	0	0	0	0	0	0	0	0	0	0	0
8c861a300187778f3225c9b752546d16	0	0	0	0	0	61	0	0	0	0	0	0	0	0	0
0383ed4208a596a3d72fa8763e638fb1	37	0	0	0	0	0	0	0	0	0	0	0	0	0	0
177b119fab6a38264fc46d078ac1d149	0	0	0	0	0	0	0	0	0	0	0	9	0	0	0
caabdcd125955faa2efb752fe1d3aeed	0	0	0	0	0	0	0	0	0	0	0	0	27	0	0
0375d85d5f7a84c1c3e747ce587a96d4	0	0	0	8	0	0	0	0	0	0	0	0	0	0	0
11a6ffee30c7d4553a4f4862f730b97c	0	0	0	0	0	0	0	0	0	0	0	0	0	14	0
8c0714d505a4997acb0721a398a28cfe	0	0	0	0	0	0	0	7	0	0	0	0	0	0	0
ce6a2906756b55c3ae7d5cb8c9f29d87	0	0	0	0	0	0	0	0	0	0	0	0	0	0	16
5cdcb1a5d5eb8b732e733f7dbd168d9b	25	0	0	0	0	0	0	0	0	0	0	0	0	0	0
923b2d72e02c1fd5147aa205c0d032be	0	0	0	0	0	0	0	0	0	0	0	0	0	0	53
d85c44f884359bd9c76a66a679f474b4	0	0	0	0	0	0	33	0	0	0	0	0	0	0	0
2b2ff0bb5f1c8ede140616185e2d3858	0	0	0	0	0	38	0	0	0	0	0	0	0	0	0
03687db85350b9937f273fad89faeb2d	0	0	40	0	0	0	0	0	0	0	0	0	0	0	0
f2392e231034fa3a86c520cc6ada31a7	0	0	0	33	0	0	0	0	0	0	0	0	0	0	0
197234c339e9a72599e889897bd895fc	0	0	8	0	0	0	0	12	0	0	0	0	0	0	0
0b49327451f8f22209ec1b25712677af	0	0	0	0	0	12	0	0	0	0	0	0	0	0	0
af555847a4fd54abdd41e21e2cee2587	0	0	0	0	0	0	0	0	0	0	0	63	0	0	0
7b1af094cae2b6ced92a8c2104bde297	2	0	0	0	0	0	0	0	0	0	0	0	0	0	0
c9046d55493310aee15e2e9d3a6f8432	0	0	0	0	0	0	0	0	0	0	0	0	30	0	0
f53b125acc47ef8e82b56d0c4e465cab	11	0	0	0	0	0	0	0	0	0	0	0	0	0	0
a17af6c71ebd395d6e5820e8c435f72b	0	0	0	0	0	0	0	0	0	0	0	0	0	0	33
4149df712762a565e089e95ece49b607	0	0	0	0	0	14	0	0	0	0	0	0	0	0	0
3e0ed8d074116543f2854d43712976a5	0	0	13	0	0	0	0	0	0	0	0	0	0	0	0
2ed5738b847e4890fe689ca7a86c38e0	0	0	0	0	38	0	0	0	0	0	0	0	0	0	0
25819811132e5ab42205744d27e46fb0	0	0	0	0	0	0	0	0	0	0	0	0	9	0	0
cd8a95c19470a795776b01a462c9d1a7	0	0	0	0	0	0	0	0	0	0	0	0	0	0	32
ef18cef50c240cffdf29a3f8a89713f5	0	0	0	0	0	0	13	0	0	0	0	0	0	0	0
a6f2b260f1666be04fe68617afc2d241	0	0	0	0	0	0	0	0	0	0	0	0	13	0	0
954c431bc2d9047dae272b33aefc1bbc	0	0	0	0	0	0	0	0	30	0	0	0	0	0	0
103af78141873d6e724aa0f8e9c12437	0	0	0	0	0	0	0	53	0	0	0	0	0	0	0
904965285486da56168ec8b0ba2a668e	0	0	0	0	0	0	0	10	0	0	0	0	0	0	0
2ed260e41bcc9be62f8abb36576464c7	0	0	12	0	0	0	0	0	0	0	0	0	0	34	0
23f744e91545e58f7bf08d14dafe69fb	19	0	0	0	0	0	0	0	0	0	0	0	0	0	0
09f3a52f33992c669befda3fbafd39e4	0	0	0	0	0	0	0	0	0	0	0	7	0	0	0
6c9df0cf857293ce0343f71cd84f95c1	0	0	0	0	16	0	0	0	0	0	0	0	0	0	0
f8bc030b78b24109855d1b35be6ab9ea	0	7	0	0	0	0	0	0	0	0	0	0	0	0	0
106c2c2b1a2c44ac330456abc9878144	0	0	0	0	0	0	0	0	0	0	30	0	0	0	0
c8b45f45e41624d585aff4526a2e139f	0	0	0	0	0	0	10	0	0	0	0	0	0	0	0
dc178df9d36de284a1f491926bcc1bdc	0	0	0	0	0	0	0	0	0	0	0	19	0	0	0
60b3e1b14c1c49ee6f76ba266893bb33	6	0	0	0	0	0	0	0	0	0	0	0	0	0	0
8c98d7d110a04cd1b5d21afa7c8893b9	0	0	0	0	0	0	0	0	0	0	0	4	0	0	0
ebc4ccb9733b2ff3346eb8ebeb321f96	0	0	0	0	0	0	0	0	0	0	0	23	0	0	0
11bf7c828ed67ea742e93cb4c34f2cfb	0	0	0	18	0	0	0	0	0	0	0	0	0	0	0
89a5ebe0f600f279b1195e4b04a9300a	0	0	0	0	0	0	0	0	0	0	0	0	92	0	40
251f84238d9e03314faafd7aec9d8773	0	0	49	0	0	0	0	0	0	0	0	0	0	36	0
8f6c3bde7f747af07eb0f12f9808f636	0	0	0	0	0	0	23	0	0	0	0	0	0	0	0
ab33c663a33ef087bb9d2fe95db1368c	0	0	0	0	4	0	0	0	0	0	0	0	0	0	0
5f44d44ad01645920fcfbb062e9c77a6	0	0	0	0	13	0	0	0	0	0	0	0	0	0	0
572b357a08d7274b4b6a1d3fd0ace7d5	0	0	0	0	0	14	0	0	0	0	0	0	0	0	0
c896a7ad2f14737bf36a69b69559af3a	0	0	0	0	0	0	0	0	0	0	0	9	0	0	0
5952e3da678608d1def83f826c4859b2	0	0	0	0	0	0	0	0	0	0	0	0	14	0	0
a90dcc35900509cbbe51b0a8d4e0ffd9	0	0	0	0	0	6	0	0	0	0	0	0	0	0	0
7ea341197c87138d8faf418f3b67d175	0	72	0	0	0	0	0	0	0	0	0	0	0	0	0
0046b933f8766bb55c8fd21765d2dc91	0	0	0	0	76	0	0	0	109	0	0	0	0	0	117
57c9f423b6a167ea6f5460b6475f5c41	85	0	0	0	0	0	0	0	0	0	0	0	0	0	0
5a59d108054a187efb6d5262e3f97285	0	0	0	0	0	0	0	0	0	0	0	40	0	0	0
fd3c733373025b10f96378be455a0642	0	0	70	0	0	0	0	0	0	0	0	0	0	0	0
97bc56799e4d8adc399371e52c396373	0	0	0	0	0	0	133	0	0	0	0	0	0	0	0
f153e565707b79f3ff5bbccf6fe94ce3	0	0	0	0	0	0	0	0	0	116	0	0	0	0	0
2355ce9f400ba995b74c444239f2eee8	0	0	0	0	0	0	0	0	0	0	0	0	0	0	74
c94f9674589485d2538d3b580bf769aa	0	0	93	0	0	0	0	0	0	0	0	0	0	0	0
ddb452cda0b5771933090e9f744965bb	26	0	0	0	0	0	0	0	0	0	0	0	0	0	0
962680f3c466a45e3bd9e3e9b217830c	0	0	0	0	0	0	0	0	42	0	0	0	0	0	0
0c9c297377b92c7a238d5724de6a0370	0	0	0	0	43	0	0	0	0	0	0	0	0	0	0
3a788fd64965d714f7fc1107cdc197c9	0	0	0	0	0	53	0	0	0	0	0	0	0	0	0
0347c0430055f0585a0f903f4856ee83	0	0	0	0	0	0	0	0	81	0	0	0	0	59	0
6a164714504e510de5aaf8374dd34a20	56	0	0	0	0	0	0	0	0	0	0	0	0	0	0
1938216b30143489699eab9b54631bab	0	0	0	0	0	0	0	0	0	0	0	22	0	0	0
539ed58be51f083c9b13a791dd179fa6	26	0	0	0	0	0	0	0	0	0	0	0	0	0	0
7f229799b9be358a1e9597fb11f22d5d	0	0	0	21	0	0	0	0	0	0	0	0	0	0	0
b66945a53db55063018342d8098476bf	0	2	0	0	0	0	0	0	0	0	0	0	0	0	0
789fb1089c2d9cd9ac83442d51ce986d	43	0	0	0	0	0	0	0	0	0	0	0	0	0	0
97b4495d305d45f06bcad057015d51bf	0	0	0	0	0	0	0	0	0	0	0	0	0	44	0
e3a72d5ece5b13f3477aab38fe2b60ad	0	0	0	0	0	0	0	0	42	0	0	0	27	0	0
d1208d865cfbde344d7654e8a889b8a6	0	0	0	0	0	126	0	0	0	0	0	0	0	0	0
86c073b9e058bce34a998b310be2014c	0	0	0	9	0	0	0	0	0	0	0	0	0	0	0
c7b343315f1cd53ed9c6db5c3a021e75	0	0	53	0	0	0	0	0	0	0	0	0	0	0	0
809900ad6bb2b82ad96851a187081943	0	57	0	0	0	0	0	0	0	0	0	0	0	0	0
6fda2c2a672c58a8f03e1796438c60b5	0	0	0	0	0	0	70	0	0	0	0	0	0	0	0
89e954c3b187f1df9f490a10a226f136	0	0	0	0	0	0	0	0	0	0	0	0	0	0	18
b26da5357b9e0df916b68083dcadf14b	0	0	0	0	0	0	0	0	0	0	0	32	0	0	0
150dbef02323acbafd8512a82e1d28b7	0	107	0	0	0	0	38	54	0	0	0	0	0	46	0
5110a9119ffe4fdbacb5eba977566cdc	0	0	0	0	0	0	0	0	56	0	0	0	0	0	0
d214003a23b918d34cb907071d6222cc	0	0	0	0	0	0	0	0	0	0	0	0	38	0	0
77d24522abb3e234a1e9aa95e73c5156	0	0	0	0	0	136	0	0	0	0	0	0	0	0	0
5b77b77b2696fca7228e42d52016db95	0	0	0	0	0	0	0	0	0	0	0	0	0	0	91
c0bff3a1d3df21c7cb6799cea8055431	0	0	50	0	0	0	0	0	0	0	0	0	0	0	0
50d4e5dd18cc979d0c5399845691bac5	0	0	0	0	0	40	0	0	0	0	0	0	0	0	0
96c3aa4986b52b9e3b5b57fed8a898ef	0	0	0	0	0	0	0	0	0	0	37	0	0	0	0
447ddc3a8805dc482352b03e248394ee	0	0	0	0	0	0	0	0	0	0	0	0	0	0	89
9112b0b46a30fe46af956a7f83b1ae23	0	0	0	0	0	0	0	0	0	0	0	134	0	0	0
58fee38413e743d9912ce55eca9c5159	0	63	0	0	0	0	0	0	0	0	0	0	0	0	0
4057737ece7371907c9608598cb49b11	0	0	0	0	65	0	0	0	0	0	0	0	0	0	0
cdc93613c31602225c4c9fd453ef7a3e	0	0	0	0	0	0	0	63	0	0	0	0	0	0	0
7ac6d9a52985dfd2bb33a6c2184d156f	0	0	0	0	0	0	131	0	0	0	0	0	0	0	0
6a3e57212ef29a9f9b78f7abe426df24	0	0	0	0	0	0	0	0	52	0	0	0	0	0	0
f7e7545768c920423936fa6e5dd759df	0	0	41	0	0	0	0	0	0	0	0	0	0	0	0
d757f273772dcf5a3b4491e94301b409	0	0	0	0	0	0	0	0	0	0	0	0	43	0	0
5fb6adeca22bdff11fd52ab4c5b71abb	0	0	0	0	0	64	0	0	0	0	0	0	0	0	0
b5cd94714d1c943ecdc6014cde5011a1	0	0	0	0	0	31	0	0	0	0	0	0	0	0	0
a90af48ff4de1aa1a9ba657819085ea8	0	0	0	0	0	0	0	0	15	0	0	0	0	0	0
a77ceedb4736f04cf3c6290b27eeddae	0	0	0	0	0	0	0	11	0	0	0	0	0	0	0
693db689634a956053948b65fedf6534	0	0	0	0	0	0	0	0	0	80	0	0	0	0	0
befd8008e9bf4e2a6d22f9d33a77389f	0	0	0	0	17	0	0	0	0	0	0	0	0	0	0
c7e43c7618d4696ef418e76be571b4a2	0	0	0	0	0	0	0	9	0	0	0	0	0	0	0
a25d0c9b01d5180acee88aba647c2165	0	0	0	0	0	0	0	0	0	0	0	0	0	11	0
5183c5424e4896e85bf44664fc623f07	0	0	0	6	0	0	0	0	0	0	0	0	0	0	0
ebe922435a18f33247f6b65b1772d969	0	0	0	11	0	0	0	0	0	0	0	0	0	0	0
f1bd6c910023e35e33c0529a402d339b	0	0	0	0	0	0	0	0	0	0	0	0	18	0	0
6e94959e1f78e56b8e3343638e396ed3	0	0	0	3	0	0	0	0	0	0	0	0	0	0	0
dd0813f3337eb9a493ac45d93c3ca7f3	0	0	0	0	0	0	0	0	0	0	0	19	0	0	0
c93b666f8ce81762ff303fd1cb2fb0d0	0	0	0	0	0	0	0	0	0	0	0	0	8	0	0
4e0a0fa41fcb42d46342417a457a4f8e	0	0	0	0	0	0	0	0	0	0	0	0	0	16	0
237a40dd121d32fd66620e8d06e6cd47	0	0	0	0	0	0	0	0	0	0	0	0	17	0	0
8b144576986d2690dd299da51eb4dd1b	0	0	0	4	0	0	0	0	0	0	0	0	0	0	0
1d1c607b735c27e9dcec7a99dec83c4c	0	0	0	0	0	0	0	0	0	0	0	0	19	0	0
ff91db047a17b107848d84d82e3aa012	0	0	0	0	0	0	8	0	0	0	0	0	0	0	0
0d9eead5999552fb9de2e276536afd8f	0	0	0	0	6	0	0	0	0	0	0	0	0	0	0
614f1f22d96280b6fb977d4d97b8da43	0	0	0	0	0	15	0	0	0	0	0	0	0	0	0
6d3e8a150ab39102b47af65f56b80590	0	0	0	0	0	0	0	0	0	0	0	0	0	4	0
f17185dc937300935f21af604436b71e	0	0	0	21	0	0	0	0	133	0	0	0	0	0	0
803bdcc379f0a5166fa470952e3437ef	0	0	0	0	0	0	0	0	0	0	0	0	0	0	113
6852028f1abe61fa7055a2dfab9c42ad	0	0	0	0	0	0	0	121	0	0	0	0	0	0	0
3e382955c3394d18db3dff79bde8ec46	0	0	0	0	0	89	0	0	0	0	0	0	0	0	0
82eaa7a5a077bf35aedc974c74e33ca5	0	0	94	0	0	0	0	0	0	0	0	0	0	0	0
1550e90af6929639388c65d3bbf212cb	80	0	0	0	0	0	0	0	0	0	0	0	0	0	0
0642e15eaf23ec4f98e79b69772d054d	0	0	0	0	0	0	108	0	0	0	0	0	0	0	0
53fbc889a47733077b8cbe7ac3dbb87a	0	104	0	0	0	0	0	0	0	0	0	0	0	0	0
dbec25f1802a1647543a472667f7cd77	0	0	0	0	0	0	0	0	0	0	0	0	0	39	0
7955858b0121cb6cab56bf6de23eab23	0	0	0	0	0	0	5	0	0	0	0	0	0	0	0
d42d3f3a9e8913ae474776c8e1b58cac	0	0	0	9	0	0	0	0	0	0	0	0	0	0	0
1701ff957b4adb899ab858a7ed36361c	0	0	3	0	0	0	0	0	0	0	0	0	0	0	0
26a95dd23a3e01a7b5b710a9bab8b5b8	0	0	0	0	0	0	0	0	0	0	0	0	0	15	0
a292154416f3e79e33a6eef3544d7cba	0	0	0	0	0	0	4	0	0	0	0	0	0	0	0
efd65ad129663e78c2a7bfdec85ded10	0	0	0	0	0	0	0	0	0	0	0	0	0	0	15
9ae9d924d6d4770c10d5ae9969d733df	0	0	0	0	18	0	0	0	0	0	0	0	0	0	0
0dfd1bf72250d758dc9440e27944bdad	0	0	0	0	0	0	0	0	11	0	0	0	0	0	0
d7f6e4a49ffee9cb27f192d4824501db	0	0	0	0	8	0	0	0	0	0	0	0	0	0	0
41cea73b1ddf36840a96b1bcd6d1d8f7	0	0	0	0	7	0	0	0	0	0	0	0	0	0	0
4cc93015c232e25faf2d31a13733735d	0	0	0	17	0	0	0	0	0	0	0	0	0	0	0
f5c9651145ac682842344f3f413875ac	0	0	0	0	0	0	0	0	11	0	0	0	0	0	0
0079ed48ac58cf2ac3c3aa65eab4fea1	0	0	0	0	0	0	0	0	0	0	0	0	0	0	41
caa6b27e2bb0776a1f82ac56d5c3a196	0	0	0	0	0	0	0	26	0	0	0	0	0	0	0
3e198ea357c282313c89a5173f10bccc	0	0	0	0	0	0	32	0	0	0	0	46	0	0	0
2d8881abbf07f33fe2797f25c1a3c2f1	22	0	0	0	0	0	0	0	0	0	0	0	0	0	0
e91eecb79683e3769f7d4f00603a6b41	0	0	0	0	63	0	0	0	0	0	0	0	0	0	0
8f315d7481458b4af4b632ca014286ec	0	0	0	0	0	35	0	0	0	0	0	0	0	0	0
1d19fde202e9b4ef6f4b55303c2bf778	0	0	3	0	0	0	0	0	0	0	0	0	0	0	0
1c8ace8f5fe8577f8c2fbd8e2a7ecc0b	0	0	0	0	0	0	4	0	0	0	0	0	0	0	0
476b59479a61496bd0e51f5b6efe9e6f	0	0	0	0	0	0	0	0	9	0	0	0	0	0	0
30351fb2d06020d5719e3e8a321cf81a	0	0	0	0	0	0	0	17	0	0	0	0	0	0	0
c69f88a80351f99b3d8ae567e54d37bb	0	0	0	0	0	0	0	0	0	0	0	0	25	0	0
57bb617831d674bd4317e418b7983694	0	0	0	0	0	0	0	0	0	0	0	6	0	0	0
22b2cce51317343dfa598f26bb320b06	0	0	0	0	2	0	0	0	0	0	0	0	0	0	0
6d829ffeb474178534cc09c3ceda9282	0	0	0	0	9	0	0	0	0	0	0	0	0	0	0
8cd1e1b1f24faafe7da7e7f30b004d57	0	0	0	0	30	0	0	0	0	0	0	0	0	0	0
aeec73c170fbf7f66eff17fa07098dd7	0	0	0	0	0	0	0	0	0	0	0	0	0	0	28
888b351708ce1e73cd2891b0f67297a0	5	0	0	0	0	0	0	0	0	0	0	0	0	0	0
c09d8e3dde27de8df487df93b2f7ae86	0	0	0	0	0	0	0	0	0	0	0	14	0	0	0
adc49eecb299e8ae15863bcdeb497952	0	0	0	0	0	16	0	0	0	0	0	0	0	0	0
5f5556f68d037c14202cded206cf5d2f	0	0	0	0	0	0	0	0	0	0	0	0	12	0	0
942dc8494705f18bef385331f2a3a948	0	17	0	0	0	0	0	17	0	0	0	0	0	0	0
492b17e8eab2c2b706c77b87a211f36a	10	0	0	0	0	0	0	0	0	0	0	0	0	0	0
af0ca86698f5fcfff9a861a6acdcb4a1	0	0	0	0	0	27	0	0	0	0	0	0	0	19	0
feb3feacb7a921e079ecbc428a30c010	0	0	0	0	0	0	6	0	0	0	0	0	0	0	0
ee9aef40ff5e0e192c064cf91298a6d6	0	0	0	0	0	2	0	0	0	0	0	0	0	0	0
990a6125a48cc9dcfe12794632d175ff	0	0	0	0	0	0	0	70	0	0	0	0	0	0	0
a53294221bc14e8c8e5cdf4e3d7ea644	0	0	0	0	0	0	0	0	97	0	0	182	0	0	0
bffece886fc629bb5029fef0a3005653	0	0	0	0	0	6	0	0	0	0	0	0	0	0	0
4eeadc9b1a42e10ed465f46df6f1b88f	0	0	0	0	0	0	0	0	0	0	0	0	0	0	4
03c2a7467d423a15f838bb9c6cd44304	0	0	0	0	0	7	0	0	0	0	0	0	0	0	0
c1e3434baf71066ea708307861fa4ead	0	0	0	0	14	0	0	0	0	0	0	0	0	0	0
af78690ad0fe25585d17993bf30529fc	0	0	0	0	0	0	0	0	0	0	0	0	0	0	13
701ed09338ae337a2e8f8d8699ffefd4	0	0	10	0	0	0	0	0	0	0	0	0	0	0	0
be120fc10846c898a956ebe9bbc7fd88	0	0	0	0	0	0	0	0	0	0	0	0	10	0	0
be08f78d8b7d05eb60abb8426ce0ce43	0	0	0	4	0	0	0	0	0	0	0	0	0	0	0
3d2fc0a10fbab020f71b0d58d52a0737	0	0	0	0	0	0	0	0	0	0	0	23	0	0	0
9d141d6fa5516921b818c5bdb2a162b4	0	0	0	0	0	0	0	0	0	0	0	0	10	0	0
e016f812c1d02bd19f61ccc41f714bb9	0	0	11	0	0	0	0	0	0	0	0	0	0	0	0
0e3e906ccf4ad49c8ca3f53b1aefdaac	0	0	0	0	0	0	17	0	0	0	0	0	0	0	0
3d152dfb4866e63ba943b32ce28fda91	15	0	0	0	0	0	0	0	0	0	0	0	0	0	0
beb0732e3385a552eab2a570c0e7b7d4	3	0	0	0	0	0	0	0	0	0	0	0	0	0	0
6a0994bc1c087d10a9df781e2842d4a0	0	0	0	0	0	0	0	0	0	0	0	0	0	0	14
dbb230101803dfcee33cc03447ff6c4c	6	0	0	0	0	0	0	0	0	0	0	0	0	0	0
2378282c898acc5af2e44b1afb7ff03a	0	0	14	0	0	35	0	0	0	0	0	0	0	0	0
01e77b41db171fd1386fac6c8af13b6a	0	0	0	0	0	0	0	0	0	0	0	29	0	0	0
f70d87a9e485aaf96b253c3b5aea7a53	0	2	0	0	0	0	0	0	0	0	0	0	0	0	0
de8971652e721382a6bc5aec57f411d5	0	0	0	0	0	0	5	0	0	0	0	0	0	0	0
35dec50629367d12b2bf5e4c55fb83c3	6	0	0	0	0	0	0	0	0	0	0	0	0	0	0
339147a3aae4033ac5416d34687f7139	0	0	0	0	0	0	2	0	0	0	0	0	0	0	0
e8f32204049bef075f8548ccc08d4a1e	0	0	0	14	0	0	0	0	0	0	0	0	0	0	0
c62670897926cae78ce34c5981c432ee	0	7	0	0	0	0	0	0	0	0	0	0	0	0	0
7841a3aef84a04b9f105d3ef1cf0d724	0	0	0	0	0	0	0	0	0	0	0	9	0	0	0
51571c908bf677e3a929d02c0ac45f2b	0	0	0	0	0	0	0	0	0	0	0	0	0	6	0
3840b899e8e76c8d52e35692067c6222	0	0	0	0	0	0	0	0	0	0	0	0	9	0	0
2624c837204bcd981026e6f9fc546fcf	0	0	0	0	0	12	0	0	0	0	0	0	0	0	0
c377f6ee382e5369145ec6b9eeaf8b25	0	0	0	15	0	0	0	0	0	0	0	0	0	0	0
5cc7a3f376fba1888e50b6f80fa09d4d	0	0	6	0	0	0	0	0	0	0	0	0	0	0	0
55ebba1c9efe20026204086056543648	0	0	0	55	0	0	0	0	0	0	0	0	0	0	48
9d6a29cae8c609d825d486e2ed8cbdb0	0	0	0	0	0	46	0	0	0	0	0	0	0	0	0
dedb42080a88005b5625dee36749277b	0	0	0	6	0	0	0	0	0	0	0	0	0	0	0
0ae301f1a07e79e53ab140a56776e48d	0	0	0	0	0	12	0	0	0	0	0	0	0	0	0
7f004e1532de8a0e62ad5fd9b98e1308	0	0	0	0	0	0	16	0	0	0	0	0	0	0	0
d1145c5d33b015e136fa16f5bee310c1	0	0	0	17	0	0	0	0	0	0	0	0	0	0	0
7a1416f2c37c6979f9319c99b52a7018	0	0	0	0	0	0	0	0	0	0	0	0	17	0	0
de8135f3a06d3fac5682a61283254272	0	0	0	30	0	0	0	0	0	0	0	0	0	0	0
ee7fc30af9bb182a6ce31513b3ce9c9c	0	0	18	0	0	0	0	0	0	0	0	0	0	0	0
ec33f331a603a1ef62b2683e1519b96d	0	0	41	0	0	0	0	0	0	0	0	0	0	0	0
fea9143ea36182678405b335563a7944	0	0	0	0	0	88	0	0	0	0	0	0	0	0	0
5aada7e77a924c43fe9463e234eeab62	0	0	0	0	0	0	0	0	0	0	0	0	0	0	119
9a63e15e544532da8ffab707e0e919a3	0	0	0	0	0	0	0	52	0	0	0	0	0	28	0
4b607d1f9083d65a8b68a2e5e94a3169	0	0	0	26	0	0	0	0	57	0	0	0	0	0	0
6babe90c246742d6b4d01b2623b514dd	0	72	0	0	0	0	0	0	0	0	0	0	0	0	0
ece339c842c7c9ece28266cf8409eba0	0	0	0	0	0	0	0	0	0	0	0	0	64	0	0
133037c4035764e4eeac881cafc0bced	0	0	0	0	0	0	0	0	0	0	0	0	21	0	0
7ea45d759409f0c3ef3a6f776b7b8360	0	0	0	0	0	0	0	0	0	112	0	0	0	0	0
36cdb88a12ec639c6821b237a6489090	0	0	0	0	0	7	0	0	0	0	0	0	0	0	0
0ce22e05b50439544f1009aecb705663	0	0	0	0	0	0	0	0	7	0	0	0	0	0	0
3bbb69685ddba9b0fc05678cbef3184f	0	0	0	22	0	0	0	0	0	0	0	0	0	0	0
4c51e77cf4f67b7a3faf5a69b22e0310	0	0	0	0	0	0	0	7	0	0	0	0	0	0	0
cf5659cdd14edeb1abdd0b166bdcdc8c	0	0	0	13	0	0	0	0	0	0	0	0	0	0	0
db2272af3a0348e2ce93cf99b993ee90	0	0	0	0	8	0	0	0	0	0	0	0	0	0	0
6db00f6aefc80029baf55d0ccf5eaf5e	0	0	0	0	0	0	0	0	0	0	0	0	13	0	0
6eeaf1252bcb302bd36b14a2a8759d01	0	0	0	0	0	0	0	8	0	0	0	0	0	0	0
febd111e0790a694727137c65db14687	0	0	0	0	0	0	0	5	0	0	0	0	0	0	0
d76aaf245e28901c1625f842822599e7	0	0	0	0	0	0	0	0	0	0	0	0	0	9	0
e2a4b3b2ee81e77ea78e4f47d738e040	0	0	0	7	0	0	0	0	0	0	0	0	0	0	0
3781c9b158c05d37ce377fe936cee790	5	0	0	0	0	0	0	0	0	0	0	0	0	0	0
09d7c90a563b1d2603fbb278a2edf26f	0	0	4	0	0	0	0	0	0	0	0	0	0	0	0
ab41b0254fb3128d6257582bc55d3e33	0	0	0	0	0	0	0	0	0	0	0	0	0	0	49
2732d73ee8b1f4bca52b3b14236f8f3b	0	0	5	0	0	0	0	0	0	0	0	0	0	0	0
594f8f727dc539b74b714e9e1db525b7	0	0	0	20	0	0	0	0	0	0	0	0	0	0	0
86dc0c5e0c46dcbb1a8fa3350d979d29	0	0	0	0	11	0	0	0	0	0	0	0	0	0	0
8ff7bbc28eed8a29ffb12ea11d51facc	0	0	0	14	0	0	0	0	0	0	0	0	0	0	0
667d4f773ea68cf9d3bf102909538065	0	0	0	0	0	0	0	0	0	0	0	0	0	12	0
24b8910944ab9c81a2f5fdc8d7b0a5e7	0	0	0	0	0	7	0	0	0	0	0	0	0	0	0
1e405d3e41d6a9ee719f0b041130b149	0	0	0	0	0	0	0	0	0	0	0	0	0	0	31
b0592f5665814e410fe70a7ff9f35a53	0	0	0	0	0	0	0	0	0	0	0	0	77	0	0
61c7739568c34462e007b8871c9b779e	0	0	0	0	0	0	50	0	0	0	0	0	0	0	0
d191842064dd8a9717e02fedbb220e94	0	0	0	3	0	0	0	0	0	0	0	0	0	0	0
9380160037284da240c3f61cb56a777e	0	3	0	0	0	0	0	0	0	0	0	0	0	0	0
0ff1766e3ca2ec1a9f1e67c55c97df99	0	0	0	0	0	0	0	0	0	0	0	0	0	32	0
2767224e727a57e1f0967c436658e986	0	0	0	0	0	0	0	0	0	0	0	0	24	0	0
1c2845471a4bfa705f7b491a1c9e0f59	0	0	0	0	0	0	0	0	0	0	0	0	0	17	0
241636b42d6bf51e3f7ba5b2ae34d68f	0	0	0	0	0	27	0	0	0	0	0	0	0	0	0
d23dcbcd03a482f9f6d0b8b62cd7aaee	0	0	0	0	0	0	0	0	21	0	0	0	0	0	0
3274d3e66923a05f8206877eb559c5cd	0	0	0	4	0	0	0	0	0	0	0	0	0	0	0
c6c1a1e2fc8abfefccbbf8143930306b	0	0	0	0	79	0	0	0	0	0	0	0	0	0	0
d33a3bda8d05bc2a95c5f971398a7947	0	0	0	0	0	0	0	30	0	0	0	0	0	0	0
2b0f0012373b799e5f82eb7fd8eed849	0	0	0	0	0	98	0	0	0	0	0	0	48	0	0
1a6adfa6431255666f2d02c3e6436ab9	0	0	60	0	0	0	0	0	0	0	0	0	0	0	0
e37a616d5caacc9b4fb14a26efb07fd9	0	0	0	0	0	0	0	0	0	0	0	0	0	28	0
c923d894ed9a869447ca572f69918345	0	0	0	0	0	104	0	0	0	0	0	0	0	0	0
053b2a86115f27b80572906acdf05269	0	0	0	0	0	0	0	6	0	0	0	0	0	0	0
cc512a3bf48f0c12b68b10939103534c	0	10	0	0	0	0	0	0	0	0	0	0	0	0	0
c4a7b72198c57ffdc35015d0e5add9ec	0	0	0	0	29	0	0	0	0	0	0	0	0	0	0
fb5722f2701660f6b2eb3f23929c3e24	0	7	0	0	0	0	0	0	0	0	0	0	0	0	0
4019cf34d2b400f41fa245c4b266d243	0	0	0	0	0	0	0	3	0	0	0	0	0	0	0
064f7d72c0eab4dc2e1c46049a816d3d	0	0	19	0	0	0	0	0	0	0	0	0	0	0	0
94a5640016d620a6d9ba4361ee9d37cd	0	6	0	0	0	0	0	0	0	0	0	0	0	0	0
72d58c327e8cb1119250e8e4e56b07ad	0	27	0	0	0	0	0	35	0	0	0	0	0	0	0
944c24d96df5f742c2e5668a26f95542	0	0	0	0	51	0	0	0	0	0	0	0	0	0	0
24d34814567196e82e28d73afaa485f8	0	0	6	0	0	0	0	0	0	0	0	0	0	0	0
83546f47f96b59fdad13f0e54a574732	0	0	0	0	0	0	0	0	0	261	0	0	0	0	0
d2e76298e1d27e0ebdf38a0569ce6656	0	0	0	0	0	15	0	0	0	0	0	0	0	0	0
a6df17e7d0b79528901f43d64a6b054f	0	0	0	4	0	0	0	0	0	0	0	0	0	0	0
772c8fbf44293425ef3c448669535600	0	0	0	0	20	0	0	0	0	0	0	0	0	0	0
afaaf62e414e638b064884f92fada82f	0	36	0	0	0	0	0	0	0	0	0	0	0	0	0
ae0fa00990ae1fa9bac5d1dcb4b2f588	0	0	0	0	0	0	0	0	0	0	0	0	0	0	106
8658066c4c6e65a4acf5e57bcd4be12a	0	0	0	0	0	78	0	0	0	0	0	0	0	0	0
ae54c693c883d3af143c32fd9a5c5546	0	0	0	0	0	0	0	27	0	0	0	0	0	0	0
5c4e836e33ff4d725a7c978dd807b7c4	0	0	29	0	0	0	0	0	0	0	0	0	0	0	0
5e083d5ebd3618d2b57b175dec6c1218	0	0	0	0	0	0	0	0	0	0	0	5	0	0	0
724732e7839c5e964f60b3e6ea112e0a	0	0	0	0	13	0	0	0	0	0	0	0	0	0	0
63d5d190f14c366b71444ca3546c1b6f	0	0	0	0	0	0	106	0	0	0	0	0	0	0	0
4ba1d4cdee6ac62bb99698883af3fc2c	0	0	20	0	0	0	0	0	0	0	0	0	0	0	0
6ca794fe19c4195c7b3898dc457d10a4	0	0	0	0	0	0	0	0	56	0	0	0	0	0	0
27273c5d8e47ff6aabdc2c0d20a3f678	0	36	0	0	0	0	0	0	0	0	0	0	70	0	0
adba19a7ba78c0b5aba04b6c9d07a13f	0	0	0	0	0	0	0	0	0	0	0	27	0	0	0
5219f28b5a8146e04446e886d17f8667	40	0	0	0	0	0	0	0	0	0	0	0	0	0	0
313ae87421ea7355318e169e73705fbb	0	0	0	0	0	82	0	0	0	0	0	0	0	0	0
c3e0b1bbc23c97899997e4cb09a49299	0	0	0	0	0	0	0	0	0	0	0	0	16	0	0
8069f8bf8d500fe6cc601c7f60d6d0ab	0	0	0	0	0	0	0	0	0	0	0	0	0	74	0
91915e76a7b79e8e0018bc3903cf8c5e	0	0	0	0	0	0	0	0	7	0	0	0	0	0	0
28d32ead0d06611415bd39c41fe349a9	0	0	0	0	0	0	0	8	0	0	0	0	0	0	0
1f70fb20795059430acf827d35f0d5d8	0	0	0	0	0	0	0	0	0	0	0	0	28	0	0
c205299aacf974aa48d48123a14ff4f4	0	0	0	0	0	16	0	0	0	0	0	0	0	0	0
f3e0a40847f24fde966ba75d6b276c06	0	0	0	0	0	0	0	0	5	0	0	0	0	0	0
b0a912d53b25262dd76c4112a9659d4b	0	0	0	0	0	0	0	0	0	0	0	0	0	12	0
d5fb764e0216c007fa83a38d350edf64	0	0	0	0	0	0	0	10	0	0	0	0	0	0	0
60f7d02cb1d37e5b0d2812932374e5a9	0	0	16	0	0	0	0	0	0	0	0	0	0	0	0
b65961dca39fea3a8c0851342c2f2c8a	0	0	0	21	0	0	0	0	0	0	0	0	0	0	0
69e751a09f2b6a33e086d5ed45615936	0	0	7	0	0	0	0	0	0	0	0	0	0	0	0
0f1c3e419153ccda4f3b052139705c91	0	0	0	6	0	0	0	0	0	0	0	0	0	0	0
671fe561ea3bee32239f87ee75597b83	0	2	0	0	0	0	0	0	0	0	0	0	0	0	0
9c9ba2429fd1faeb6a352128ec726243	0	0	0	0	0	0	0	0	2	0	0	0	0	0	0
a59d6544a0f4264847621dad61bc6586	0	0	0	0	0	0	0	0	4	0	0	0	0	0	0
c3b38a17c1eeabc8633d93e4282f9dc2	0	0	38	0	0	0	64	0	0	0	0	0	0	0	0
f9b6248f3be5bfb01385f24c56b7ba9a	0	44	0	0	0	0	0	0	0	0	0	0	0	0	0
6d8393c501b6f59f0bb72a39c3ce423e	0	0	0	0	0	0	0	0	0	0	0	0	0	65	0
f12f132c4de36f3e02b22d9d501eec82	24	0	0	0	0	0	0	0	0	0	0	0	0	0	0
928079d96ccd809a843c616bb98294c0	0	0	0	0	0	0	0	24	48	0	0	20	0	0	0
61e25d1b5b5a6b4030e7c3c642dee3ec	0	0	0	0	10	0	0	0	0	0	0	0	0	0	0
344973e160eeca5fcd12d4bb906bf3b3	0	0	0	0	0	0	0	10	0	0	0	0	0	0	0
4f23c019fe2d0a80cf4a4ea3e7a474f7	0	0	0	0	0	0	13	0	0	0	0	0	0	0	0
723960370f5d3359c39697672829a904	0	0	0	0	0	0	0	0	0	0	0	12	0	0	0
d23c26522c4f7894196a2a0619203933	0	0	0	0	0	0	0	0	0	0	0	0	10	0	0
b05993111f45b3afaffb857aa62bbdd0	0	0	0	8	0	0	0	0	0	0	0	0	0	0	0
d0e9a027fcd09e249bbfb3e26c8df743	0	0	0	0	0	0	20	0	0	0	0	0	0	0	0
5e767999b60b58c7fd586f5e70496e4f	0	0	0	0	0	0	2	0	0	0	0	0	0	0	0
78507904c7fd74ace9ef249f252406d9	0	0	0	0	0	0	0	0	0	0	0	32	0	0	0
7e7d710136e0879bd54d0688cf61a039	0	0	0	8	0	0	0	0	0	0	0	0	0	0	0
bacbd8fba9f8be552ea3b8d757a4723d	0	0	0	0	0	0	0	0	0	0	0	0	0	10	0
2abcf66fe69ddf7103e8faf399d66c54	14	0	0	0	0	0	0	0	0	0	0	0	0	0	0
7e5051941f328741b6c949b56ab7294d	0	0	0	0	0	0	0	0	0	0	0	158	0	0	0
cc55f40e114eac00bb8f8c7d1cd36506	0	0	0	0	0	0	0	138	0	0	0	0	0	0	0
ce06c2293ace196248b26aa05b04fd29	0	0	89	0	0	0	0	0	0	0	0	0	0	0	0
8152e217bdfc7e4b0f35d03979d62344	0	0	0	0	0	0	201	0	0	0	0	0	0	0	0
268b2908affef95b1efe65886fb15fe3	0	0	0	0	0	0	0	0	0	0	0	0	39	0	0
c1d9611c0ac4dc4f9d5e18bb169ce025	0	0	0	0	0	0	0	0	0	19	0	0	0	0	0
e2d3f3021a3a36170283f081be1c4f9e	0	0	0	0	0	0	0	32	0	0	0	0	0	0	0
9e37aeba26161bce2b4fc63a45ccd95d	0	0	0	0	0	0	0	0	43	0	0	0	0	0	0
ea1776bdd21dd4f1d6fb9d3d9fb1b436	39	0	0	0	0	0	0	0	0	0	0	0	0	0	0
571ef201efdfed16734804d00b8d5ffe	0	9	0	0	0	0	0	0	0	0	0	0	0	0	0
035d171db93825b8d821b06d3d66b205	0	0	0	15	0	0	0	0	0	0	0	0	0	0	0
b79ea861dcb492f6ab269606c976f29e	0	0	0	0	41	0	0	0	0	0	0	0	0	0	0
a21defa4d95410df221cf5108710df87	0	0	0	0	0	0	0	0	0	0	0	0	0	8	0
279fa37205b88ee15827a7fa094fb36d	0	0	0	0	0	0	0	0	0	0	0	0	0	0	51
927c80cb7037ece4786e5002f457b821	0	0	31	0	0	0	0	0	0	0	0	0	0	0	0
2d277bcab78806a6b51de732e46665b4	0	0	0	0	17	0	0	0	0	0	0	0	0	0	0
54f163daba67db023aead75bb0364bc1	0	0	0	0	0	0	0	0	0	0	0	0	0	15	0
18911f5c5b9e3ef319e8d8ff0d7b42e5	0	0	0	0	0	0	0	0	0	0	0	30	0	0	0
48d85c281b0641ff2b4c04d3cb73ce6a	0	0	0	0	0	26	0	0	0	0	0	0	0	0	0
c1f3bf0bbe6ce4b0d67f48a829c6122c	0	0	0	0	0	0	0	0	0	0	0	0	233	0	0
3db4cce94e7b72073e5842f33b4cea4a	0	0	0	0	0	259	0	0	0	0	0	0	0	0	0
5c2a06f20d8076e55789f20be7ce6e32	0	0	0	0	0	0	0	0	0	0	0	0	0	0	189
ddf94483144a2f2b43838d1e9553f882	0	0	0	0	176	0	0	0	0	0	0	0	0	0	0
60d882aef2c0924c18199f9dfa223cc4	0	0	0	0	0	0	0	0	153	0	0	0	0	0	0
b3a096f617e34be93d1def2ab124dd8f	0	0	0	189	0	0	0	0	0	0	0	0	0	0	0
0f7618af6374dcefb2953be7adc9d97d	130	0	0	0	0	0	0	0	0	0	0	0	0	0	0
16a24fbe9dbb376d554ae1c339efa276	0	0	0	0	0	0	0	0	0	0	0	0	0	128	0
7abfc95751f2fef9bce01a967687089f	0	0	0	0	0	0	0	0	0	122	0	0	0	0	0
a3d3a97a176a550ec2901efd218c6735	0	0	0	0	0	0	0	0	0	0	0	0	0	19	0
c947eb2b98bb632974bfc99ac87bf617	0	0	0	0	0	0	0	0	0	57	0	0	0	0	0
59c1f57bb672a5fc0d4024947284d4d8	0	0	0	0	0	0	0	0	0	0	0	0	24	0	0
ab8f8d3a7c76c2c2195784d017d5e850	0	0	0	0	0	17	0	0	0	0	0	0	0	0	0
f582154e3335b4b12acaeb2afd42c844	0	0	27	0	0	0	0	0	0	0	0	0	0	0	0
52f65bdccfcd6e2231b139a60bcb0a2e	0	0	0	0	0	48	0	0	80	0	0	0	0	63	0
5cd81937aaccc5bcf831a8b226e9ed1b	0	0	0	0	0	0	0	0	0	0	0	0	76	0	0
4df2ae9ad2426788365c9e4a7d941029	0	0	0	51	0	0	0	0	0	0	0	0	0	0	0
102d698eb4a511921b77952dddb7c650	0	0	0	0	0	0	0	0	0	0	0	0	0	0	4
667a6ad28cbd3083cb0e9650c25e3cdc	0	0	0	0	31	0	0	0	0	0	0	0	0	0	0
f5b858101b4bbe9f6e6e336e898815bc	37	0	0	0	0	0	0	0	0	0	0	0	0	0	0
65a36b882e53432a0fa8f2824d2fd972	0	0	0	0	0	0	0	18	19	0	0	0	0	0	0
5c2d7974cf7d48111efe34f3e235b55e	0	0	22	0	0	0	0	0	0	0	0	0	0	0	0
568b1dfc3f763dcb3d1e99e89759df18	0	0	0	0	0	0	0	57	0	0	0	0	0	0	0
2ed0d4cc9f6d4d44c25c4c0964a2331e	34	0	0	0	0	0	0	0	0	0	0	0	0	0	0
bea25c6fac19a2f013ad48ba0a9e8fe3	0	0	0	0	0	0	0	0	0	0	0	0	0	0	42
98c1bbfbea8fc19d860d5a8f30c29d7c	0	0	0	0	0	29	0	0	0	0	0	0	0	0	0
309db33e1c26cdeae34cbfea33bd70a0	0	0	0	0	0	0	0	0	5	0	0	0	0	0	0
7f5f0207b67f966776de9300473003c2	0	0	0	0	0	0	0	0	0	0	0	0	0	21	0
6cb31513c47522dcfea735cbab94d5fe	0	0	0	0	0	0	0	0	0	0	0	0	22	0	0
c80300a2058ec4e89a9a14ce6f35365f	0	0	0	22	0	0	0	0	0	0	0	0	0	0	0
2c04e8d12b493bff1a1794cbe3ae4a76	0	0	0	0	0	0	0	0	0	0	0	0	0	29	0
5e6891caa59e073449ef776f7986fc53	0	0	0	7	0	0	0	0	0	0	0	0	0	0	0
eae00086b9617d07d1cf31a378a9378d	0	0	0	0	0	0	0	102	148	0	0	0	0	0	0
de399d719aef80e78b253c7fc78a65ed	168	0	0	0	0	0	0	0	0	0	0	0	0	0	0
1079e1bcc4e8d5b1e1ce679e78a9a985	0	0	0	0	0	0	0	0	0	0	0	0	0	0	131
8c46ed91f6e1b8833aa4a389d8d49d55	0	0	0	0	136	0	0	0	0	0	0	0	99	0	0
b92efaad3588d8675911d043d85bfe50	0	0	150	0	0	0	0	0	0	0	0	0	0	0	0
89711c7e0207bdb6b30558200c25fe0c	0	0	0	0	0	136	0	0	0	0	0	102	0	0	0
1d016a4b9f6db62f60e7e1603b7c002d	0	0	0	0	0	0	177	0	0	0	0	0	0	0	0
1ae06f347998c07c01a1f53c4c2fde05	0	0	0	0	7	0	0	0	0	0	0	0	0	0	0
bbe43490372bf051bf684c3263e194c3	0	0	0	0	3	0	0	0	5	0	0	0	0	0	0
06f0e0092223fac380674201d7d1eb10	6	0	0	0	0	0	0	0	0	0	0	0	0	0	0
b08ff9f8531723def8d979e447c2fa96	0	0	0	7	0	0	0	0	0	0	0	0	0	0	0
32a469d3cfafade22de323fd002d529b	0	0	100	0	28	0	0	0	0	0	0	0	0	63	85
b884b9d6710f82b744e877c4cfd9efb1	0	45	0	0	0	0	0	0	0	0	0	0	0	0	0
740eb6deb1eab8bc2bc4b4ed6b8d5370	334	0	313	0	104	554	0	294	0	0	0	229	0	177	479
b3154be345be4656b3f2929a424782fb	0	0	0	0	0	0	365	0	0	0	0	0	0	0	0
c940fbc74a9a2007ae9ee2f497959a97	131	0	100	157	44	170	0	151	0	0	0	405	0	225	219
e44a971b4b5a2c8cf5f3b1878b638d29	0	97	0	0	0	0	0	0	0	0	0	0	0	0	0
7ce8771fd9bf072c7c85372205251332	0	0	0	0	0	0	0	0	0	0	0	0	357	0	0
01189707fcfe7fed8622322c8dfc529d	0	0	0	0	0	0	165	0	0	0	0	0	0	0	0
64c851034a70b179739e1c827224c9f6	0	0	0	0	49	0	0	0	85	0	0	0	0	0	0
c581a000268f4af4d294f7ba27e26e23	0	18	0	0	0	0	0	0	0	0	0	0	0	0	0
4428424fad9e118d4a7f28def7686e61	146	0	102	49	31	112	0	67	0	0	0	121	0	84	140
856c813a36cd31c9ac8c9c44b325588e	0	67	0	0	0	0	0	0	0	0	0	0	0	0	0
4ccbbea6e7ce49d1e2ebcc580627dfd4	0	0	0	0	0	0	0	0	0	0	0	0	76	0	0
dc7203fc598fd26dba63fee8783b1add	0	0	0	0	0	0	100	0	0	0	0	0	0	0	0
5c5b91d0ea4ffa17022d8d04862aeda4	0	0	0	0	32	0	0	0	59	0	0	0	0	0	0
25fcf503f5ed764b324a77fc889c46f6	0	0	0	44	0	0	0	0	0	0	0	0	0	0	0
10f90d38be02a51919ea8cba00e80111	0	0	0	0	0	0	0	0	0	0	0	29	0	0	0
d143bf31b30f32d8686f5e3f83930617	0	0	0	0	22	0	0	0	0	0	0	0	0	0	0
b9e8d23ae938eef8dc1ea762395211da	0	0	0	0	0	0	0	0	0	28	0	0	0	0	0
cad6796ea53adb35ae48f7dc8dfc16f3	0	0	0	0	33	0	0	0	0	0	0	0	0	0	0
ca70d270b30fb2fe589ddd37a770d81c	0	0	0	0	0	0	0	0	98	0	0	0	0	0	0
3229f42919fa2f410f7d2ced3efcfc25	0	0	0	0	0	0	0	121	0	0	0	0	0	0	0
3ca2517a87771afc59c9f968f9506362	0	0	0	92	0	0	0	0	0	0	0	0	0	0	0
af9f8283155631d703cf1d684ae609fc	0	0	0	0	0	80	0	0	0	0	0	0	0	0	0
e2704021c2782427753ed8cd27e09938	0	0	0	0	0	0	0	0	0	0	0	0	0	81	0
a639556de9db38c7d1f1622b6aca4db7	34	0	0	0	0	0	0	0	0	0	0	0	0	0	0
8e866753df6f3273f36a0359c0e73354	0	0	0	0	0	0	0	0	0	0	0	0	0	0	5
ed6963f141c3ed634d4ab37072fa0e27	0	0	0	0	0	0	84	0	0	0	0	0	0	0	0
17e623ee0ac97f6f5db52527d40d0f22	0	0	0	0	0	0	0	0	0	0	0	0	0	50	0
c2e4b0832402f599a527e4f081986cc6	0	0	0	0	0	0	81	0	0	0	0	0	0	0	0
f9ae663ed28e01aaa97a8a9b4cec9ff8	0	0	0	0	0	0	0	0	0	0	0	0	0	0	25
47405cd80ea777e172addacf462a0bc0	0	0	0	0	0	0	0	0	44	0	0	0	0	0	0
ab1a938665245330c742999607eb0ec3	0	0	0	0	0	0	0	0	0	0	0	0	0	23	0
a0f14f9ede4543c0dcf38125f71365cf	0	0	0	68	0	0	0	0	0	0	0	0	0	0	0
c611214003e5b27befae14dad7554072	0	0	0	0	0	0	0	0	0	0	0	0	28	0	0
12c3e733cc2e5b483d813224b6b73dc1	0	0	0	0	0	0	0	0	0	0	0	0	74	0	0
04b3b658b479135450718bcc8d7861f4	0	0	0	0	138	0	0	0	0	0	0	0	0	0	0
769b9a3efe883c0a08f9fc22662cba83	0	0	0	0	0	0	0	0	0	0	0	46	0	0	0
464860b372fe1682aa6bb7b315f0bc83	0	0	0	0	0	0	157	0	0	0	0	0	0	0	0
6c3a865f7addfbf8a77692aebbb9afc9	119	0	0	0	0	0	0	106	0	0	0	0	0	0	0
c6858b936dbbc6f49a9992ec91e2e20e	0	0	0	102	0	0	0	0	0	0	0	0	0	0	0
d8c624647b460bb007e283544cba89a2	0	0	0	0	0	98	0	0	130	0	0	0	0	0	0
84b2e8a9efaa30e9d534fc27ca06b717	0	0	0	0	0	0	0	0	0	0	0	0	0	132	0
21d633a09492bf4a1a928e14bd980355	0	0	0	0	0	0	0	0	0	0	0	0	138	0	0
bf3fc1b15b37a823cafbeda7911f93d9	0	125	0	0	0	0	0	0	0	0	0	0	0	0	0
17eeb4f58050e2fab5153eaddbb1ad6f	24	0	0	0	0	0	0	0	0	0	0	0	0	0	0
d771d3c926a689529d707430940b2d6f	0	0	0	0	0	19	0	0	0	0	0	0	0	0	0
ff8b2b5fa65645120eeb08d9a58e55af	0	0	0	0	0	0	0	0	0	0	0	73	0	0	0
4f6c8902faed882389861222622328c3	0	0	0	0	0	0	78	0	0	0	0	0	0	0	0
e107115afc95cc3e6bb44c14b91567a9	0	0	0	0	0	41	0	0	0	0	0	0	0	0	0
60682417a09c583e850b63ee9e8b5941	0	0	0	0	0	0	0	0	0	0	0	30	0	0	0
ff6c0e69f7dc6fe7ef7e01bd05ac23b3	0	0	0	0	0	0	0	0	0	0	0	0	0	18	0
bebf2ebc5bf8ff64cb34a2bab3d4a3d3	0	21	0	0	0	0	0	0	0	0	0	0	0	0	0
840dbd4584735c6a7609ea0a9848a120	0	0	0	0	0	34	0	0	0	0	0	0	0	0	0
e25876183e492a9f8b2ee1ed754a44e9	0	0	0	0	0	13	0	0	0	0	0	0	0	0	0
841f1ef3a276225778896468ad52056f	0	0	0	0	0	23	0	0	0	0	0	0	0	0	0
efd7fc92cd8b3fdf5f97f9a999d62632	0	0	0	97	0	0	0	0	0	0	0	0	0	0	0
489ed956abe2c38b3ec4894a5563c49d	0	0	0	0	0	0	0	0	0	0	0	0	0	0	22
668f5f248251b7aa1479837db5f46aaf	0	0	0	0	0	0	0	0	0	279	0	0	0	0	0
b69ae4382bef6a2f58af214ad17df3cc	0	0	0	0	0	0	0	18	0	0	0	0	0	0	0
df82f499daf2460bce9c0bfeddc29b74	0	0	0	0	14	0	0	0	0	0	0	0	0	0	0
41030a7bc0ade536945d0ec1073ce1aa	0	0	0	0	0	0	0	0	0	0	0	28	0	0	0
6a8c5cb8f06a577a615d482c7c71eb34	0	0	0	0	0	18	0	0	0	0	0	0	0	0	0
386f934795b5e7217f1b5f0167d08f3a	0	0	0	0	0	0	0	0	0	108	0	0	0	0	0
81bf57651bb1a2794e6ca9ade976d12c	31	0	0	0	0	0	0	0	0	0	0	0	0	0	0
a0175e3e3506b85177b5bfcf8b8d0c14	0	520	0	0	0	0	440	0	0	0	0	0	0	0	0
3a4257ef795ae9927f51c1f5d8a73f2f	0	0	0	0	0	0	0	0	0	0	0	242	0	0	0
eb98741edca105a27b8066671f698065	0	0	0	0	0	0	0	278	0	0	0	0	0	0	0
b331aa8a00103d86579bd130bdf26e87	0	0	0	0	0	0	0	0	0	0	0	0	42	0	0
53c8b15d30ac42dbb684f287a006aa7b	0	0	0	0	0	18	0	0	0	0	0	0	0	0	0
9d82344d361961850e4d21466e4bbf12	0	0	0	0	0	0	0	0	0	0	0	21	0	0	0
c11a73f22c76ea6648a8586aac9cb87b	0	0	0	0	0	0	0	0	0	0	0	0	0	56	0
578fca539bcf6b44b4aafaf3772545e2	0	70	0	0	0	0	0	0	0	0	0	0	0	0	0
c6589c9be6e72b77fcad1d72c58f28fe	0	0	0	0	63	0	0	0	0	0	0	0	0	0	0
9339ddaf7d409a318a7af1628c30cd65	0	0	0	0	0	0	45	0	0	0	0	0	0	0	65
20297f39603aba155f17664f44e31680	0	0	0	0	0	0	0	26	0	0	0	0	0	0	0
5311b4ceead3eb907b79f264bf178fd5	0	0	0	0	0	0	38	18	0	0	0	0	0	0	0
dc6920bf985c2c7096d50c5ed1ef8c20	0	0	0	0	0	0	0	0	21	0	0	0	0	0	0
a18415ac0fdf06876fe8348630ff2650	0	0	8	0	0	0	0	0	0	0	0	0	0	0	0
8de4a68fde22aa33e15ea1a40490aafa	0	0	0	0	0	0	0	0	0	0	0	22	0	0	0
ab9c0f40b15017e7479d81ea50fb332a	0	0	0	0	0	0	0	0	0	0	0	0	0	11	0
9aa587e2d353147a6d59fdb70cf2514f	0	0	0	0	0	0	0	0	0	0	0	0	0	51	0
5086ff4403e5f5379a0f7ffd46da4c91	84	0	0	0	0	0	0	0	135	0	0	0	0	0	0
81b4075131b521c5bd046d9ed7759c7b	0	0	0	0	0	0	0	162	0	0	0	0	0	0	0
23667780a4076597ad6e874ea4fab660	0	0	0	0	75	0	0	0	0	0	0	0	0	0	0
ffef6aa4e56ee317c4a8d3028efd3cb2	0	0	0	12	0	0	0	0	0	0	0	0	0	0	0
d2d76567d7c88db425974cae3b82fae3	0	0	0	0	32	0	0	0	0	0	0	0	0	0	0
8851987faaa8359bfd1c420eeddd7597	0	0	0	29	0	0	0	0	0	0	0	0	0	0	0
9928b76b61d268312bfc2b25fd997b53	0	0	0	0	0	0	0	0	0	0	0	0	0	28	0
a1d2d346f9685f2dfc894c679f660979	0	0	0	10	0	0	0	0	0	0	0	0	0	0	0
26032d0f5ab12761b9d642a2d8d0a23d	0	0	0	0	0	0	12	0	0	0	0	0	0	0	0
0326129178e70dfe78ecfe48b0463f59	0	0	0	0	48	0	106	0	0	0	0	0	0	0	0
ba68e6cad448ada201450bea9c5d20ed	0	0	0	0	0	0	0	0	0	0	0	0	0	261	0
db0897661cc8b7f56c469f88c98075ca	0	0	0	0	0	0	0	0	0	0	0	71	0	0	0
73e8f2a6b2d3757e52f4876d73f97b61	0	0	0	0	0	0	0	86	0	0	0	0	0	0	0
6d44e3e0a27258d1d69f60f076cd15b5	0	0	0	0	0	0	0	0	0	0	0	0	0	8	0
bd5eef31c86e8530f69753b243a3ab81	0	0	0	0	0	0	0	0	0	0	0	36	0	0	0
134d5bc21c174f1f2ec9e33edf20ab33	0	17	0	0	0	0	0	0	0	0	0	0	0	0	0
91a9dfa124e825a8cfe4fafeb1d958e8	0	0	0	0	0	0	0	0	0	0	0	0	0	0	35
af1d082e1ed92a9c8edaf4e44f3635c4	0	0	0	0	0	0	0	12	0	0	0	0	0	0	0
09149e21da3b832eecf32e547e4343c0	0	0	0	0	0	23	0	0	0	0	0	0	0	0	0
6bfa4a5e1746bef1fb649b21e44c6fbd	0	0	0	0	0	15	0	0	0	0	0	0	0	0	0
ab833621e08e821d7fc00686434d159f	0	0	0	0	63	0	0	0	0	0	0	0	0	0	0
ff8e0ee01e78303dd7b7bd9ff4fe20f2	0	0	0	0	0	0	0	0	54	0	0	0	0	0	0
c58e3a6a2da7415489c33e06475ef3d6	14	0	0	0	0	0	0	0	0	0	0	0	0	0	0
928ffe55ddc4d5b20c0c3c1329918da7	0	0	0	0	0	0	0	94	0	0	0	93	0	0	0
364d073c954829c09e2895b9e21385f1	0	0	0	24	0	0	0	0	0	0	0	0	0	0	0
c85d0af455d8186941f1b75e6c704448	0	0	0	0	0	0	38	0	0	0	0	0	0	0	0
20986021fe23b9813569df196921b550	0	0	0	0	0	0	0	0	0	0	0	0	0	28	0
1fe55c875c403c3a5d908bf183e2b907	0	0	0	0	0	0	0	0	83	0	0	0	0	0	0
fb6be3138a0f6df917dca733345cc2be	0	0	0	0	0	0	0	0	0	0	0	0	104	0	124
7100062d200dc651aeb843a797dfc4b0	0	0	109	0	0	0	0	0	0	0	0	0	0	0	0
57151080ff26d5a496a3587404e21790	0	0	0	63	0	0	0	0	0	0	0	0	0	0	0
190e074ff892449a621851d9e38043b5	0	0	0	0	108	0	0	0	0	0	0	0	0	0	0
032fe61c136abc25e7d515f061ca3458	0	0	0	0	0	0	0	0	0	0	0	0	0	95	0
0e6817cb4290d74c8e2d6f046dda4722	0	0	0	0	0	0	156	0	0	0	0	0	0	0	0
d769e43322f5f20c6681b1894f3f5ed7	0	0	0	0	0	0	0	0	0	0	0	171	0	0	0
57c4880fc61d924995d644796ff38320	0	0	0	0	0	0	0	0	0	0	0	0	0	28	0
fc6e7e269270803fd986a4a5c7c396ac	0	0	20	0	0	0	0	0	0	0	0	73	0	0	0
f303a873a946dadc338cef81b2c89557	0	0	0	69	0	0	0	0	0	0	0	0	0	0	0
c87e8bd7b02a164573d5050d3a537712	0	0	0	0	27	0	0	0	0	0	0	0	0	0	0
175120769d09e8690a2444275ba536bb	0	0	0	0	0	0	0	0	0	0	0	0	0	17	0
b03b1e0cf1e8d51afef97f715d73b3db	0	0	0	0	0	0	13	0	0	0	0	0	0	0	0
6d2e3a83c6350adeedf47a6cb5c4887b	0	0	0	0	0	0	0	0	0	0	0	8	0	0	0
c8828d28d2b73ecdb4296c9f8f772829	0	14	0	0	0	0	0	0	0	0	0	0	0	0	0
695d6a6edeca3dfd3f05dfb2082a8afe	0	0	0	0	14	0	0	0	0	0	0	0	0	0	0
e8baab2886accfc9e1692a69691a3629	0	0	0	0	0	0	9	0	0	0	0	0	0	0	0
cc2fceae8653c98a9a66b591204bb0e2	0	0	0	0	0	0	0	0	30	0	0	0	0	0	0
4fb6c507c791bb69f00b7f4881645000	0	0	0	0	0	0	0	0	0	0	0	0	0	0	27
1ffddb138200a39e4cbe6140a747c1b6	0	0	0	0	0	0	0	0	0	0	0	0	0	43	0
afe735b177a6d5179f3a94316107e52d	0	0	0	0	0	0	0	0	0	0	0	0	81	0	0
38f4612411d90d21050b07b9101ca9d3	0	0	0	0	0	0	0	26	0	0	0	0	0	0	0
c3a9d7a1ba5c51ef7255f30191e88359	0	0	46	0	0	0	0	0	0	0	0	0	0	0	0
aceed230253fea343e57536b77c8cd1d	21	0	0	0	0	0	0	0	0	0	0	0	0	0	0
c425e0d10be34358fe0090e3034fa324	0	0	0	0	0	0	0	0	0	0	0	9	0	0	0
2021998ece61262d7e6699a8e707c488	0	0	0	0	0	0	0	0	0	0	0	0	0	0	44
d3c62411cdb0b4e493efc978bee70929	0	0	0	0	0	0	0	0	0	0	0	0	11	0	0
41a1c41a1dc140ccb702ba52bd4c7fba	0	0	0	0	0	0	0	0	0	0	0	0	20	0	0
af6beff10583207bf16fb3b0ade26175	34	0	0	0	0	0	0	0	0	0	0	0	0	0	0
6a73c9ae6f17863ecc339fbf50f40736	0	0	0	0	0	0	0	0	33	0	0	0	0	0	0
6f3ab146435dbd637f66e4a8526e805f	0	0	0	0	0	0	0	0	0	0	241	0	0	0	0
8d67b8df7c4d4a2fa6db4dfac22be88b	0	0	0	0	80	0	0	0	0	0	0	0	0	0	0
9bd91f701768acfbfe66dc8f03bdb93f	0	0	0	0	0	24	0	0	0	0	0	0	0	0	0
4ad32950d878892b43052be8249071b5	0	135	0	0	0	0	0	0	0	0	0	0	0	0	0
7c19608a32c480ae6fea8b048822edcf	0	0	0	0	0	0	0	0	0	0	79	0	0	0	0
40f82323cb5f22992344fbdaf30df208	0	0	0	0	0	0	0	0	0	0	0	0	0	53	209
73d9a6730930e814e7855e1e22edc67b	0	0	0	0	0	0	0	0	0	213	0	0	0	0	0
60a7658f21cc50cad5c1b5e94fed5ece	0	0	0	99	0	0	0	0	0	0	0	0	42	0	0
31e0ca53ae286aa08b093a351ded821e	0	0	103	0	0	0	0	0	0	0	0	0	0	0	0
c557f23647a774c04745eda23d98f14f	0	0	0	0	0	55	0	0	0	0	0	0	0	0	0
2dc0793267fa7aa7161d372c2fd859c3	0	0	0	0	0	0	0	0	0	0	0	0	0	0	27
5a01c72f9bf755ef1f3a42dd7f47bd4e	0	60	0	0	0	0	0	0	0	0	0	0	0	0	0
78c08cbbc949f4301d9871d14a9e626f	0	0	0	0	184	0	0	0	0	0	0	0	0	0	0
056a024cb9c4ead04ae6b3dee4355101	0	0	0	315	0	0	0	0	0	0	0	0	231	0	0
f9b7196057655fe49b20a211b28e4b82	118	0	0	0	0	0	0	0	0	0	0	0	0	0	0
fadfb0b331bdefd01166686a4cca3768	0	0	235	0	0	0	0	0	195	0	0	0	0	0	0
e604ef7322b6ef32962b78caa97c9b9a	0	0	0	0	0	0	0	199	0	0	0	0	0	0	0
82f91c78de47472fd2e939af9c75e5d5	0	0	0	0	0	0	114	0	0	0	0	0	0	0	0
e830996c4543e10cdac1991e972c42bd	0	0	0	0	0	0	0	0	0	0	0	0	0	221	0
2d4dc938a3ed5fe597253f7bf558c7f9	0	0	0	0	0	321	0	0	0	0	0	0	0	0	0
d504d840ede99287a7a28b40a8b2ab81	0	0	0	0	0	0	0	0	0	132	0	0	0	0	0
3bda097e5921bce4e23a07033c335744	0	0	0	0	0	0	0	0	0	0	0	0	0	0	6
44c9f59231dd703269388032da1d5a98	0	631	648	0	0	0	0	450	670	3726	0	674	0	0	0
a674c9b304caa99eab7ddeca63420f7b	0	0	0	0	347	0	0	0	0	2872	0	0	852	0	0
f0dc60bd3008a72ac42c8bacbb54baf2	0	0	0	0	0	0	0	0	0	1819	0	0	0	0	0
24034a8cc90f0328d2a27ba98b1121c6	662	0	0	0	0	0	623	0	0	2865	0	0	0	581	302
8450847620e79c41ea8d2decf14bcead	0	0	0	0	0	0	0	0	0	1505	0	0	0	0	0
914cb663fe558e29ed8b4ce2c79cd753	0	0	0	347	280	0	0	0	0	2039	0	0	0	0	255
1e4a8bb4d0ca00c2d187111cb0893f98	0	0	0	0	109	0	0	0	0	0	0	0	39	0	0
1a82b23fd588e3131f126c1b4d0ec7a3	0	0	0	0	157	0	0	0	0	0	0	0	0	0	0
ca4f910c7f8c9ee637a749f529f2a99c	48	0	0	0	0	0	0	0	0	0	0	0	0	0	0
45b55d3f8157f1b5b297f6764df720c1	0	85	0	0	0	0	0	0	0	0	0	0	0	0	0
2b3756d3afc2c5d02d04ffbdd824df93	109	0	0	0	0	0	0	0	0	0	0	0	0	0	0
ff3c39dac1947a5de5f864884b14c0e6	0	0	0	0	0	0	0	0	0	0	0	166	0	0	0
c6c28fb100fe45f14c8e369beecb0049	0	0	369	0	0	0	0	0	177	0	0	0	0	0	0
ed219ac8b6b1b55e7553e549f8c7bb93	0	0	0	0	0	530	0	0	0	0	0	0	0	325	212
5121d029bab8f82d3e4c6b4687aafb60	0	0	0	0	0	0	0	0	0	0	0	0	371	0	0
8684b5a2a464aef26413b593f1dc2fbb	0	0	0	177	0	0	0	0	0	0	0	0	0	0	0
6dbc80cc1ac86a8d8489342eed2cf874	0	0	0	0	0	0	0	127	0	0	0	0	0	0	0
3170c1d26a77a9ab9c5d41a7c9b5b358	0	0	0	0	0	0	166	0	0	0	0	0	0	0	0
71925ba56c1771b9101dbd2ec86b8994	0	0	8	0	0	0	0	0	0	0	0	0	0	0	0
b50f4e82ab088a33cdb9354f21c17db1	0	0	0	0	0	68	0	0	0	0	0	0	0	0	0
a29e447d31a13fed3d4475953e5cb95d	0	0	0	0	0	0	0	0	0	0	0	61	0	0	0
eb26749b8ecda9b231535f39631171f4	0	0	0	0	168	0	0	0	0	0	0	0	0	0	0
c0affaa8b2b5342fe86a5efa3821be69	0	0	0	230	0	0	0	0	0	0	0	0	151	0	0
fc89507cb08d32ba46fcec44049dd45e	166	0	0	0	0	0	0	0	0	0	0	0	0	0	0
d95cd350dc0832a2808d3dc68aebcadc	0	0	0	0	0	0	0	0	0	0	0	268	0	0	0
e143fb6d3031d9dbc2823b8bc01e444b	0	0	255	0	0	0	0	0	216	0	0	0	0	0	0
d86be03d39b42f67a460495ac4016759	0	0	0	0	0	124	0	0	0	0	0	0	0	107	0
c14b727fff33a8a1a963d83bc73fb116	0	0	0	0	0	0	0	277	0	0	0	0	0	0	0
2c78ec55c566d36ecaebdcc1f2f795f5	0	0	0	0	0	0	190	0	0	0	0	0	0	0	0
21fc3489bdfd76bf43f94a56a7a6671c	0	84	0	0	0	0	0	0	0	0	0	0	0	0	0
8959500506f3188c5516c0f6299b7b3e	0	0	0	0	56	0	0	0	0	0	0	0	0	0	0
40e18280b0f5f8897cf8c622ff271e01	0	0	101	0	0	0	0	0	75	0	0	0	0	0	0
ec050a935fc1c8ffea3b8340a4a05419	0	0	0	0	0	95	0	0	0	0	0	0	0	0	113
b4eb06b2432cd10d457eb42cb5801fc6	0	0	0	0	0	0	0	0	0	0	0	0	37	0	0
1c0b0dec82f54484e3dd45eb9f5260fb	0	0	0	0	0	0	159	0	0	0	0	0	0	0	0
3a63d1cbd23ce0c4c52c6f5cc4890418	0	0	0	0	0	18	0	0	0	0	0	0	0	0	0
9b41c334948aea699281018eaed0aeb9	0	6	0	0	0	0	0	0	0	0	0	0	0	0	0
086c5b6384b0bdbdda2793f2ee453e02	0	0	0	0	0	0	0	0	5	0	0	0	0	0	0
02817f83f63bbb6d2dca5d557b30b338	0	0	0	0	0	0	0	4	0	0	0	0	0	0	0
9d6409a8e8136aaada8cb55169ce01b6	0	0	0	0	0	0	0	0	0	0	0	30	0	0	0
6b9cbc294f153bf3e7469a1ee2add032	0	0	0	0	0	0	0	0	0	0	181	0	0	0	0
3b292be4c3c63d1ac45cc0cd208b4c56	0	0	0	0	11	0	0	0	0	0	0	0	0	0	0
c4c31edbabe803a53ffcd0a5faac8d8f	0	0	0	0	0	0	0	0	0	0	0	0	0	3	15
b3199f65cd09912432ba49258f674a55	0	0	0	0	0	0	0	0	0	0	0	0	26	0	0
f2937d1d3f445b93ec1d98790e7677a4	0	35	0	0	0	0	0	0	0	0	0	0	0	0	0
eb227098a23a9a43d07a8b277364b95a	0	0	0	41	0	0	0	0	0	0	0	0	33	0	0
27d5cf03f863a94a7af5814720582ce1	43	0	0	0	0	0	0	0	0	0	0	0	0	0	0
255a275ccc847090b7a1ce9078475553	0	0	0	0	0	0	0	0	39	0	0	0	0	0	0
b80a865332faa5644c1be094839ff33b	0	0	0	0	0	24	0	0	0	0	0	0	0	23	48
40c87708f23ebbe0d01b900b4477d311	0	0	0	0	0	0	0	31	0	0	0	0	0	0	0
5fc38d6b0a2149ea17e41eae133d1ac9	0	0	0	0	0	0	54	0	0	0	0	0	0	0	0
6cf7447539c09a5b09748827847255ed	0	0	0	0	0	0	0	0	0	0	77	0	0	0	0
fb68f326094ad91dfcdfc7724914a26b	0	0	0	0	0	0	0	0	0	0	426	0	0	0	0
32eca4c9c62e56da1d501370cd68e271	0	0	0	0	0	0	0	0	0	0	0	0	0	85	0
8951b318a2960984855537a1de99206f	0	0	0	0	0	0	0	0	0	0	0	42	0	0	0
c91b93177cc8c982da76b921a90bee3f	0	0	0	0	0	0	0	0	36	0	0	0	0	0	0
575a5fd8c65f2825da5de7bba5dff299	0	0	0	0	0	0	28	0	0	0	0	0	0	0	0
f749a23e153fc2fa2c13e45378be7f45	0	0	0	0	0	0	0	29	0	0	0	0	0	0	0
8a1ae34256bf89b4ffa0a82178e40ede	0	34	0	0	0	0	0	0	0	0	0	0	0	0	0
434faee2513fed83599e43b3a78105a7	0	0	0	0	0	0	0	0	0	0	0	0	35	0	0
97bc2d2e1b3240c55b5adf36465238eb	0	0	29	0	0	0	0	0	0	0	0	0	0	0	0
01d1fbc9f20e1bcb180401ef0e0f42f5	0	0	0	0	0	0	0	0	0	0	0	0	19	0	0
dbea6394a9d060f43ff32972bf5d16c8	0	0	0	0	0	0	0	0	0	0	0	50	0	0	0
d5ab99a4193a89732f6b62ffcd853ce2	0	0	0	0	0	0	0	8	0	0	0	0	0	0	0
62da550aa8ce204d7c8751ecf1e5cd90	0	0	23	0	0	0	0	0	0	0	0	0	0	0	0
1deee1092dd6b78e215c51505ed94cfc	0	0	0	0	0	0	0	0	0	0	0	0	0	8	0
5434243b107e460b1da3a877e107a42a	0	33	0	0	0	0	0	0	0	0	0	0	0	0	0
c03164d900a0229bd1dbf2876bb6563e	0	0	0	0	18	0	0	0	0	0	0	0	0	0	0
20f3f73b269a8211648c9b9a0d39a6bb	0	0	0	0	0	4	0	0	0	0	0	0	0	0	0
6566f0b68c07a42dbcd6c95321bca269	0	0	0	0	0	0	0	0	0	0	0	0	0	12	0
ea2cc8a9e8c6442ee74af91146aaf76a	0	9	0	0	0	0	0	0	0	0	0	0	0	0	0
dc092ca724b29b5a913397781ccadd11	0	0	0	0	0	0	0	0	0	0	0	55	0	0	0
78b0564e570411ec9173934f7b174091	0	0	0	0	0	0	0	0	0	0	0	24	0	0	0
f1df034e76ad5a83af9de07e68e3088f	0	0	0	5	0	0	0	0	0	0	0	0	0	0	0
66b0b7d273f8ec2fd446238cb8beade2	0	0	0	0	0	0	47	0	0	0	0	0	0	0	0
77c0cde67de30724c8266c50fdd8578b	0	0	23	0	0	0	0	0	0	0	0	0	0	0	0
6663ac33301d6c18b9e4dacd1781b73d	0	0	0	23	0	0	0	0	0	0	0	0	0	0	0
26b2e4eed1e7262fa056d04865c075be	0	0	0	0	38	0	0	0	0	0	0	0	0	0	0
4a822fbacd44761e58cc5f4dd243f22a	0	0	27	0	0	0	0	0	0	0	0	0	0	0	0
e37a0ddd6ef73439fc9a1313302fa99a	0	37	0	0	0	0	0	0	0	0	0	0	0	0	0
f656862267d27444536673ae80ba40a6	0	0	0	0	0	0	0	0	0	0	0	0	0	29	0
fcd6cd8bcc7a908ba65512844484eb87	0	0	0	0	0	62	0	0	0	0	0	0	0	0	0
14014e6a347333a4c7be9f9e498c7224	0	0	0	0	0	0	0	0	0	0	0	95	0	0	0
6042578e4af77bc928284de9f0328e55	0	0	0	0	0	0	0	0	0	0	0	0	0	0	11
7c649f3a8e1f54b537b40cd8c6f22550	0	0	0	0	0	0	0	0	0	0	0	0	0	0	16
f2892b841989e4bd7e12b358a3813b9f	0	0	0	0	0	0	0	0	0	230	0	0	0	0	0
73561d08ce7389bde4d897b7dc770a5d	0	0	0	0	0	0	0	0	0	0	0	0	0	15	0
f5da4e560ad4fa2aca118293c13f928b	0	0	0	0	0	0	0	0	0	0	0	39	0	0	0
e6abf10a7be1d9f332207b41ec7eaa99	0	0	9	0	0	0	0	0	0	0	0	0	0	0	0
62421d31c190d482c6cb39cac5318f19	0	0	0	0	0	0	0	0	0	0	0	13	0	0	0
f358e7bb6f970331c79138940c739d80	0	0	0	0	0	0	80	0	0	0	0	0	0	0	0
b715a0ec9b85db8cb63fbfe5af54863b	0	0	0	0	0	0	0	0	62	0	0	0	0	0	0
2092db5d22778eada575862132f07ee6	0	0	0	0	0	0	0	0	0	0	0	0	0	66	0
b411a421e7ecb4ba65228451cbb64977	0	0	0	0	0	0	0	0	0	0	0	53	0	0	0
2c085e7494adf1fe44c15c6a6c56bcda	0	0	0	0	0	0	0	0	0	0	0	0	88	0	0
4e8327d2ba279b163737eb0b9e2b34dc	0	0	0	0	0	0	0	0	0	0	0	0	0	0	74
0a7ce66454254f52bdf5ba7de6d3aefa	62	0	0	0	0	0	0	0	0	0	0	0	0	0	0
191fb0b93dedca6b2f23772db21dc270	0	0	0	0	0	0	0	0	0	0	0	0	0	0	16
8a2211a2c046c06b214c9c68884eb4e4	0	0	0	0	0	0	0	2	0	0	0	0	0	0	0
9aa10645e2af9350dea798c2707d0c4f	0	0	0	0	0	0	0	0	0	0	0	19	0	0	0
7e63976c5198760f3752cd5840efc4da	0	0	0	0	0	0	0	0	0	0	0	0	0	0	123
7e1976a5ba8c2348a9fab9c39293bbe1	0	0	0	0	9	0	0	0	0	0	0	0	0	0	0
db9442d96e488f170de7e27023f31302	0	0	0	0	0	0	0	0	0	0	621	0	0	0	0
3bb5f9404fe1abf1360b072919236418	0	0	0	0	22	0	0	0	0	0	0	0	0	0	0
5c5a2e206fb5ad183adf7e270536b998	0	0	0	0	0	0	0	0	0	0	0	0	0	66	0
c9fbc48e8d15f9438b4050fc75a95372	0	34	0	0	0	0	0	0	0	0	0	0	0	0	0
58f9b32a092ce76f504123714aab1757	0	0	57	0	0	0	0	0	0	0	0	0	0	0	0
3c3e86fbc36be7ad9314222470b97e7b	0	0	0	0	0	0	64	0	0	0	0	0	0	0	0
89afc1cd45a03e5c323e831ea6f75428	0	0	0	0	0	0	0	0	0	78	0	0	0	0	0
73d3c62d9ee1d618cfe8b734604994b5	0	0	0	0	0	0	0	0	0	0	0	0	0	0	36
2662ab78135de80237c034f112c01f46	0	0	0	0	0	0	40	0	0	0	0	0	0	0	0
7ac8445e81b31bdcf57efbef22271fa2	0	0	0	0	0	75	0	0	0	0	0	0	0	0	0
e0282f33ba77cb2b77bf90e7d5d38de1	0	0	0	0	0	0	0	0	0	0	0	0	40	0	0
d21ffd564e8414de60e809f51b691d60	0	0	0	0	0	0	0	0	0	0	0	0	0	0	71
e36b558aba13dbc1baf266aac6ba551b	0	0	13	0	0	0	0	0	24	0	0	0	0	0	0
a24ea75de61cc44cc54b8e62d66c953f	0	0	0	0	0	0	0	0	0	0	0	41	0	0	0
d6b9c78542e142170cfb5fd17da1b818	0	0	0	0	0	38	0	0	0	0	0	0	0	0	0
0a2fbba8f12cae66f5af2f8266ca221d	0	0	0	0	0	8	0	0	0	0	0	0	0	0	0
6aad5a794ae02f67ed322bc484c7b35a	0	0	0	13	0	0	0	0	0	0	0	0	0	0	0
660cbf490c993754d5c8c6696efd6c51	285	0	0	644	433	398	269	0	0	0	0	0	497	0	0
04120d6cbd044f0ccd5337d692ea8dc0	0	0	0	0	0	0	0	0	0	0	0	0	0	0	337
bfd2d7f27a4e030e4291a52756f0ede0	0	0	0	0	0	0	0	0	380	0	0	0	0	0	0
32aec751ae5e62ebd9065ef9153f41a3	0	0	0	0	0	0	0	0	0	0	0	0	0	14	0
78418a76aaa38642dafca36c12bc7984	0	0	0	0	0	0	0	0	0	0	0	0	0	19	0
26d2ab00a63c684a725f2ec884bbf581	0	0	0	0	0	0	0	0	0	0	0	0	36	0	0
5e2a245ecf9d314ec7eed870183ab563	0	0	0	0	0	0	21	0	0	0	0	0	0	0	0
c5d821491d7d213decbb4d77b430e62b	0	0	0	0	0	0	0	0	0	0	0	0	0	20	0
a1de5fe4f36476a98afeebacbc632d59	0	0	0	0	0	0	0	0	0	0	0	75	0	0	0
26b760f20aac380adc6dcad98eea04c1	0	0	0	0	0	0	0	0	0	0	0	0	44	0	0
754aa9b5032c6b62f8867294ea4a7ed8	0	0	0	103	0	0	0	0	0	0	0	0	0	0	0
6d87b172b2039ed95a066ede1474fd98	0	0	108	141	0	0	164	0	0	0	0	0	0	0	160
d7f86235e6eb3fe1d33af3b7cf6a7271	0	107	0	0	0	0	0	0	0	0	0	0	83	0	0
9b18791e8281fb04caa4a83f1fdc1a27	0	0	0	0	0	0	0	0	0	0	0	0	0	109	0
55baf8a53e3e944aee07b642fc5ca481	0	0	0	0	0	140	0	0	0	0	0	0	0	0	0
b61259a2739af51f5cad2967d626b890	0	0	0	0	0	0	0	0	119	0	0	0	0	0	0
fa4701b53248b332c61e5d3814f3b415	0	0	0	0	0	0	0	0	0	0	0	157	0	0	0
5bd1238773a96e82c61352f5e8e74504	0	0	0	0	0	0	0	4	0	0	0	0	0	0	0
59a03a4b9f62b406f2b5a0118f149fda	0	0	0	0	0	0	0	0	0	0	13	0	0	0	0
36e39c1e924a56618ced11d1d4db9aff	0	0	20	0	0	0	0	0	0	0	0	0	0	0	0
d440bfc6c3ff3500a9e785055812b074	0	0	58	0	0	0	0	0	0	0	0	0	0	0	0
24afc8d5a8a37c43e4042a923c68556c	29	0	0	0	0	0	0	0	0	0	0	0	0	0	0
d4555bd35b488e7ce2249f62cbee9c09	0	0	0	0	0	0	0	0	18	0	0	0	0	0	0
dd7d5562972470a31d3fb760e1008510	0	0	0	21	0	0	0	0	0	0	0	0	0	0	0
655e6bca6a9bc355a0facd5efb26683f	0	0	0	0	0	0	19	0	0	0	0	0	0	0	0
dc8512043b383c3a2a4a4fbea4236304	0	0	0	0	19	0	0	0	0	0	0	0	0	0	0
da95be765d24ebd7ed02c81fc103deb4	0	0	0	0	36	0	0	0	0	0	0	0	0	0	0
6f42703c6846d2c64234f6dfe34b8b27	0	0	0	0	0	0	0	0	0	0	0	0	30	0	0
405cc7fa77d6ecfd8301244d40692141	0	0	0	0	0	0	0	0	0	0	0	0	0	0	32
3396b36e4a6d3033ff06fcfdef6a002e	0	0	0	0	0	44	0	0	0	0	0	0	0	0	0
543266ddcd7acbbb5059b9552bbe6f72	40	36	0	0	0	0	0	0	0	0	0	0	0	0	0
1e780160c905dc8c8282fa8b648134f6	0	0	0	0	0	0	0	0	67	0	0	0	0	0	0
1c2d2613b2e0f0308de5e463d981ad5a	0	0	0	0	0	0	135	0	0	0	0	0	0	0	0
d26fe9ecc91411c1105c3f8d32ece730	0	0	0	0	0	0	0	0	0	0	0	56	0	0	0
6b98c3b00c213719608c06baf25b24d8	0	0	0	0	0	0	0	0	0	161	0	0	0	0	0
ad0f87695e8c35a8d5ef9b871c23c4b2	0	0	0	0	0	0	0	0	0	0	0	0	51	0	0
c198726413969d77dc86475bb3998f7c	0	0	0	86	0	0	0	0	0	0	0	0	0	0	0
1107cc81ae07d7a7a9938a9d6e28736a	0	0	34	0	0	0	0	0	0	0	0	0	0	0	0
3607d5e71f9a41f7ce720f0e14b0da43	0	0	0	0	0	0	0	0	0	0	0	0	21	0	0
daebee83bfa735f333e632c7f17dff24	0	0	0	0	0	0	0	0	23	0	0	0	0	0	0
e6e0f9d082ae99d89e17f8936d8066de	0	0	0	0	0	26	0	0	0	0	0	0	0	0	0
42a0e1d3ae3e28198ededf4e1a68183c	0	0	0	0	0	0	0	0	0	0	0	49	0	0	0
4e4b8b6f60877b9e850126f92f39ffbe	0	0	0	0	0	0	0	0	0	0	0	0	0	0	12
da7cc6c70785e5832221572839772e14	0	0	0	0	0	0	0	0	0	0	0	0	0	35	0
b80234c87d740c7e623ff0364fd5315a	0	0	0	0	53	0	0	0	0	0	0	0	0	0	0
5eabe13571cdd44b4728b4c8c32ce03e	0	0	0	0	0	0	0	0	0	0	0	0	36	0	0
6f5af7b4b71cf9cc191a838741e1daad	0	0	0	10	0	0	0	0	0	0	0	0	0	0	0
00ff3125ad25b8fa61e1602fad095798	0	0	0	0	0	0	0	0	0	0	0	0	35	0	0
40c0dd12625ab22309634a92f83dbd45	0	0	2	0	0	0	0	0	0	0	0	0	0	0	0
ef79e6c23bbee5576fa389589f4d6e94	0	0	0	0	0	0	0	0	0	0	0	53	0	0	0
ae379806345e14c6896a22e44fe9a748	32	0	0	0	0	0	0	0	0	0	0	0	0	0	0
8ea3b6639e21a19b5695a99e5ff45753	0	0	0	0	0	0	0	0	0	0	0	27	0	0	0
080bc0409a7792a904206ac6b21573cf	6	0	0	0	0	0	0	0	0	0	0	0	0	0	0
22c87e023fd443571df412df1eccafef	0	0	0	0	0	0	19	0	0	0	0	0	0	0	0
969ccebaec6f93798c774f02e387883e	0	0	19	0	0	0	0	0	0	0	0	0	0	0	0
1c1f314a4ba42802044aa2c1520668c1	11	0	0	0	0	0	0	0	0	0	0	0	0	0	0
5d0cc66444c8c7de383f12d691df0cf7	0	0	0	0	0	0	0	0	0	0	0	0	0	11	0
afa02211eb9d0b74245273e011b7dd0c	0	0	0	0	0	0	0	0	0	64	0	0	0	0	0
252cc72323f3e5a3657211cf0678f1c2	0	0	0	0	0	0	0	0	0	117	0	0	0	0	0
ae638040580dc091a3c655827767ba91	0	0	0	0	0	0	10	0	0	0	0	0	0	0	0
c1830172777d2334b6f8df3823cc64d7	0	0	83	0	0	0	0	0	0	0	0	58	0	0	0
d08d6da165934212f56c61c203530934	0	0	0	0	57	0	0	0	0	0	0	0	0	0	0
0adfe90bebde65a332fe91a5ff474f78	0	0	0	66	0	0	0	0	0	0	0	0	0	0	0
d8f25c3fca763563dea70158aedb2fa7	0	0	0	0	121	0	0	0	74	0	0	0	0	0	0
95c6145d0c75c73cf789cd748373822e	0	0	0	0	0	0	0	0	0	0	0	0	120	0	0
7d9b82dd581544c7eb72c8a6732e0058	0	0	0	0	0	0	0	0	0	0	0	63	0	0	0
1d37af6bc20c775598a0f4698cd5b0c4	0	0	0	0	0	0	0	44	0	0	0	0	0	0	0
75eb039674e7ad5d98c4ced517531a15	0	0	0	82	0	0	0	0	0	0	0	0	0	0	0
de5c4014cfbead687799bad5f08e1611	0	0	0	0	0	0	0	0	0	0	0	0	0	54	0
70bc9544da47bab79e91f9f4588c2e41	0	13	0	0	0	0	0	0	0	0	0	0	0	0	0
292dc23e16b97685bc9ab5d147ca8af8	0	0	0	0	23	0	0	0	0	0	0	0	0	0	0
af2ec9683e7ed6d533890a54a11c7b10	0	0	0	0	0	0	81	0	0	0	0	0	0	0	0
e5d6532a996bd41707eae749eca6c9ac	0	0	0	0	0	0	0	0	0	0	0	0	0	0	19
6bf257a5999327e34cdc85c4d7a102d9	0	0	0	0	0	0	6	0	0	0	0	0	0	0	0
899eb0b4a270cf932a872c72dd53593a	0	0	0	0	0	0	0	0	0	0	0	0	20	0	0
8672a035f26e926935d6f7ce5629ea05	0	0	0	92	0	0	0	0	0	0	0	0	0	0	0
c0aaec953537c28587efc206bec0b507	0	0	0	0	0	0	0	0	0	0	0	0	0	29	0
ab79481c13368a87f6774dea8941aefb	0	0	0	0	169	0	0	0	0	0	0	0	0	0	0
02d38aaa7972a3c6221758a72347c1fa	0	0	0	0	0	0	0	0	0	0	0	113	0	0	0
b4615de72c3d00f83d8b65708d1e2357	0	0	0	0	0	0	0	57	0	0	0	0	0	0	0
134b5dc5eacbf0c66c061f09530cf4cc	0	0	0	26	0	0	0	34	0	0	0	0	0	0	66
85943a8c09edb9393026dc73128467b5	0	0	0	0	0	0	0	0	34	0	0	0	0	0	0
28702202252656703bdaa5a25738ea11	0	0	0	0	0	0	0	0	0	0	0	0	67	0	0
7ec0533d7a807bdc04dd87179b8b2011	0	0	0	0	0	0	0	0	0	0	0	18	0	0	0
242cd48590acfae8d535f6fc0ec215bb	0	0	0	0	0	50	0	0	0	0	0	0	0	0	0
379e6d0ca14e9f1d2fabc654cc5006f4	0	0	0	0	26	0	0	0	0	0	0	0	0	0	0
70ca34c1211a8f5c653238ec519d348b	0	0	76	0	0	0	60	0	0	0	0	0	0	0	0
11f18ae163ce74acb6e9ace823504294	0	0	0	0	0	0	0	0	0	0	0	0	0	0	12
cfc747362a1a79e4e4cb531828c2a740	0	0	0	52	0	0	0	0	0	0	0	0	0	0	0
de8bd1c0e2d01d724d1987acd20846b5	0	41	0	0	0	0	0	0	0	0	0	0	0	0	0
42c4cd4ede26b07e476c27c8bd362145	0	0	0	0	0	0	0	0	0	0	0	0	0	0	80
e8c9db41c1aad4f639991affe74733b3	0	0	0	0	0	0	0	31	0	0	0	0	0	0	0
63c6aa607af5dcf33e55ee3f2ca5bade	0	0	0	0	0	0	0	0	0	0	0	29	0	0	0
0f01b60217fa195c1693d74a0919035d	52	0	0	0	0	0	0	0	0	0	0	0	0	0	0
ec156e598871171187fdf72631cafae5	0	0	0	0	0	0	0	0	0	0	0	0	32	0	0
3b40643ec421f96df4c748c5c5fed61b	0	0	0	0	0	0	0	0	98	0	0	0	0	0	0
bc24a7543c65e13d12ea1103540c7ebd	0	0	0	0	0	84	0	0	0	0	0	0	0	0	148
1b7407bd1f7813047b5a9fa2cd33d665	114	0	0	0	0	0	0	0	0	0	0	0	0	0	0
73ad423b2aee8a90fb242c5dfcbf98a8	0	0	0	0	0	0	0	0	0	0	0	0	0	15	0
d480cce27a8a0f63503650cd8ba6b334	0	6	0	0	0	0	0	0	0	0	0	0	0	0	0
ca7f3c0144c5c8d53d38a39411941530	0	0	0	0	0	0	0	0	0	0	0	36	0	0	0
87bc08a2669d65bdf20327a8b6902792	0	0	37	0	0	0	0	0	0	0	0	0	0	0	0
e0e5c57aae32581ed29fb228ea5f558c	0	0	0	0	0	0	0	0	0	0	0	39	0	0	0
a9db58a64c9a394b0f098de32bc5cebe	0	0	0	0	0	0	0	0	32	0	0	0	0	0	0
01ec975c535e6ad9d96efcbd2558630d	0	0	0	0	0	0	70	0	0	0	0	0	0	0	0
b175df6871f3d97365cf1a2768d905ec	0	72	0	0	0	0	0	0	0	0	0	0	0	0	0
0ee4539b9faf6bd5d83080e4f9491c82	0	0	0	0	0	0	0	0	0	0	0	0	65	0	0
91b8bf2359e9508108ae5cb5801ba8ec	76	0	0	0	0	0	0	0	0	0	0	0	0	0	0
15fa39cd036828650487101fe3c02616	0	0	0	0	0	0	0	0	0	0	0	0	0	96	0
17a3ee34f9fa232129128189de62f90a	0	0	0	0	0	30	0	0	0	0	0	0	0	0	0
64e71d54ce7e9704eb360dc597e8276a	0	0	0	0	12	0	0	0	0	0	0	0	0	0	0
a79c19b942d01cea2f34bbfddac9f0ba	0	0	0	0	0	45	0	0	0	0	0	0	0	0	0
c518ac085e5976c7cf9b00e5e7459ca2	0	0	0	0	0	0	0	23	0	0	0	0	0	0	0
acad0e2393377239120b39bda3148dc9	0	0	0	0	0	0	0	0	33	0	0	0	0	0	0
9e22ad102c96efe2e0044f8f00725d5f	0	0	6	0	0	0	0	0	0	0	0	0	0	0	0
f6c43f02c5428966bf2db27fed415c44	0	0	0	0	0	0	22	0	0	0	0	0	0	0	0
8de86d9f0777589ab24e40e872c8e494	0	0	0	0	0	19	0	0	0	0	0	0	0	0	0
a8e0d8ab5a9879ca30a70a54cc825637	0	0	0	0	0	0	0	0	0	0	0	0	17	0	0
4ff7f9ca89ec09dd635e4ec8960b4d3b	0	0	19	0	0	0	0	0	0	0	0	0	0	0	0
b7b2441adfc4c5093e19532b1207f30a	0	0	0	0	0	0	15	0	0	0	0	0	0	0	0
b76a2c76cb479b4e8730fb48d801a34d	0	0	0	0	0	8	0	0	0	0	0	0	0	0	0
72103672802b2119dc558f9ae19047f4	0	0	0	0	0	0	0	0	0	0	0	16	0	0	0
47032f30bf03e061932220027e66ae51	0	12	0	0	0	0	0	0	0	0	0	0	0	0	0
5e4531c4c382f648d1adcd262f217f50	0	0	0	9	0	0	0	0	0	0	0	0	0	0	0
1c337c4d73d0ebe7a573433eeca750de	0	0	0	0	0	0	0	0	0	0	0	0	0	10	0
03220499d5256641e240345225a5293c	4	0	0	0	0	0	0	0	0	0	0	0	0	0	0
ab2de166863af43c6f098c27b8fcbdd1	0	0	0	0	0	0	31	0	0	0	0	0	0	0	0
5f9124559dcde4c5f1a77d632210d80b	0	27	0	0	0	0	0	0	0	0	0	0	42	0	0
93b2be2ba05a4344d795b007525b9f87	0	0	0	0	0	0	0	0	81	0	0	0	0	0	0
0fcbbd68d7962342757ec969d07da344	0	0	0	0	0	0	0	0	0	0	0	42	0	0	0
b9de1decc48c0d98e01efec95ed19611	0	0	41	0	0	0	0	0	0	0	0	0	0	0	0
db36c6b688e348106b898ad96992e18e	0	0	0	0	0	0	0	0	0	0	0	30	0	0	0
7a520e256e7d4e6b247e75f9c95431fb	0	0	0	0	0	35	0	0	0	0	0	0	0	0	0
49174bb45e1f86f2027a5af2cc377d72	0	0	0	0	0	0	0	0	0	0	0	0	0	0	70
d5c8f6fa4b85dbcf867b51892b8f8398	0	0	0	0	65	0	0	0	0	0	0	0	0	0	0
0f6692714466816e46a357133a1291ee	61	0	0	0	0	0	0	0	0	0	0	0	0	0	0
4c96c0b2c35825e156e01d58f7c061d2	0	0	0	0	0	0	0	0	0	0	0	0	60	0	0
b2c1e03c9d4be6a3609b3cdcf0fb95fe	0	0	0	0	0	0	0	0	43	0	0	0	0	0	0
de8011ceddc4f685eea393d58604b484	0	0	0	0	0	0	98	0	0	0	0	0	0	0	0
e64698ab3c39e1a6b59658888634ace5	0	0	0	0	0	23	0	0	0	0	0	0	0	0	0
3e77d3b5892f12338a64d8bd2055ccb1	0	0	0	27	0	0	0	0	0	0	0	0	0	0	0
08bba8e73fbbd74db6f10b2f30e6ddd9	0	0	0	0	0	0	0	0	0	139	0	0	0	0	0
6f02d4e8c9a6151d7d1c3e02b700e5f3	0	0	0	0	0	0	0	21	0	0	0	0	0	0	0
7af856864f8969abe5b4c234dc90c751	0	0	0	0	11	0	0	0	0	0	0	0	0	0	0
e320d97b22b231c6746b8d367a1d3bd7	0	0	0	0	0	0	0	0	0	0	0	0	18	0	0
cd62fd54e4e315172dc836b1c6d820d5	0	0	0	0	0	0	12	0	0	0	0	0	0	0	0
a2f68f46e2940cda52db20cd4696c146	0	0	0	0	0	21	0	0	0	0	0	0	0	0	0
63f4a608d19410e383e1289dddf4f71b	0	0	0	15	0	0	0	0	0	0	0	0	0	0	0
eb46809b100f5c9278c2be9afe07664f	0	0	0	26	0	0	0	0	0	0	0	0	0	0	0
c16c45ba4c9f4d608c9a89c30704445c	0	0	0	166	0	0	0	0	0	0	0	0	0	0	0
aa77b104fbee2524a536354220b3d9b2	0	0	0	0	63	0	0	0	0	0	0	0	0	0	0
8b3f4a301ae2876833263f0391dcf00f	0	0	0	0	0	0	0	50	0	0	0	0	0	0	0
2dc3d9e0ff32ada8c8340640bc5286d4	0	0	0	0	0	0	0	0	0	0	0	0	0	0	38
d3ae63fe37bbd2190f6396f0bd9f0b2e	0	33	0	0	0	0	0	0	0	0	0	0	0	0	0
492720bb0757d319299d9fcd12abbc0b	0	0	118	0	0	0	0	0	0	0	0	0	0	0	0
42deb8a3a8ec793c18a6f6808bd1bbfd	0	0	0	0	0	0	0	0	78	0	0	0	207	0	0
eca636d9098479473e34facfd38ef207	0	0	0	0	0	0	0	0	0	0	0	0	0	0	3
df758c768e2fd1d9418115a5b7f0c8dc	0	0	0	0	0	81	0	0	0	0	0	0	0	0	0
b54e4ff1a8c5a49e71e09ee3a50d54b8	0	0	0	0	0	0	0	0	14	0	0	0	0	0	0
7d6c0fe7bc6ba107b448000e0f9b710e	0	0	0	0	0	0	0	0	0	0	0	0	11	0	0
b4218764d0f90f8282090f283568a461	0	0	0	0	0	0	0	0	0	0	0	0	10	0	0
b60809bbd38761cf13c8054161154fee	0	0	0	0	0	0	0	94	0	0	0	0	0	0	0
334f956d29465165ac90b006d3041e64	0	0	0	0	0	0	0	0	0	0	0	15	0	0	0
1c44598dd43115a188d280a516d193f7	0	0	0	0	0	0	0	0	0	0	0	0	0	27	0
0c7596ed84bab96d49403495c633f3d7	0	0	0	0	0	0	0	0	0	0	0	0	13	0	0
6ca7507358fdffbc9d05a7ff68c4ecd7	7	0	0	0	0	0	0	0	0	0	0	0	0	0	0
1f3faca2fcc24846718e7132e12f44da	0	0	0	0	0	0	0	0	0	0	19	0	0	0	0
0c95e4ba50816344e2e569f1ea13d96f	0	0	0	0	0	0	0	0	0	0	6	0	0	0	0
643fbac34af94958c04ea5905c2d64e0	0	0	0	0	0	0	0	0	0	0	323	0	0	0	0
f31931b6076fbdf1d06d84dca6d54123	0	0	0	0	0	0	31	0	0	0	788	0	0	227	0
fc99fddd139957a1cfd6f7dad6a29d8a	0	0	0	0	0	0	0	0	0	0	0	0	0	0	45
a96b84aabe6b5669735d5c4811d7d513	0	0	0	0	0	0	0	0	0	0	48	0	0	0	0
d73f36433f0e82ef0eada7f5672dd395	0	0	0	0	0	0	0	0	33	0	0	0	0	0	0
0f556aaca920fe9d7f9a8d298c3a0b75	0	0	0	0	0	0	0	0	0	0	0	0	14	0	0
913bb60b7520f76bf5c8c9d0462da251	0	0	0	0	0	0	19	0	0	0	0	0	0	0	0
0f5fb0b57a517f8cea0cc02879c36b65	0	0	0	0	0	0	0	0	0	0	0	0	30	0	0
f8bfb8eb1c27796634df80606baf081d	0	0	0	0	0	0	0	0	0	0	0	0	0	0	17
bfa1f7de4d18f196063d50d6995f1a53	0	21	0	0	0	0	0	0	0	0	0	0	0	0	0
40e4e9e88fa6f67c634283a9b0c95504	0	0	0	0	0	0	0	0	0	0	1237	0	0	275	0
5429557621ae9d6c37e2687820dab1af	0	0	0	0	0	0	0	0	0	0	6	0	0	0	0
8cd00233f6f5a1a7915c75511f9ae5ab	0	0	0	0	0	0	0	0	0	0	186	0	0	0	0
fe5c2e7e99fe57d5d05b2e482f5b753c	0	0	0	0	0	0	0	0	0	0	360	0	0	0	0
87217e015d3337175c5019d2bf069d14	0	0	0	0	0	0	0	0	0	0	226	0	0	0	0
22a47452ce19db7e853213a40d9b5d96	39	0	0	0	0	0	0	0	0	0	0	0	0	0	0
9114fa3563c701227bff89321e270471	0	0	0	0	0	0	0	0	0	0	0	3	0	0	0
23993cd31f01bc8eefcec2a6bf62ea8a	0	0	0	0	0	0	0	0	0	0	0	0	26	0	0
54d82fe61718250783d69e6d470674d5	0	0	0	0	0	18	0	0	40	0	0	0	0	0	0
94f177f3f6d6717f197e91c2db5036b0	0	0	0	0	0	0	0	35	0	0	0	0	0	0	0
221fc6a215fc3357eebb7fb73d6249b1	0	0	0	0	0	0	0	0	0	0	31	0	0	0	0
b5bf8a99b9fc2d303da95aa17162f58a	0	0	0	0	20	0	0	0	0	0	0	0	0	0	0
16f21f63cce3339c572855e697b47e2d	0	0	0	0	0	0	0	0	0	112	0	0	0	0	0
d7b8cdf37c33803f12f5eb2013dca100	16	0	0	0	0	0	0	0	0	0	0	0	0	0	0
919191337682d7d79cd90c68aa518024	0	6	0	0	0	0	0	0	0	0	0	0	0	0	0
8bebd99ca6a77f47f21eba6b5c4456cd	0	14	0	0	0	0	0	0	0	0	0	0	0	0	0
fe28966c044fe9c4f971dcd027944cc5	0	0	0	0	0	0	0	0	0	0	0	0	14	0	0
f6cc0bc9b34fcc790f3755afb2100417	0	0	0	0	0	0	64	0	0	0	0	0	0	0	0
13ad20b9819d1bdf55eec04596137605	0	0	0	0	0	0	0	29	0	0	0	0	0	0	0
169dbda79f8ed40ed2bd40a9bdc96f83	0	0	0	0	0	52	0	0	0	0	0	72	0	0	0
811793b9275989430525cd6afde76bc8	0	0	64	0	0	0	0	0	0	0	0	0	0	0	0
34849175e35e0eb512951fb4b5940692	18	0	0	0	0	0	0	0	0	0	0	0	0	0	0
3afbe687b07c15a9b23dec14f2f634de	0	0	0	28	0	0	0	0	0	0	0	0	0	0	0
6160720d2a72523e2502b2c34d9f8837	0	0	0	0	0	0	0	0	0	0	0	0	59	0	0
cbf4f92738f903bcfeabc5bf5d9c7a48	0	0	18	0	0	0	0	0	0	0	0	0	0	0	0
faaadfa7bbc6b85df5c56bce0b2f8ec1	0	0	0	0	0	0	0	0	0	0	0	0	0	0	11
abda707d10f32726dabb9a58ebc4beb5	0	0	21	0	0	0	0	0	0	0	0	0	0	0	0
ebcf2756aa8642671fd6a34174346905	0	0	0	0	0	0	0	0	0	0	0	50	0	0	0
c487b09332b9d338a19095ef85198ec0	0	47	0	0	0	0	0	0	0	0	0	0	0	0	0
7997b0f35a0bb0efb3f3d0e98f5630ce	0	0	0	0	0	0	0	109	0	0	0	0	0	0	0
7ab741a1e8c6b6bd10b253338ee0f894	0	139	0	0	0	0	0	0	0	0	0	0	99	0	0
b10652a69130b3098f665203f9868e2b	0	0	0	0	0	147	0	0	0	0	0	0	0	0	0
bbce2192474ac7fd1d8b22e895eff316	147	0	0	0	0	0	0	0	0	0	0	0	0	145	0
261f78d68a4c919593920f82c1b13e5e	0	0	112	0	0	0	0	0	0	0	0	0	0	0	0
a9a15b548bb6b872f34c52938b742a81	0	0	0	0	0	0	0	0	122	0	0	0	0	0	0
4990f8c6fc9cffa66f26fa2271168930	0	0	0	0	64	0	0	0	0	0	0	171	0	0	0
207da9bace3e231f467d025da1c55c63	0	0	0	0	0	0	127	0	0	0	0	0	0	0	0
e9e7a5e7e36a53e5f6f38785dcf760e2	0	0	0	0	0	0	0	0	0	0	0	0	0	0	67
50d6c2a8873b0a1a5ecf5c75a3f0e678	0	0	0	0	0	0	0	0	0	0	0	0	0	0	16
58410f1ef86e6cff0a5dec8959dfdc0e	0	0	0	0	0	52	0	0	30	0	0	0	0	0	0
caa53f4c40d8a8f8b8ae842827cdda6b	0	0	47	0	0	0	0	0	0	0	0	0	0	0	0
9b682705b46025197364ffe7694f31e0	0	0	0	0	0	0	0	0	0	0	0	0	67	0	0
4676602b3253d603eb76e6344e3f0a79	0	0	0	0	0	0	89	0	0	0	0	0	0	0	0
61d74446c7af71306cdd214008faeb3e	0	78	0	0	0	0	0	0	0	0	0	0	0	0	0
51de65127389f346f5d2483b947a414f	0	0	0	0	0	0	0	0	0	0	0	0	0	0	40
1d37126cc692ed16a40f720f199ae158	0	0	0	0	0	0	0	0	0	0	0	0	0	0	57
d8bae4696e2429bb9f582ca9bf1c62fe	0	0	0	0	0	0	0	63	0	0	0	0	0	0	0
8855ca590860a5f50703a3f16ee0a1db	84	0	0	0	0	0	0	0	0	0	0	0	0	0	0
006a2e573166c240a3c9daa0a5db4601	0	66	0	0	0	0	0	0	0	0	0	0	0	0	0
36afaea613ce2ef4ba95f0fe12db0ef0	0	0	73	0	0	0	0	0	0	0	0	0	0	0	0
14db867a7ee4735b07e51ffc41316f2c	0	0	0	0	0	0	0	0	89	0	0	0	0	0	0
24162cb33b14471c349b14e1a1558a4f	0	0	0	0	0	0	0	0	0	0	0	0	71	0	0
24e2ac0de16aa8230c8b2abb5a347f55	0	0	0	60	0	0	0	0	0	0	0	0	0	0	0
db14c1c1c09cbb97fb77831292551c45	0	0	0	0	0	0	0	0	0	0	0	0	0	17	0
768d1703b7194697a2bcab75ac189310	0	0	0	0	0	32	0	0	0	0	0	0	0	0	0
796232795ade418dcad7f63524c09999	45	0	0	0	0	0	0	0	0	0	0	0	0	0	0
d773c7234cea53d91c02a9e0154ac111	0	0	0	0	0	0	0	0	0	0	0	0	0	32	0
1e51bcf2ae0d20ea4e285893a76ab5fd	0	0	0	0	34	0	0	0	0	0	0	0	0	0	0
46663764711e3892b4a7c2940057d284	0	0	0	0	0	0	0	0	0	0	0	0	0	0	43
62ac8ef32c6b49426acbd43224883956	0	0	0	0	0	12	0	0	0	0	0	0	0	0	0
15c973819b976b066a8f58a203b19229	0	0	0	0	0	0	32	0	0	0	0	0	0	0	0
87b994d31c1c8e2ad2095493dac411c6	0	0	0	0	0	0	0	0	0	0	0	0	0	27	0
0a3b282cc95a26557ac2cb3ba14d83f2	38	0	0	0	0	0	0	0	0	0	0	0	0	0	0
6f8b11ef54f7728942e28ce5fe0af23c	0	0	0	0	0	0	90	0	0	0	0	0	0	0	0
68f512373caa1b2920bb4640d86b7a97	0	0	0	0	13	0	0	0	0	0	0	0	0	0	0
ae5572f811d6b4b4c8520f41605e723d	0	0	27	0	0	0	0	0	0	0	0	0	0	0	0
01ed27f4e8d70abe573a1423dd393b68	0	0	0	0	0	0	0	11	0	0	0	0	0	0	0
93d500b218bdc809ab2d909f63664374	0	0	0	0	0	0	0	0	0	0	0	54	0	0	0
fae4a55c68065497b73ab14a0e330c86	0	0	0	0	0	134	0	0	0	0	0	0	0	0	0
da2ee1c5c516d7692bb2e7f6fb7e1cec	0	50	0	0	0	0	70	0	0	0	0	0	0	0	0
5cca774f9cd6b91ef60d610a6994ef5e	0	0	0	0	0	0	0	0	0	0	0	0	0	0	91
541344b028c3d0d63b21cf234e7d01f3	0	0	0	0	0	0	0	33	52	0	0	0	0	0	0
a17925432360635f60fa262e3b337430	0	0	0	0	69	0	0	0	0	0	0	0	0	0	0
fdf71e2e7de3f952d261abb107447b08	0	0	0	0	0	0	0	0	0	0	0	0	0	38	0
e1f2347b66d431eb50d5a22d5e2dc07d	0	0	0	0	0	0	0	17	0	0	0	0	0	0	0
9a6c5b1d803edc75419ec74d89f4dc35	0	0	0	0	0	22	0	0	0	0	0	0	0	0	0
07f88d754b8b837a5fd546899e5577bc	0	0	0	0	45	0	0	0	0	0	0	0	0	0	0
7d83ff2c271818f66e48ba574b2e6db7	0	0	0	0	0	0	0	15	0	0	0	0	0	0	0
b4ac242649b42af0fe8ff6a2d0f245b8	18	0	0	0	0	0	0	0	0	0	0	0	0	0	0
ba81e028367a7d7d79da1a4670291a2b	0	0	0	7	0	0	0	0	0	0	0	0	0	0	0
085117f55824df8500d0d4497bb271af	0	0	0	0	0	0	0	0	0	0	0	35	0	0	0
672b78d70b5a5994d260f487271c83a7	0	33	0	0	0	0	0	0	0	0	0	0	0	0	0
beb2ce9e4b98ac194dfc9c064de7fd1c	0	0	0	0	0	27	0	0	0	0	0	0	0	0	0
054525f11c518a2164e6bb99e5e7130b	0	0	0	0	0	0	29	0	0	0	0	0	0	0	0
77cc2ec689f26ce1bec325b7036f7696	0	11	0	0	0	0	0	0	0	0	0	0	0	0	0
6af40950cce2da7bb6b1ab897fc82768	0	0	19	0	0	0	0	0	0	0	0	0	0	0	0
3511f95e759a78abf3bd18d2653961d8	0	0	0	0	0	0	0	0	0	0	0	21	0	0	0
bae2f588ab67a2e0864b9a5b0ad18131	0	0	0	0	0	11	0	0	0	0	0	0	0	0	0
ccf4eb5a0822620934a3da80c3c97bdd	0	0	0	0	4	0	0	0	0	0	0	0	0	0	0
ec6dda43287d94335cef2b9eefffcb4e	0	0	0	0	0	0	0	0	0	0	0	0	99	0	0
f22550a9ea0a98aabfb1017cb7ce064b	0	0	0	0	0	0	0	0	0	0	0	0	0	65	0
a9c325c3533c9169671e11a9ef2e3c43	0	0	0	0	0	0	0	65	54	0	0	0	0	0	0
b4473f392b42fa7c64beaba9257b07ee	0	42	87	0	0	0	127	0	0	0	0	0	0	0	0
879b116178d278155a2b5c52054f75e8	0	0	0	0	0	0	0	0	0	0	0	111	0	0	0
0c4f3f354c54358cc63c4f536757a02a	0	0	0	0	0	0	0	0	0	0	0	0	0	0	95
a2d51d516c8608efbddcf3e50ded8e27	0	0	0	0	0	44	0	0	0	0	0	0	0	0	0
31297aa689dcb3440352b3d0e368a932	0	0	0	0	10	0	0	0	0	0	0	0	0	0	0
bbfa6da2a986941268fe5605a7cd00f8	0	17	0	0	0	0	0	0	0	0	0	0	0	0	0
ef5dc18f7465d86dc2d582253be84b2b	0	0	0	0	0	0	0	0	0	0	0	9	0	0	0
7f0f3ab9c28c2e43325601885f14fd0e	0	0	0	0	29	0	0	0	0	0	0	0	0	0	0
cde58f29cb9496dd1088bd3378f44f50	0	0	0	0	0	0	0	0	0	0	0	0	0	18	0
e9f956327dcd2da294bf1858687da389	0	6	0	0	0	0	0	0	0	0	0	0	0	0	0
16a3c7b9ccd2255494bb905fb2dcb9a1	0	0	0	0	0	0	13	0	0	0	0	0	0	0	0
afcb3b38d7e1318ce1874d4f6cbdac1a	0	0	0	0	0	0	0	0	0	0	0	72	0	0	0
82d901c4dc30452e147ea3cd4db254cb	0	0	0	0	0	0	0	0	0	0	0	23	0	0	0
3ba42ff3ed0ea108952cc4aa15a5ea3e	44	0	0	0	0	0	0	0	0	0	0	0	0	0	0
dd8df17dbe124bcbb7ac65ea71b4017e	0	0	0	0	0	0	0	0	0	0	0	35	0	0	0
acfac59eebee997e40fe3441e5d6d0d4	0	0	0	0	68	0	0	0	0	0	0	0	0	0	0
dfa5206de9cfaec518c7156e0bb78ffa	0	0	0	0	0	0	0	29	0	0	0	0	0	0	0
0a392250e75bc20db92654f31ee581e7	0	0	74	0	0	0	0	0	0	0	0	0	0	0	0
cdd4d713dc1641d20c35c5f86030cfcc	0	0	0	82	0	0	0	0	0	0	0	0	0	0	0
57f95dd33c168629569c52a54c21624a	0	0	0	20	0	0	0	0	0	0	0	0	0	0	0
78be86409529ca9788041ecffa069737	0	0	0	0	0	0	0	0	38	0	0	0	0	0	36
6a5376610ebf9d6cd794dced73453e30	0	10	0	0	0	0	0	0	0	0	0	0	0	0	0
96523f5787c01e890c689df539e6ac75	0	0	0	0	0	66	0	0	0	0	0	0	0	0	0
1ee7788149105eafccc72c0b827b0b3b	0	0	0	0	0	0	53	0	0	0	0	0	0	0	0
fa6acf3ad97b434aba816e8cb340cae9	41	0	0	0	0	0	0	0	0	0	0	0	0	0	0
29379f4cd3867b590161d0d336504017	0	9	0	0	0	0	0	0	0	0	0	0	0	0	0
85a142a48a9bc6e2791f599d34b71964	0	0	0	0	0	0	14	0	0	0	0	0	0	0	0
73d378a538f859fa6bed285324063932	0	0	0	0	0	0	0	0	0	0	0	0	0	0	68
652081b71c37164e48ef16a5189288c6	0	0	0	19	0	0	0	0	0	0	0	0	0	0	0
b9e343cdc292998249c24408a047af0d	0	46	0	0	0	0	0	0	0	0	0	0	0	0	0
a5d47158ae5fe6ce2fde5f6d94489db0	0	0	0	0	0	0	0	0	66	0	0	0	0	0	0
61f240645846e07f31602a507d8fee64	0	0	0	0	0	0	81	0	0	0	0	0	0	0	0
21e035ef31bd07567fb0d712b7b73ca5	0	0	0	0	49	0	0	0	0	0	0	0	0	0	0
0640e0e8a719c5b1d8f02584116bbb62	0	0	0	0	0	0	0	43	0	0	0	0	0	0	0
9f71e3b43c1bda3cc01a45146feec63e	0	0	0	0	0	0	0	0	0	0	0	0	0	54	0
383cb3556aead801d69a0633e927aadd	0	0	18	0	0	0	0	0	0	0	0	0	0	0	0
69b5a92aee23fb7efdb6625eaf6c775d	0	0	0	27	0	0	0	0	0	0	0	0	0	0	0
fb06db283308bfc1fe259181fa8c5434	0	0	0	0	0	0	0	0	0	283	0	0	0	0	0
e9bc6cc2038c5cc849cfde80c37c0a0c	0	0	0	0	0	0	0	0	0	0	0	0	0	56	0
333c5ed94b4d1dc39a05917dccf22dbb	0	0	0	0	0	0	0	0	28	0	0	0	0	0	0
24ba8caa14f0a5b4a42febb574b1cd08	0	0	0	0	0	0	0	0	0	0	0	0	37	0	0
f26c1d424d9b89fbbd6bb10ce7b848e5	0	0	0	0	6	0	0	0	0	0	0	0	0	0	0
2b36a073386d7793c0ae7c5cc99890e2	20	0	0	0	0	0	0	0	0	0	0	0	0	0	0
5ba929dacdb4dc7dc8ee22e666503ef7	0	0	0	0	0	0	0	0	0	0	0	0	0	0	58
122100aaac7a4b2783fc53181ac47991	0	0	0	0	0	0	0	0	0	0	0	0	0	15	0
1be94e920eb60ddf1158e08e52c01cbc	0	0	0	0	0	0	36	0	0	0	0	0	0	0	0
a5690a13ff944b17ad85a868b4738833	0	0	0	0	0	0	0	0	0	0	0	0	22	0	0
c6b05bdaeed94a7f3957d32258a43301	0	0	0	0	0	0	0	0	0	0	0	0	0	0	3
0257f7829695331e4dd444e1b4bba34d	0	0	0	0	0	0	58	0	0	0	0	0	0	0	0
e6dd4a877a7580d8091c51e93d5bac06	0	0	0	0	111	0	0	0	0	0	0	0	0	0	0
ee4e37a74e1888ae15d44eb3a60d211f	0	0	0	0	0	0	0	0	0	0	0	0	0	39	0
229b0dd12cd8a161af9f56356f050798	0	0	0	0	0	0	0	0	0	0	0	0	20	0	0
0c3b6bcbc53339166405c11daa5b69bc	0	0	0	0	0	0	137	0	0	0	0	0	0	238	0
ad692fa48aa313646a64c95b1a1cc3e1	0	148	0	0	0	0	0	0	0	0	0	0	0	0	0
8c5065939223a994c422da96fef05db6	0	0	0	0	0	174	0	0	0	0	0	0	0	0	0
6dfd8f0e75b42bcc8cef32c24be7efb1	109	0	0	0	0	0	0	0	0	0	0	173	0	0	0
0a0c5d70e990516406346cffa61140d8	0	0	0	0	0	0	0	0	219	0	0	0	0	0	0
8587b53ce8e26476e841866061c7e030	0	0	0	0	0	0	0	184	0	0	0	0	0	0	0
af7fece77da0c6ff7ce1c67e4434cb3a	0	0	0	0	147	0	0	0	0	0	0	0	0	0	0
ade05a24839d7253ec08783da4f11364	0	0	114	0	0	0	0	0	0	0	0	0	0	0	0
b56892d744334019cfd4698a7119ab25	0	0	0	64	0	0	0	0	0	0	0	0	0	0	0
c81d07ccb27ee78093be20db87119db5	0	0	0	0	0	0	0	0	0	0	0	0	0	0	141
24974a8eabb5f935b1999cbd631a4888	0	0	0	0	0	0	76	0	0	0	0	0	0	0	0
70717684e7c936c127fd4968c01c7e5e	0	0	78	0	0	0	0	0	0	0	0	0	0	0	0
f97668d6cad20061293b0755d230aa8b	24	0	0	0	0	0	0	0	0	0	0	0	0	0	0
57bd6ba90941273d64069058af83aaac	0	66	0	0	0	0	0	0	0	0	0	0	0	0	0
29da449e116171c49469a88825620f65	0	0	0	0	0	0	0	0	0	0	0	0	0	0	54
a2ad766931dbc9901210776d70f9af07	0	0	0	9	0	0	0	0	0	0	0	0	0	0	0
d5891b309f7563d47d271779416690d1	0	0	0	0	0	16	0	0	0	0	0	0	0	0	0
c26c7b88a926c155911d230b252f91dd	0	0	0	0	0	0	0	0	0	0	0	13	0	0	0
ddee3c1b7d79dfc74b4d86d2154c6e27	0	0	0	0	0	0	0	0	52	0	0	0	0	0	0
98532f4ae0879d0aef6a28c5e7719994	0	0	0	0	0	0	0	0	0	0	0	0	42	0	0
8028d6e0df96405642f46055636d673d	0	0	0	0	0	0	0	45	0	0	0	0	0	0	0
bc5b0ea9a3fceb16d5870ad00f55ea83	0	0	0	0	41	0	0	0	0	0	0	0	0	0	0
483a8ecd260398ebdaf945de30c2761e	0	0	0	0	0	30	0	0	0	0	0	0	0	0	0
e0b79da3d793146db281bd425ae5e26c	0	0	0	0	0	0	0	0	0	0	0	0	0	14	0
bd62dfeb2cd865d691ba075316fafcee	0	0	0	0	0	0	135	0	0	0	0	0	0	0	0
b62739d7c8b29acbe4e43e8de359e04d	0	0	0	0	142	0	0	82	84	0	0	0	0	0	0
9bd9b693320bc98085cc9d8f0793dd7f	0	0	0	0	0	0	0	0	0	0	0	0	0	0	104
3e1148adf63640ad72d1d22afa49421a	3	0	0	0	0	0	0	0	0	0	0	0	0	0	0
09a28a8f552998a24f60c256416a05fd	0	0	0	0	0	24	0	0	0	0	0	0	0	0	0
7d7fe3d00091855d4b638d6be7da50fa	0	0	0	0	0	11	0	0	0	0	0	0	0	0	0
437004835a41ed1ba33969308f8e6033	0	0	0	0	0	0	0	0	0	0	0	0	0	0	36
a0911192815341634d27c5bd69c3adab	0	0	0	0	0	0	0	0	0	0	0	0	0	12	0
1400731aee38afa246720740d3ae921b	0	0	0	10	0	0	0	0	0	0	0	0	0	0	0
36d4c212da9c9f0880d582cef5f00f61	0	0	0	0	0	0	0	0	0	0	0	0	0	34	0
19f01821a2ba033a10c65fdc501d5938	0	0	0	0	0	14	0	0	0	0	0	0	0	0	0
e0154e9076f9802d30c22d1d2769fb15	0	0	0	0	0	0	0	0	0	0	0	0	0	0	57
a114166d8a060cf0601c3aeeb1cc7d32	0	48	0	0	0	0	0	0	0	0	0	0	0	0	0
3b2cd4d49eaab437d71ed9032424f03e	0	0	0	0	9	0	0	0	0	0	0	0	0	0	0
966f5346a4df5f8e8e604eaf8b681e64	0	0	0	0	0	0	0	0	0	21	0	0	0	0	0
ef690cf0ac5807c97beae0958f3706d4	0	0	0	0	0	19	0	0	0	0	0	0	0	0	0
b06163bd0319ee3644e1546fa4e88749	0	0	0	0	0	7	0	0	0	0	0	0	0	0	0
82a9bdec4272fa67e61bcd4a416cec58	0	0	0	0	0	0	0	11	0	0	0	0	0	0	0
c74eff7d188813660f4b5bfe6c6ec3a3	0	0	0	0	0	0	0	0	0	0	0	0	13	0	0
d1b0d80d714b4fc569382cad297e6dbd	0	0	0	0	0	0	0	0	0	0	0	0	17	0	0
f2c3b56d92ce173bde5ec2af3545e092	0	0	0	0	0	10	0	0	0	0	0	0	0	0	0
f1e19328f199c832601d66ec8be71abe	0	0	0	0	0	0	0	0	0	119	0	0	0	0	0
ce0eaf5593c0fe278f1ebc5c244636a0	0	0	0	0	0	0	0	0	0	0	0	0	0	18	0
94d867a1d0534797388af8769af1c3cf	0	0	0	0	0	0	0	0	0	0	0	0	0	58	0
ae3b9dfc5a625542a0650fa1dc71c088	0	0	0	0	0	12	0	0	0	0	0	0	0	0	0
bd272ed4450808d663312ff032a6dee7	0	0	0	8	0	0	0	0	0	0	0	0	0	0	0
3e72bd64a88edfa68a34e1697e3b4453	0	0	12	0	0	0	0	0	0	0	0	0	0	0	0
e34c5c41e4461e738b423d40e838ba38	8	0	0	0	0	0	0	0	0	0	0	0	0	0	0
87ec2d255b15d97e0aef7e843b09d1e7	0	0	0	8	0	0	0	0	0	0	0	0	0	0	0
31d22820f75e4ea52a236e6665f7dc0a	0	24	0	0	0	0	0	0	0	0	0	0	0	0	0
3ce0b4b7c59f326f61f67b7c1d133634	0	0	52	0	0	0	0	31	0	0	0	0	0	0	0
2eb4453d197ca0ed76fd492517fa95df	0	0	0	0	49	0	0	0	0	0	0	0	0	0	0
ba1f8d996cb2cda14758416f6ee9d563	0	0	0	0	0	0	0	0	0	0	0	51	0	0	0
612449f613d96481b90f2ae0e8031565	0	0	0	0	0	0	0	0	0	0	0	0	0	0	45
ad8fb30847929bc8a0060d006c3a8218	0	0	0	0	0	0	0	0	28	0	0	0	0	0	0
4bf600480e9193bbda406d46a4b3f49c	0	0	0	0	0	0	0	15	0	0	0	0	0	0	0
242de3e879697c8633a484ce7c8703dd	0	0	0	0	50	0	0	0	0	0	0	0	0	0	0
349f219a5c8fd38bb79767a43fe0e17d	0	0	0	0	33	0	0	0	0	0	0	0	0	0	0
007e46e132b5cc0d59642fd756313045	2	0	0	0	0	0	0	0	0	0	0	0	0	0	0
f0e110ed22579d3218026375c6e94c76	0	0	0	0	0	0	0	0	0	0	0	9	0	0	0
dfa2741390c4d23f2e6e2a09fd84caea	0	13	0	0	0	0	0	0	0	0	0	0	0	0	0
3bd5ca89c3ce08b3ca23b63d5d2d606d	0	0	0	0	0	0	0	0	8	0	0	0	0	0	0
f8c28cb537a76f0fa4f28b60bf5239fb	0	0	0	0	0	0	0	7	0	0	0	0	0	0	0
11ae3154147d8ebf76dd1a8bf39448e7	0	0	0	0	0	0	0	0	0	0	0	0	0	18	0
dfffe31fc026e2c164d6e6ef2dbc8608	0	0	0	0	0	0	0	0	0	0	0	0	0	60	0
eaccf1d4b4556e003366225adce5d5ef	0	0	69	0	0	0	0	0	0	0	0	0	34	0	0
1d24f1062eb4c7a3998e6763b9ac75fa	0	0	0	31	0	0	0	0	0	0	0	0	0	0	0
a934266a2cd3f1991ea4e22db878908a	0	0	0	0	0	0	66	0	0	0	0	0	0	0	0
db15471b51c324ab0ca0c20f0d3d71a2	0	0	0	0	0	0	0	0	0	0	0	79	0	0	0
855c399f935824c271533e1f4935849e	0	0	0	0	0	4	0	0	0	0	0	0	0	0	0
ca68ea2186e6711c2d91218493f69775	0	0	0	0	0	0	0	0	0	0	0	0	11	0	0
45740f0bf677868bd005458d6252a59f	0	0	0	0	0	0	0	0	0	0	0	0	0	18	0
13db478c2ea3f35e77aab00dcadaad5d	0	0	0	0	0	0	0	0	0	0	0	0	0	10	0
6dd06003d15f92982aaf61ff6d157966	0	11	0	0	0	0	0	0	0	0	0	0	0	0	0
6b78d9731c4c3c5573799bee13c91c7f	0	0	0	0	0	38	0	0	26	0	0	0	0	0	0
32f4ef52f3921578145d0015cd2a0527	0	3	0	0	0	0	0	0	0	0	0	0	0	0	0
7a73c8ea26832143a84daff088308413	0	0	0	0	0	0	0	0	0	0	0	0	0	0	35
b9f05d42e58aa5b1597e5a6ccfc8e7e2	0	0	0	0	0	0	0	0	0	0	0	0	0	0	23
15853456cbda3dd9e769ba00ae4a0803	0	0	0	21	0	0	0	0	0	0	0	0	0	0	0
7f3654c25f1d8b9c9d20c8cbb5b91b2d	0	5	0	0	0	0	0	0	0	0	0	0	0	0	0
50663d04263319800e62c78638b7e0ef	0	0	5	0	0	0	0	0	0	0	0	0	0	0	0
1d47c7c9d088b40c30cc546b6364027f	0	0	0	18	0	0	0	0	0	0	0	0	17	0	0
d312fcbe34f008bf00b1a5c5a48c3605	0	0	70	0	0	0	0	0	0	0	0	0	0	0	107
6ab77eab8297a92767bc1e046fff3c1f	0	0	0	0	0	0	113	0	0	0	0	0	0	0	0
77a5797deed19f6e6b7dc0bbf424d215	0	0	0	54	0	0	0	0	0	0	0	0	0	0	0
2a724759bedbccaac9ef4ff860a1a965	0	0	0	0	0	0	0	51	0	0	0	0	0	47	0
8789b6766de02ddbeba33fb8a8001e3e	0	0	0	0	0	0	0	0	85	0	0	0	0	0	0
5e4dbf6bc4a04a924c3208e562ba7899	78	31	0	0	0	0	0	0	0	0	0	0	0	0	0
de9d2159e33b46265b655122ec807745	0	0	0	0	0	0	0	0	0	0	0	64	0	0	0
d2ad25140269c97443d286d386480d75	0	0	0	0	54	0	0	0	0	0	0	0	0	0	0
354b75eb4fe44ef5bb6d9a37b3c9f53b	0	0	0	0	0	0	0	0	0	0	144	0	0	0	0
71ba1e7d9d6671ac5d5de94842c2c6e0	0	0	0	0	0	7	0	0	0	0	0	0	0	0	0
bb64df1b4c2be7d51b146c7a5e97e717	0	0	0	0	0	0	0	5	0	0	0	0	0	0	0
8673590f69b3314a9f0fd0aeb75a8192	0	0	0	0	0	0	0	0	0	0	0	0	8	0	0
58246835483ebe88d228d5134f855f22	0	0	0	0	0	0	0	6	8	0	0	0	0	0	0
55094c2c0be153935ff6c5de7666aa34	0	0	0	0	0	0	0	4	0	0	0	0	0	0	0
fc61c8b03d1ba80e867b5460244093a2	0	0	0	0	0	0	0	0	0	0	0	0	0	11	0
7b9b58077a3ca4795f713e70976f9947	0	0	0	0	0	0	0	19	0	0	0	0	0	0	0
b3b3d05afd6dc1344e81e3dd3a2ef1c4	0	0	0	0	0	0	0	0	6	0	0	0	0	0	0
86d150a1b2449ed87b17478f4334b12c	0	2	0	0	0	0	0	0	0	0	0	0	0	0	0
01a2515cdc276ddb89a353da8b861da4	0	0	0	0	0	0	0	0	0	0	0	0	5	0	0
917a2954a95672bffbbb8f83169edd79	0	0	0	0	0	0	0	9	0	0	0	0	0	0	0
d2cc87d35842358f0c8034f7a53b3f41	0	0	0	0	0	0	0	0	0	0	0	0	0	19	0
e955dc641b428ae2b9f98f5e0c31bf18	0	0	0	0	31	0	0	0	0	0	0	0	0	0	0
84c0cc9553fc34d7f696961ef59a322e	0	0	0	20	0	0	0	0	0	0	0	0	0	0	0
5ec74a1d5a6d1981c684d5e623bb5f49	0	0	0	0	0	10	0	0	0	0	0	0	0	0	0
a92dfd61921d63d1449b4838759b8e61	0	0	0	5	0	0	0	0	0	0	0	0	0	0	0
e7142600fab1e8cfdf90015ff0870f1a	0	0	2	0	0	0	0	0	0	0	0	0	0	0	0
1736fa5cf9bea2cec180bb5304c1e6fe	0	0	0	0	0	0	0	0	0	0	49	0	0	0	0
52d82add4f305128147a2d37ff50668d	0	0	0	12	0	0	0	0	0	0	0	0	0	0	0
18a83d2a697086c6645af44be75f898d	0	0	0	0	0	0	0	40	0	0	0	0	0	0	0
c7d907d6bad15dcc555ba91b4297d656	0	0	0	0	0	0	0	0	68	0	0	0	0	0	40
551862071478dc06b5e45e94740198e2	57	0	0	0	0	0	0	0	0	0	0	0	0	0	0
26d94bb53a001d4f8afb52a09db4d292	0	0	0	0	0	0	10	0	0	0	0	0	0	0	0
4f3681655d69c5324ec712b8de89d763	0	0	0	0	0	0	0	0	0	0	0	0	10	0	0
feb54fe22fb21cd36281e9f2fd0eaff1	0	0	0	0	0	0	0	0	0	0	0	37	0	0	0
3ffaf9e678fa074f14591b447bf79e49	0	0	0	0	0	0	0	0	0	0	35	0	0	0	0
07f2f1f0eb42ab1ee9b2befeb657690f	0	0	0	0	36	0	0	0	0	0	0	0	0	0	0
de8c1fc68f644149f16ee7d33c730e2e	0	0	0	0	0	0	0	0	0	0	0	0	20	0	0
eaaedc928eb811c15d8f5c46989724f2	0	0	0	17	0	0	0	0	0	0	0	0	0	0	0
2186635b0b0380e351964090bbf356de	0	0	41	0	0	0	0	0	0	0	0	0	0	0	0
90464f3956019f72d5013d236c0ad1a5	0	0	0	0	0	0	0	54	0	0	0	0	0	0	0
463eabc2f78cb20c32a5d9c74c8d5bc1	30	0	0	0	0	0	0	0	0	0	0	0	0	0	0
71b890abd19d8b29d1de24d1cf2b389b	0	0	0	0	0	0	0	0	0	0	0	22	0	0	0
355d145790b26fa30b07322df953ab86	0	0	19	0	0	0	0	0	0	0	0	0	0	0	0
3156dde25813c8d005f762b7353e0b42	0	0	0	0	0	0	0	0	0	0	0	0	35	0	0
e70119066c3f5a2e1c64c57512ec0b28	0	0	0	0	0	0	12	0	0	0	0	0	0	0	0
b6b32a5005b00900de5c0d19255930aa	0	0	0	0	0	56	0	0	0	0	0	0	0	0	0
f6d0a52870d50455fd6000e307f9cbb8	0	25	0	0	0	0	0	0	0	0	0	0	0	0	0
d0815cf997be848124c2d930fb830e70	54	0	0	0	0	0	0	0	0	0	0	0	0	0	0
ec93f5f8ea9479350031155af2972528	0	0	0	0	0	0	0	0	33	0	0	0	0	0	0
1b8d8b73a63d7bf4cf5dd83f69d4482a	0	0	0	0	0	0	47	0	0	0	0	25	0	0	0
b751232b3546ed6f3350588e705c7b28	0	0	0	0	0	0	0	32	0	0	0	0	0	0	0
6db77af2a404ca134c3a8a7839fa3a7b	0	0	0	0	0	41	0	0	0	0	0	0	0	0	0
d3f9f555093aba04050cf72f23e7ed04	0	0	0	47	0	0	0	0	0	0	0	0	0	0	0
b0628b805ba60b6bb21f6c4823e1f5fd	0	0	60	0	0	0	0	0	0	0	0	0	0	0	0
2d00daa55ac12a8620dbca013f57aa00	37	0	0	0	0	0	0	0	0	0	0	0	0	0	0
a8ab37304204a632f579f8a7dfc3410a	0	0	0	0	0	0	0	0	0	0	0	0	60	0	0
f5422b60950143aa67497b29ac288bb5	0	35	0	0	0	0	0	0	0	0	0	0	0	0	0
85d4b15645e1d001ca8f11ca66914b10	0	0	0	0	19	0	0	0	0	0	0	0	0	0	0
038b42d4875b820981b1e09841eea708	0	0	0	0	0	0	0	0	31	0	0	0	0	0	0
b228f827bf73c56835586fc9afcaafdf	0	0	0	0	0	119	0	0	0	0	0	0	0	0	0
b17d0357c39b6cc982cba48eddc7f3c5	0	0	0	0	0	0	0	0	0	0	0	0	0	0	127
5ee8af2138ce9e8d8259930109a21d7e	0	0	0	62	0	0	0	0	0	0	0	0	0	0	0
ee88ce53bda833884b1cab53d23e6173	0	0	0	0	0	0	144	0	0	0	0	0	0	0	0
321c702928772ba21d28ea29872618bd	0	35	0	0	0	0	0	0	0	0	0	0	0	0	0
89803e86a30c4e5b34197ac6d88e5399	0	0	0	0	0	0	0	0	143	0	0	0	0	0	0
ab299e3410ad8fbff974f7a129b814b2	0	0	0	0	131	0	0	0	0	0	0	0	0	0	0
fb3d5915951f05482769131545f79ccc	0	0	52	0	0	0	0	0	0	0	0	0	0	0	0
1a8727c88b719bbdf0e58e65e392d072	0	0	0	0	0	0	0	0	0	0	0	54	0	0	0
39f9180bd8780ac7b373833f509c9a87	0	0	0	0	0	0	0	0	0	0	0	93	0	0	0
be297a08f433cded39a168235e04e58c	0	0	0	0	0	0	0	0	0	141	0	0	0	0	0
cd10b525ef553fe4976259f34e2d88b8	0	0	0	0	0	0	0	0	0	137	0	0	0	0	0
7b0af2101ed591e13b91b02053a38e20	0	0	13	0	0	24	0	0	0	0	0	0	0	0	0
1bfc7d79caebc8590e538e2d60f6167f	0	0	0	0	0	0	0	0	0	0	0	0	67	0	0
917b5f2944d1968af565d380c04ebcb7	0	0	0	0	0	0	0	19	0	0	0	0	0	0	0
1fd2b87144b3abe2ae208895be1ef536	21	0	0	0	0	0	0	0	0	0	0	0	0	0	0
b368f9f7ae3c201c5297eebb1d77f5a3	0	0	0	13	0	0	0	0	0	0	0	0	0	0	0
c8eca1625978b4e69e5b8793a6f6703d	0	0	0	0	0	0	0	0	0	0	0	0	0	54	0
4bad9379f4308640f4693b6a8d9f4c99	0	0	0	0	0	0	0	0	13	0	0	0	0	0	0
34b60db82e5891348fc0468f937adaf9	0	0	0	0	0	0	0	7	0	0	0	0	0	0	0
12fbc3357e09e1bac0b2fbbec105e429	0	0	0	0	0	0	0	0	0	0	0	0	0	19	0
d9b379a88f5c7a394cde2438fff44849	0	0	0	0	31	0	0	0	0	0	0	0	0	0	0
a33bb3023c97e586a02092513beed2f0	0	0	0	0	0	0	0	0	0	0	0	0	0	0	19
51db646aa4754823cb38d5d9e1abe11d	14	0	0	0	0	0	0	0	0	0	0	0	0	0	0
350b8dfbf36ba3123ca9a845ee3ff386	0	0	0	0	0	0	0	0	7	0	0	0	0	0	0
c1a8be3edcc649c501fd558bb4505dd6	0	0	0	0	0	0	0	0	0	95	0	0	0	0	0
f11902e9f1660eba6658538b2eed1244	0	0	0	0	0	0	0	0	0	0	0	0	2	0	0
35f47b74211ea2e3fb4b3071ceeae4f4	0	0	34	0	0	0	0	0	0	0	0	141	0	0	0
ae02310afde6db30ef0e3a405f4a3597	0	0	0	0	0	0	0	30	0	0	0	0	0	0	0
aeb472d0ed0e3cc8d28851c2660852b2	0	0	0	0	0	0	0	0	0	0	0	12	0	0	0
fa387c9ffed9a4cf6789b8c516cd55c1	0	0	0	16	0	0	0	0	0	0	0	0	0	0	0
30c10e1c6658328c1d79bf2ee51724ee	0	0	0	4	0	0	0	0	0	0	0	0	0	0	0
71b042cfa4033d9db0def3caa4ccb94b	0	0	0	0	0	0	0	0	0	0	0	0	10	0	0
553c942c51f27a9c3126e486cb40d77d	0	0	0	0	0	0	0	0	0	0	0	0	16	0	0
e4637a5692ee6fc1a0558a7f0d809992	0	0	27	0	0	0	0	0	0	0	0	0	0	0	0
ecd5085bc2abc28c53e9c457b3c181c0	64	0	0	0	0	0	0	0	0	0	0	0	0	0	0
589197dc93b12777606445bca9d15aab	0	0	0	0	0	0	0	0	0	0	0	0	85	0	0
1e1bc5443a119c22f76e59267f7a4fd8	0	0	0	0	0	0	68	0	0	0	0	0	0	0	0
6dfc013830089f06145ca27a6e48fe26	0	0	0	0	95	0	0	0	0	0	0	0	0	0	0
e3d9ef104a83a3f4df0df0c2b8e2e140	0	0	0	0	0	0	0	0	52	0	0	0	0	0	0
833c5b0aff5f7f3c5aaddd592855f905	0	0	0	0	0	0	0	0	0	0	0	20	0	0	0
4ece4f2c7276682471789dc3f031cb4d	0	57	0	0	0	0	0	0	0	0	0	53	0	0	0
64e24f9c352b3e325ed3d6c839c6c2de	0	0	0	0	0	0	85	0	0	0	0	0	0	0	0
13c803cc22aba1680578b673db4a209b	0	0	0	0	0	0	0	0	0	0	0	0	0	120	0
5b4536e9e29ad3ebf4cab096beb4f7b0	0	0	0	35	0	0	0	0	0	0	0	0	0	0	0
2ecad575c7c8d02f4704b517850ee448	0	0	0	0	0	0	0	0	80	0	0	0	0	0	0
2ccb7959b8acaf57f9f82356cdec8598	0	0	0	0	0	0	0	0	0	0	0	0	13	0	0
ffa4e23a68fd0f16c6fe5a95bc5d1978	0	0	35	0	0	0	0	0	0	0	0	0	0	0	0
e9edf775cbf2e8831a02800dc7dba88c	0	0	0	0	0	95	0	0	0	0	0	0	0	0	0
f6e1d4e9fd9f671bbc7c5733ab07d2c3	0	0	0	0	105	0	0	0	0	0	0	0	0	0	0
d10004126b40aeb2cfdbb0d2a8883b94	0	0	0	0	0	0	0	0	0	0	0	0	0	0	65
fd8e4cbcd54b3f93e4101c3ea8827f96	0	0	0	0	0	0	0	0	0	0	0	13	0	0	0
72fb454386a2ff68c4198e06bda0df46	0	0	0	0	0	0	0	0	0	0	0	0	18	0	0
c7b9a3196e19bc35e60947ad66a69f4c	0	0	0	0	0	0	0	0	0	0	0	0	0	15	0
4d446b2b4de2be2e59f05a2bc63d1eef	0	0	0	0	0	0	0	15	0	0	0	0	0	0	0
95c7ca62fdfb760041b8e003b920228d	0	0	0	0	0	0	0	0	0	0	0	0	0	13	0
315d030d02565b4492cc3ab08bc2c77a	0	0	0	0	0	0	0	0	0	0	0	0	0	0	24
db725d9dbab2bd8459ae4b4a39f7f352	0	0	0	4	0	0	0	0	0	0	0	0	0	0	0
21b4da425381fd690e98778da2e6bf5b	0	0	0	18	0	0	0	0	0	0	0	0	0	0	0
87ecdbebad23ddfd4b4a8c8cef035306	0	0	0	18	0	0	0	0	0	0	0	0	0	0	0
289a25ae98cddd3061bc9e1511dbe382	0	0	0	0	14	0	0	0	0	0	0	0	0	0	0
9f4c8b8ee91c62d39544b2c2bb4a7557	0	0	0	0	0	0	0	0	0	0	0	76	0	0	0
fc2e03ee871f0dc8ef70c8327b74959f	0	0	0	0	0	0	0	0	0	0	0	0	0	22	0
997cfd2aaa775215f5b0a50f2628a683	0	0	0	0	0	0	0	0	0	0	0	0	0	0	16
5540267f34b66c1891b38c55ece26163	14	0	0	0	0	0	0	0	0	0	0	0	0	0	0
f7eec3634fc51e4643a34242e6274fb7	0	32	0	0	0	0	0	0	0	0	0	0	0	0	0
7a122410bb5a9efafec7e78e37b0c73b	0	0	0	0	0	0	0	0	0	0	0	0	0	35	0
afd13eba42dab2e1273dc811e5367a6f	0	36	0	0	0	0	0	0	0	0	0	0	0	0	0
5f4aad765f4d342958eacd904fc42fe5	0	0	0	28	0	0	0	0	0	0	0	0	0	0	0
ed1e508d480fc03d980f852e53bb7137	8	0	0	0	0	0	0	0	0	0	0	0	0	0	0
bafe6a05faf100a0dddf25708c0f51eb	15	0	0	0	0	0	0	0	0	0	0	0	0	0	0
6aac193d50ff5f4d16463d196dbc183f	0	0	0	0	0	0	0	0	0	0	0	0	0	0	33
5cb5ed0a7bb93c56ea3c83ee6e301692	0	0	0	0	0	0	0	0	0	0	0	8	0	0	0
a97874ad90dc0cfda6165a1d8ef36e08	0	0	0	0	0	0	0	26	0	0	0	0	0	0	0
e2bda37bc2f6fae2574df98466f22bbe	0	0	0	0	0	0	0	0	0	0	0	32	0	0	0
9d3732ab4c6db81cc76047b3dcc2a837	0	0	0	7	0	0	0	0	0	0	0	0	0	0	0
a340e326e1423da9259be1b6ad753293	0	0	0	0	0	3	0	0	0	0	0	0	0	0	0
b8fff18f1fed1fef33968392bb69ca64	0	0	0	0	0	0	0	0	0	0	18	0	0	0	0
65f62e262c956aed96b0dff5813ed201	0	0	0	0	0	0	0	0	0	0	17	0	0	0	0
1a1b06158e95088809427f9749e7e382	0	0	19	0	0	0	0	0	0	0	0	0	0	0	0
6bf95654a739f8fe31dbaf1c3a9158b9	0	0	0	0	0	21	0	0	0	0	0	0	0	0	0
dc3164bed43cb36792add08264ef7030	0	0	0	0	0	0	0	0	0	0	0	0	15	0	0
b307af7b7f35052125983677251b9548	0	0	0	8	0	0	0	0	0	0	0	0	0	0	0
f67480fbbeb27453217a96f3b42f1438	0	0	0	0	0	0	0	0	0	128	0	0	0	0	0
d6281892492dbd3b645c20625a53f12a	49	0	0	0	0	0	0	0	0	0	0	0	0	0	0
4da1464c558ebab96d971b8fb00a46a3	0	0	0	0	0	51	0	0	0	0	0	0	0	0	0
1e046ac498d61d46be36900c10f7d45b	0	0	0	0	0	0	0	30	0	0	0	0	0	0	0
23105382639bb37c541c6b414e1b14cf	0	0	0	0	0	0	0	0	0	0	0	25	0	0	0
93a95ea3ab1870d1ab22db8ccfc02ef9	0	0	0	4	0	0	0	0	0	0	0	0	0	0	0
7763e84463bdaf3badc849b47d8eee9a	0	0	0	0	0	17	0	0	0	0	0	0	0	0	0
9bf559a3edb3161b01146cf8cfd165b5	0	0	0	2	0	0	0	0	0	0	0	0	0	0	0
83e7fbe4f055f4d55f5b4cf8f26cf170	0	0	0	0	39	0	0	0	0	0	0	0	0	0	0
184dd2b52f4d4b8af66ee698284c7cd6	67	28	0	27	0	0	0	0	0	0	0	0	0	0	14
ec4222da90ffabd91953a8b177e0a094	0	0	0	0	0	0	0	0	42	0	0	0	0	0	0
affe0c0c26a21cf29a517fd5b36580b0	0	0	0	0	0	0	0	0	0	0	0	0	117	0	0
ebe0e5954adce24d0c7295123d25b955	0	0	0	22	0	0	0	0	0	0	0	0	0	0	0
a040e148300d6456abcbc672a2fe7253	0	0	22	0	0	0	0	0	0	0	0	0	0	0	0
6cf1c4553ba6cb4d0124828e9562fe85	0	4	0	0	0	0	0	0	0	0	0	0	0	0	0
d9f8cd0184b35d57b4dd6dec8b1b35b3	0	6	0	0	0	0	0	0	0	0	0	0	0	0	0
c23600415b5e889420f5f141e6264863	0	0	0	0	0	3	0	0	0	0	0	0	0	0	0
d41af2ce87b03271b8037e3db35d7230	0	0	0	0	0	0	0	0	0	0	0	0	0	0	3
d6fbcf57b25b1db44f66c22faa8460f1	0	0	0	39	0	0	0	0	0	0	0	0	0	0	0
8f032aefb9ff099686b967f7913796a0	0	0	0	0	23	0	0	0	0	0	0	0	0	0	0
557579fec59953ba6fa11844eecb398b	0	0	0	0	0	0	0	0	0	0	0	0	0	13	0
67895753f8a8e1553ea00411c57049b3	7	0	0	0	0	0	0	0	0	0	0	0	0	0	0
1b3255157f8a2247ec2cf0cc1316bfb4	0	0	0	0	0	21	0	0	0	0	0	0	0	0	0
3ece5262d0b96531091d452051f87c41	0	0	0	0	0	13	0	0	0	0	0	0	0	0	0
d723c371b33d3d5233b8c8598179d5a8	0	0	0	0	0	0	0	0	5	0	0	0	0	0	0
6da7cb36bc8a4eeef0e9423324fc9740	0	0	0	0	0	0	0	0	0	0	0	8	0	0	0
5c969e42bd4a31fae0a8839a4f4b002e	0	0	0	10	0	0	0	0	0	0	0	0	0	0	0
85ce6f68ff6f02e903df4eaabeef7edb	5	0	0	0	0	0	0	0	0	0	0	0	0	0	0
a53022b0d4727fecfd9b981e7287d8d9	0	0	0	0	0	0	0	0	0	0	0	0	0	0	16
d15989d9a7b08e8750ba7d6da7104e00	0	0	0	0	0	0	68	0	0	0	0	0	0	0	0
dd4b6e7462b6c9813dd17bf657c907cb	0	0	0	0	0	0	0	0	70	0	0	0	0	0	0
8d1f02bc1dcff6258b23a28fc9b732b1	0	40	0	0	0	0	0	0	0	0	0	44	0	0	0
10a6a080950204dca730d04f8afa7ae7	60	0	0	0	0	0	0	0	0	0	0	0	0	0	0
ac62ce373df62e8b786e8cbf9f95751d	0	0	0	0	0	0	0	0	0	0	0	0	0	50	0
48147a58065bf6c7b9026863e40bea73	0	0	0	30	0	0	0	0	0	0	0	0	0	0	0
dfb70d8120ded13ebfdf17d61ff871e1	0	0	0	0	0	0	0	0	0	0	0	0	0	0	53
e5de412467ae5f58713c66a4f99d0b23	0	0	0	0	0	0	0	0	0	0	0	0	35	0	0
b3dfdfdc7b5d773cfb3753117250c624	0	0	0	0	0	0	38	0	0	0	0	0	0	0	9
792a3005b156352766d004a42c245e14	0	0	13	0	0	0	0	0	0	0	0	0	0	0	0
230695f1a0fd58cb689a5cf8b0750273	0	0	0	0	0	16	0	0	0	0	0	0	0	0	0
0bd0207f7e2c043f0078c492825ccb2b	0	10	0	0	0	0	0	0	0	0	0	0	0	0	0
6ef4fb214ad5e12e5db60254fb4057c1	0	0	0	0	0	0	0	12	0	0	0	0	0	0	0
458031c3cf7b8ab061a04666de10ee2a	0	0	0	0	0	0	0	0	0	0	0	0	0	0	20
4852a58b776493322877d4b15d116d0d	0	0	0	0	19	0	0	0	0	0	0	0	0	0	0
d467e12b3c2ed0bc3534d94b625d3d26	0	0	7	0	0	0	0	0	0	0	0	0	0	0	0
586ce95d472bebcfada5beab24322503	0	0	0	0	0	0	0	0	0	0	0	0	28	0	0
93b3ce5d529a76cada8b115b6cf2f3d8	0	0	0	0	0	0	0	13	0	0	0	0	0	0	0
3647eed81c2fa32239621a6bfa63f213	0	6	0	0	0	0	0	0	0	0	0	0	0	0	0
9c58bea6f259d486b3975c5f72cb5b5a	0	0	18	0	0	0	0	0	0	0	0	0	0	0	0
9166e09c55f5bd28e71695fd7a6fa129	0	0	0	0	0	0	9	0	0	0	0	0	0	0	0
603fcaa9fe9f7f8857d557499326b7b2	0	0	2	0	0	0	0	0	0	0	0	0	0	0	0
c9483d569b068ece3bf203500721f392	0	0	0	0	0	11	0	0	0	0	0	0	0	0	0
ae02e2c071dd6a1dbc1e4c89a6f3f253	0	0	0	0	0	0	0	0	0	136	0	0	0	0	0
29d7460ae318d26a857c50aab5689761	0	0	0	0	0	0	0	0	0	0	0	0	0	0	30
06ff48de12d9f0791c959cb7ec741260	0	0	0	0	4	0	0	0	0	0	0	0	0	0	0
1069359025d5ba6061616b242533664e	0	0	0	0	0	0	0	22	0	0	0	0	0	0	0
5ca7c80534ab7d03d0c8a6d32601f4b2	0	0	10	0	0	0	0	0	0	0	0	0	0	0	0
67b1a6130d0e392907d807467acba54c	0	0	0	0	0	0	0	0	0	0	844	0	0	0	0
1a9c37c53c189757db64e00b0f92f5c4	16	52	25	39	41	22	58	31	22	0	0	76	91	91	20
ba2e7af7372bf6733de643edb011b8a1	0	0	0	0	0	0	0	0	0	0	0	0	0	0	73
2fc9b8736ca880dc7709bc7391376b9e	0	0	0	0	0	0	0	0	0	0	0	0	43	0	0
05414b316089154c97dd9fc93a1c7615	0	0	0	0	0	50	0	0	0	0	0	0	0	0	0
0e927c83e8b15541ac0277679ebe6578	0	0	0	0	0	0	0	0	0	0	0	42	0	0	0
ae23cd278386146a672d049813c502c5	23	0	0	0	0	0	0	0	0	0	0	0	0	0	0
04c8de6f5d7a5426cd9ec78e4278bd3d	0	96	0	0	0	0	0	0	0	0	0	0	0	0	0
9f57a92dc3154630b8c992d017acbbc9	0	0	0	0	0	0	0	0	38	0	0	0	0	0	0
e555eac52c7bd82d9c5700ffc1c39c16	0	0	0	0	0	100	0	0	0	0	0	0	0	0	0
ae7298686d1dc204a79c1cd2534e7068	0	0	0	0	0	0	0	0	0	0	0	0	39	0	0
bd6727aff1a48db507a480c0cf535055	0	0	53	0	0	0	0	0	0	0	0	0	0	0	0
06a6057ea46d0cd38e8f936c0f829037	0	0	0	0	0	0	0	0	0	0	0	0	0	0	112
346c1f2521078d5fe5047375328a36d8	0	0	0	0	0	0	42	0	0	0	0	0	0	0	0
6c8cd95ae4e854d3b46cb41ee46e130f	0	0	0	0	0	0	0	0	0	0	0	24	0	0	0
46dbe56a8982bec46b4261bc6ef6bcd8	0	0	0	0	0	0	0	0	0	0	0	0	0	79	0
1fd2effdd919aef39a8f3f3e3058feb3	0	0	0	0	0	0	0	0	0	0	0	0	0	0	12
358aa5b72dde95359425b8cb3b9254be	0	0	0	0	0	0	0	0	0	0	0	0	0	29	0
c716af62b51bd1226c9b68211f3b5797	0	0	0	0	0	0	0	54	0	0	0	0	0	0	0
eef526ff55133179e082ebb41fa65738	0	0	0	0	0	0	0	0	57	0	0	0	0	0	0
608dde030540d3be81c94efd224504ee	0	6	0	0	0	0	0	0	0	0	0	0	0	0	0
65b416df519289dabeba627f7dfb5458	5	0	0	0	0	0	0	0	0	0	0	0	0	0	0
4a4bf69002dbe606c0d25346329d0c46	0	2	0	0	0	0	0	0	0	0	0	0	0	0	0
1b4b75b4b1d2b858458ef15115a434b6	0	0	0	0	0	0	0	0	22	0	0	0	0	0	0
b31127f808d6f353643db18fbd1771f3	13	0	0	0	0	0	0	0	0	0	0	0	0	0	0
0f3bdb5661a748c3f4da528936c0a860	0	0	0	0	0	0	66	0	0	0	0	0	0	0	0
f48585b9cc5346e0f91bb24b06201885	0	0	0	0	0	0	0	0	0	0	0	0	0	48	0
71981189cb2ec12f721022d20cbec31f	28	0	0	0	0	0	0	0	0	0	0	0	0	0	0
8a909f2da70641aafcf6f79e0e1cd5a4	0	0	0	0	0	0	0	29	0	0	0	0	0	0	0
0332ab403f2b971d0d41ed27f7390d3c	0	0	0	0	0	82	0	0	0	0	0	0	0	0	0
13e3377b88847ef1b391cdd76d50c6da	0	28	0	0	0	0	0	0	0	0	0	0	0	0	0
ca5710e093f45e0bc5fde0d1e0f32a69	0	0	0	0	0	0	0	0	0	0	0	0	0	67	0
9a970730ea6704f97dc2f59f55f8679f	0	0	0	0	0	0	0	26	0	0	0	0	0	0	0
e0591340d6e1d1a50e5f50442545d815	0	47	0	0	84	85	0	0	0	0	0	0	0	0	0
39d7149ccf9df0e23bfe37a0da986577	0	0	30	0	0	0	0	0	0	0	0	0	0	0	0
47cc3247a3cf3524318ec9ded1ecd2c0	41	0	0	0	0	0	0	0	0	0	0	0	0	0	0
4c4347e6b4054913ca9efbd6a28103c1	324	647	447	452	354	337	736	541	426	0	0	627	691	698	433
7be27eda531282024c90490f7509b3ae	0	0	0	0	0	0	0	0	0	0	1474	0	0	0	0
9cdeb18d4fd8b2a3a8c9d0014d76551b	0	0	0	0	0	0	0	0	0	0	621	0	0	0	0
d3abc0ba00d0604eb0b1ba7c9023dc95	0	0	0	18	0	0	0	0	0	0	0	0	0	0	0
1c685bdff38f0d88c0277b6da768bcda	0	0	0	0	0	12	0	0	0	0	0	0	0	0	0
20da1c172cbf77d926d9cf68a36a5010	0	0	24	0	0	0	0	0	0	0	0	0	0	0	0
683e3c6d0a9e6187029c2f3aaaf929fb	16	0	0	0	0	0	0	0	0	0	0	0	0	0	0
cfcf7679d67f877e56d596702f6e9bed	0	0	0	8	0	0	0	0	0	0	0	0	0	0	0
8e6f24926e3f4e57fb329c4dcffca6bc	0	0	0	0	29	0	0	0	0	0	0	0	0	0	0
c9421d33fc4b11d3e2f70111685fa79c	0	0	0	0	0	0	0	0	0	0	0	70	0	0	0
77a6662fa91ad2e3cdf93ea94ea2e049	0	0	0	0	0	0	0	0	0	0	0	0	0	0	44
23cecd856c4de8617bec9c1f0be26544	29	0	0	0	0	0	0	0	0	0	0	0	0	0	0
b9525dd3c9c596a6906403503c2d17f3	0	0	0	0	0	0	0	0	0	0	0	0	0	0	150
27a9a01ed1546481a9774aae103e7752	0	0	0	26	0	0	0	0	71	0	0	0	0	0	0
a2f6291a8c14e1a5f55862c2544da76a	0	102	15	0	48	0	0	0	0	0	0	0	0	0	0
94aeb376ace4891a14b4f2123b0de333	0	0	0	0	0	81	0	0	0	0	0	0	0	0	0
e848431e5bfa65b3d6749dfebbbd4c04	0	0	0	0	0	0	0	0	0	0	0	0	0	9	0
8606c7ee5d31629613ad604c837c5104	0	0	0	0	0	0	0	0	0	0	0	33	0	0	0
7c16f558ebabb261f27e094844832288	54	0	0	0	0	0	0	65	0	0	0	0	0	0	0
07169f204e6a6a6299a0b825db49e680	0	0	0	0	0	0	98	0	0	0	0	0	0	0	0
2edd419f4da715ccc5e9a0c995d9fdb4	0	0	0	0	0	0	0	4	0	0	0	0	0	0	0
86c3a24788f7f5b1582cd5bc971302f9	0	0	0	0	0	0	0	0	0	0	0	21	0	0	0
4560464573e507a0bf69b9412e25e407	0	0	0	0	0	0	0	0	0	0	0	31	0	0	0
e0f40273cfa31283660dca87f50a6baa	0	0	0	0	58	0	0	0	0	0	0	0	0	0	0
289feffc8ebcd7caf82af55c6ef7c7c0	0	0	0	0	0	0	0	0	0	0	0	0	0	94	0
a8ece0b35770ae1980e3435be6795209	0	0	0	0	0	0	62	0	73	0	0	0	0	0	0
7d055639f2d8903158be0da64280c99f	95	0	0	0	0	0	0	0	0	0	0	0	0	0	0
0b4e88c6adc3ad36e4ca4ef606cee9ae	0	75	0	0	0	0	0	0	0	0	0	0	0	0	0
c44920588f9d944abdee886962260ebf	0	0	0	30	0	0	0	0	0	0	0	0	0	0	0
ed82f2a309c4c62fcc4d384e0e6c2034	0	0	0	0	0	0	0	0	0	0	0	0	83	0	0
dbefb029d610ece80947d4ff0e3baa4a	0	0	21	0	0	0	0	0	0	0	0	0	0	0	0
e1f035062109ee9ad3557dafe75e5995	0	0	0	0	0	103	0	0	0	0	0	0	0	0	0
577fd791d3d49ab2850d7058bcebcbc7	0	101	0	0	0	0	0	0	0	0	0	0	0	0	0
7556c45ad3301c34d29e00b73592acef	0	0	0	0	0	0	0	0	77	0	0	0	0	0	0
ddf29cfe1b9de662fac91b0de8e834a3	0	0	0	0	0	0	0	101	0	0	0	0	0	0	0
23579df2a521bea07e1d212522ed768c	0	0	0	0	0	0	0	0	0	0	0	0	0	31	0
e61935617869fc7a84a34f608056fd72	0	0	0	0	0	0	0	71	0	0	0	0	0	0	0
d01d6fbe4993a781cc72d5af7c0cf502	0	31	0	0	0	0	0	0	0	0	0	0	0	0	0
b01b249aff846cf1da691ca7a9eb4926	0	0	0	0	0	60	0	0	0	0	0	0	0	0	0
51565e1d61a5e1268090a0a3b532b217	0	0	0	0	0	0	0	0	49	0	0	0	0	0	0
e01dde6d5e09361266ef744ff58f7fd8	0	0	0	10	0	0	0	0	0	0	0	0	0	0	0
3e132f9f7a09322fa3adb72568aa2fe8	0	0	0	0	85	0	0	0	0	0	0	0	0	0	0
c9043cc0f51ce035fed142f308590019	0	0	0	0	0	0	0	0	14	0	0	0	0	0	0
0f43dbef6a96605aa759114d167789d6	0	0	0	0	0	116	0	0	0	0	0	0	0	0	0
18d3ab7f3f4b87f7d0f5ac88431c8c61	0	0	0	0	0	0	134	0	0	0	0	0	0	0	0
a54b6fef17adaff204741eb68da7f679	0	0	0	0	0	0	0	72	0	0	0	0	0	0	0
b46fb8ab499d3d7707ce5412b15df0f8	0	0	0	0	56	0	0	0	0	0	0	0	0	0	0
f4836abfd9628824710bfd1277bad1d1	51	0	0	0	0	0	0	0	104	0	0	0	0	0	0
a2e1855446e55e9aaf993f650aac3d15	0	0	0	0	0	0	0	0	0	0	0	0	0	0	52
95493bd976c97bf8035afd7ebfcadf06	0	0	0	0	0	0	0	0	0	0	0	62	0	0	0
419b18ef05e84322cb8391960acb7f73	0	0	0	6	0	0	0	0	0	0	0	0	0	0	0
56b34087420b024b6f8898cd6dac3baf	0	0	0	0	0	0	0	0	11	0	0	0	0	0	0
94de96ae66fe84055340ce8915b951de	0	0	0	0	0	0	0	0	0	0	0	32	0	0	0
c6186ba695e0c6e81ff2344200811560	10	0	0	0	0	0	0	0	0	0	0	0	0	0	0
7e2bbbf4c8d64b4b5c3af4cf6f3117e5	0	0	0	12	0	0	0	0	0	0	0	0	0	0	0
549742c5bffddbd2b0ccecc30706c619	0	0	6	0	0	0	0	0	0	0	0	0	0	0	0
71b431efb0b71201e5c8a94b508dc283	0	0	0	0	0	0	51	0	0	0	0	0	0	0	0
1b424178d8e442d1a0e483346594de8e	0	151	0	0	0	0	0	0	0	0	0	0	0	0	0
b6f7c2aeb19f2a7441f6fc9b926ecf1d	0	0	0	0	0	0	0	0	88	0	0	0	0	0	0
c6b407e7d046f2d96aba746d68e1ec68	0	0	0	0	0	0	0	0	0	0	0	0	0	119	0
46317fe27aa7ab27d851236a9204337e	0	0	0	0	0	0	0	52	0	0	0	0	0	0	0
ec8e27cd968ab647a63245c4a3e12954	0	0	0	0	0	0	0	0	0	0	0	0	85	0	0
57123360c76c3d1c2ab070ec27dc74e5	0	0	0	0	0	68	0	0	0	0	0	0	0	0	0
67c7e5b77d0f98c6574829a52ebdc488	0	0	0	0	107	0	0	0	0	0	0	0	0	0	0
e2559e93e59c2285617f2f5f59f02d12	0	0	0	0	0	0	119	0	0	0	0	0	0	0	0
2acac024d76ca7d456cf1b94c8478adc	0	0	0	0	0	0	0	0	0	0	0	0	0	0	28
4bbd72c08fbdf931591c5efeda50a11d	0	0	0	0	0	0	0	0	0	166	0	99	0	0	0
c541eb5d133de946d2dd00051148d8f4	0	0	0	157	0	0	0	0	0	0	0	0	0	0	0
c51c0d674b118d222d96f81fb5962cd9	73	0	0	0	0	0	0	0	0	0	0	0	0	0	0
25ed8578f73fb1bd6b2a6cb093374555	0	0	0	0	0	0	0	79	0	0	0	0	0	0	0
d90a7ce2cc98599b0204c37f46e6d7c4	0	64	0	0	0	0	0	0	0	0	0	0	0	0	0
2dda97157df452721344e17b5885283c	57	0	0	0	0	0	0	0	0	0	0	0	0	0	0
1d8c98a0ea549f9e0be6fececb198357	0	0	0	0	0	0	0	0	106	0	0	0	0	0	0
4f6a3b0460d690f76f16027ab32a6ed2	0	0	0	0	0	0	0	61	0	0	0	0	0	0	0
25c16f15a6afdb52df83f6be19319a74	0	0	0	0	0	0	90	0	0	0	0	0	0	0	0
1b77dc0442ebabae43fc48e25e76c455	0	66	0	0	0	0	0	0	0	0	0	0	0	0	65
717cd22bdd06bb3a70e8eb9570659891	0	0	0	0	0	0	0	0	0	0	0	65	0	0	0
5c0d874909f08620d33cab0a3d548792	0	0	0	0	65	0	0	0	0	0	0	0	0	0	0
bbbc37841342f4582c45b82ae5a556a4	0	0	0	0	0	0	0	0	0	0	0	0	0	42	0
8f233b7d71ec2f866205d74cbf18f1c2	0	0	0	0	0	0	122	63	0	0	0	0	33	0	0
3bab9ac2079e75f4e5fb1d44ceb30c5e	0	0	0	0	0	0	0	0	111	0	0	0	0	0	0
e5581e9e5a3be242e2932071491643ab	0	0	0	0	0	79	0	0	0	0	0	0	0	0	67
8128274db67cceebb5152e1dc4236bfb	0	38	0	0	0	0	0	0	0	0	0	0	0	0	0
8b2d537291dc7cc341d7ab7cddc3afe2	0	0	0	0	0	0	0	0	0	0	0	26	0	0	0
3a6ba28a7e803d3076e5942d623dfa6d	0	0	0	0	0	0	0	0	0	0	0	0	0	56	0
4a8df42b26fcde6c147ccb4cf8a86833	33	0	0	0	0	0	0	0	0	0	0	0	0	0	0
cc6e8375d32d080535ca888bf452d4fc	0	0	0	60	0	0	0	45	0	0	0	0	0	0	31
b2b770dfae6ee1c8fc3b05a440c7e3ea	0	0	62	0	0	0	0	0	0	0	0	0	0	0	0
5f8264930ceffcd28dc0dab2e8453092	0	0	0	0	73	0	0	0	0	0	0	0	0	0	0
fe26006e7b618313b3386eee7826a7be	0	0	31	58	0	0	0	0	0	0	0	0	0	0	0
2e6b408168a080544ac83c73647b1d3e	0	0	0	0	0	39	0	0	0	0	0	0	0	0	0
e9d02d9c471e71632181a4dc123a1901	0	49	0	0	0	0	0	0	0	0	0	0	0	0	0
52686888c2a86ed7793f65bba1c9d2f9	0	0	0	0	0	0	0	0	0	0	0	0	0	0	39
145700439ec88830b83432fa61eff7b9	0	0	0	7	0	0	0	0	0	0	0	0	0	0	0
8faa7a27f32db991dfbf837b3d958c49	0	0	0	0	0	0	0	8	0	0	0	0	0	0	0
7d66a98a9e1fd5cc3dd735e2c8f5c93b	0	0	0	0	0	0	0	0	4	0	0	0	0	0	0
24397419d88efdb764fd2f2c33f10f10	0	0	0	0	0	0	0	0	0	0	317	0	0	0	0
337825014e04d2ca7053fd222c69d7f9	0	0	0	0	0	0	0	0	0	0	9	0	0	0	0
486bf1257ca97bc2519f02b3cff381ce	0	0	0	0	0	0	0	0	0	0	0	0	0	7	0
73235d32f870aca30c4d67733b5e2490	0	0	0	13	0	0	0	0	0	0	0	0	0	0	0
2e7bbe0429c530fb352fac869c384f3c	0	0	0	0	0	0	4	0	0	0	0	0	0	0	0
716ba3bd0d2f588312e329b29fac5ffd	0	0	6	0	0	0	0	0	0	0	0	0	0	0	0
ad06440390501bf94a2a65519e4c6553	0	0	11	0	0	0	0	0	0	0	0	0	0	0	0
7b4e0b9ffe487046dbb4afa0f16046ac	0	0	0	0	0	0	0	0	0	0	44	0	0	0	0
945bbb550ef35400a6e2cf6850dd84de	0	0	0	0	0	0	0	0	0	0	363	0	0	0	0
5100f6cb8e299326ae44107021054b6b	0	0	0	0	0	0	0	68	93	0	0	0	94	0	0
77c49b9fda165081487947d05d414b0e	0	0	0	0	0	39	0	0	0	0	0	130	0	0	0
00d8aa888c1550273067db164e04cb45	0	0	0	0	61	0	0	0	0	0	0	0	0	0	0
f4352da3a47be23b732b9c88ed1c063e	0	0	0	24	0	0	0	0	0	0	0	0	0	0	0
0215812412006f26beb4f087e10159c9	0	12	0	0	0	0	0	0	0	0	0	0	0	0	0
436ea8cc9549043d56aff9437a82192e	0	0	32	0	0	0	0	0	0	0	0	0	0	0	0
5592b78fa3f1dbee50471f30df3da680	0	0	0	0	0	0	0	0	16	0	0	0	0	0	0
814d36b24f6c18cf4e80934b3979d306	0	0	0	0	0	0	0	0	0	0	0	0	0	24	0
fee5bd19720d5814cb44b5725fa0d1f5	0	0	0	0	0	33	0	0	0	0	0	0	0	0	0
2d591962763a114c5633acc1600d06bc	0	0	0	0	0	0	0	0	0	0	37	0	0	0	0
aa523c25da1d7ae09519125ab3764d4c	0	0	0	0	0	0	0	0	0	0	523	0	0	0	0
955668d4b08eb621c46fc407865c7385	0	0	0	0	0	0	0	0	0	0	114	0	0	0	0
5a1a7d12c6b94884d49ebbd58e09732a	0	6	0	0	0	0	0	0	0	0	0	0	0	0	0
a9d7f67f0201c66a8a1d28ba34f5bf67	0	33	0	0	0	0	0	0	0	0	0	0	0	0	0
7c473268ee852bb66c046f6376001c1f	0	0	0	0	0	0	0	0	0	0	0	0	71	0	0
3684069df9dad653716c7e09b174ab54	0	0	0	0	0	0	0	43	0	0	0	0	0	0	0
c9c2d410fa53b4d7cf625ff6dc10792e	0	0	0	0	0	0	0	0	84	0	0	0	0	0	0
d6f8d890aa2ca63c003f038107f5c002	0	18	0	0	0	0	0	0	0	0	0	0	0	0	0
06ff006e9047d10d89ab166858c26845	0	0	0	0	0	0	0	0	0	0	0	0	0	162	0
93f85625756cfe8d2bb17836abe356ed	0	0	0	0	0	0	0	0	0	0	0	0	118	0	0
0bcd531829273c0d8665ba223a795805	0	57	0	0	0	0	0	0	0	0	0	0	0	0	0
43b7089e1c8ee81c29f0142637da9e29	0	0	0	0	0	0	0	0	0	0	0	97	0	0	0
c7eb481bb1a0a22977ce2acd988fe862	0	0	0	0	0	0	110	0	0	0	0	0	0	0	0
ebbf1f4667acd1c27d4bef7ae8b10b8f	40	0	0	0	0	178	0	0	0	0	0	0	0	0	0
d6dafb3efdd2ad89a8120934f4b0bd4b	0	0	0	0	0	0	0	45	0	0	0	0	0	0	0
9a22ba3ed809273fb73fcb6389045b04	0	0	0	0	0	30	0	0	0	0	0	0	0	0	0
a185b6cca1e93f8c77e124452add70f9	0	0	0	0	0	0	0	0	0	0	0	0	0	0	55
a2db2718eee3234b8c1a7c3aa491131a	0	0	0	9	0	0	0	0	0	0	0	0	0	0	0
02828cf38855d831d34c3bd72d370712	0	0	0	0	22	0	0	0	0	0	0	0	0	0	0
0a8a02e86d0388de5b96a6a43cfaebd5	0	0	0	0	0	45	0	0	0	0	0	0	0	0	0
6b965eb12269f2ecb8cbdb73da12fbda	0	0	0	0	1	0	0	0	0	0	0	0	0	0	0
0195b1082176bb3551a29398816aa48c	0	0	0	0	0	0	0	0	0	0	0	0	0	0	208
ecedb7a0fbe79299e0f9cca10341d3fa	0	0	0	0	0	0	0	0	0	0	0	0	133	0	0
8493206154d77b185647f92f51b9343a	0	0	0	0	0	0	0	0	0	0	0	146	0	0	0
52900128db74bf3fc9fcd6d5f333e0ca	0	0	0	0	0	0	0	0	0	0	0	0	0	133	0
03f01c81e4ff67390b6bf94bf81908c8	0	0	0	0	0	0	69	0	0	0	0	0	0	0	0
5696e991c3a5d124e32e332e1e8405b3	0	0	0	0	0	0	0	173	0	0	0	0	0	0	0
8c93fcf8fd96d84b530825971cfe3910	0	105	0	0	0	0	0	0	174	0	0	0	0	0	0
08ef386bcfb3bf9af49826388d1415cd	0	0	0	0	183	0	0	0	0	0	0	0	0	0	0
96fa3d3753a1665bbca1c7e903c27edb	0	0	0	0	0	0	0	0	0	0	0	0	0	19	0
0c8761985c439e01d2e1f534018ef1ab	0	0	0	0	0	68	0	0	0	0	0	0	0	0	0
f4f3e4f1926b110fc3dd517dd3074d62	0	0	0	12	0	0	0	0	0	0	0	0	0	0	0
21a0fdc2e3f69ce5febf3e3c9eb8d8b7	0	0	0	0	0	87	0	0	0	0	0	0	0	0	0
f888697a5fc1d980f34e15290ffdca77	0	0	0	0	0	0	0	63	0	0	0	0	0	0	0
dbfda4e6f4935539f5279f1c03666cc0	0	0	0	0	0	0	0	0	90	0	0	0	0	0	0
5c1243fa35d8a5a42f0e2a8fb1c0b740	0	0	0	0	63	0	0	0	0	0	0	0	129	0	0
9d771d1bc3626c8904c6c8ec5d947940	0	0	0	38	0	0	0	0	0	0	0	0	0	0	0
6e02ed43bfbd13987194e2fd403286e1	0	0	0	0	0	59	0	0	0	0	0	0	0	0	0
65c6779d9a28721c394c2e3d635e26a1	0	0	0	0	0	0	9	0	0	0	0	0	0	0	0
9d7bb03ad3bf810b903a733b3215e877	0	0	0	0	0	0	0	0	0	0	0	0	0	8	0
dc6e7e1009db4729cf603408c32f4e17	0	0	0	0	5	0	0	0	0	0	0	0	0	0	0
eaf76470e24cd4748190b1296cd96036	0	0	0	0	0	0	0	0	0	0	0	0	0	15	0
ae0841821dd3857174949f622ae87795	0	0	0	0	0	0	0	0	0	0	0	83	0	0	0
9966dfa4a4629e4952a3b1bf0750b70a	57	0	0	0	0	0	0	0	0	0	0	0	0	0	0
f5ac1ea4a5c953497b80fd1281671064	0	39	0	0	0	0	0	0	0	0	0	0	0	0	0
93b125538297d3940330d88f105416bd	0	0	0	0	0	31	0	0	0	0	0	0	0	0	0
b01598cbf84751a9c742ab60e86dcbb3	0	0	0	0	0	0	63	0	0	0	0	0	0	0	0
5c236d77a966d6ead4802af31fb1966d	0	0	0	12	0	0	0	0	0	0	0	0	0	0	0
1f198cdb8cc3e595b08c3f6cc9de6aeb	0	0	0	9	0	0	0	0	0	0	0	0	0	0	0
c523c1bf15ba5a5e05e2b21babf82d4e	0	0	0	0	0	0	0	0	0	0	23	0	0	0	0
2a7528f63eeba9d0e8a52c608e2e6395	0	0	0	0	0	0	0	0	0	0	0	0	8	0	0
236764cbab602046f35a0601d5db3a89	0	0	0	0	0	0	0	0	0	0	0	0	0	0	11
429e02662fbf99972baf97f57ab98c98	0	0	0	0	0	0	0	0	0	0	0	16	0	0	0
f63a8ab556b2187e4edd50497f8c247a	0	0	0	0	9	0	0	0	0	0	0	0	0	0	0
c72073482d386dd6c073672c8f95ab7d	0	0	0	0	0	0	0	0	0	0	0	0	0	0	23
f72b7399665a6711ba3f0b92cb235f41	0	0	0	0	0	0	0	0	0	0	0	0	0	5	0
ae556e0fe0cea7720fef34df5824bcfb	0	0	0	0	0	0	0	0	17	0	0	0	0	0	0
2e65ab06665910c9d269b9a8e099fc2d	0	0	0	0	0	0	0	0	0	0	0	0	15	0	0
e3a32d41e38e05bf9e0cfe9c1686d1eb	0	0	0	0	0	0	0	0	0	0	0	0	0	0	19
db62a411865037414758f5ede4c0b1db	0	0	0	0	0	0	22	0	0	0	0	0	0	0	0
040249c53ead0af1feb3e1c6130dc13e	0	0	0	0	0	0	0	15	0	0	0	0	0	0	0
155aabcdd93913cc8dc36d3579f4e1e9	0	0	0	0	0	0	0	8	0	0	0	0	0	0	0
389ce689905687226869c0bd628065ba	0	0	0	0	0	0	0	0	0	0	0	0	10	0	0
f11d469b009759d44a2fb3063d42a564	0	0	0	0	0	0	0	0	0	119	0	0	0	0	0
939ce344509d3ac39edfa9b6d2df66eb	0	0	0	52	0	0	56	0	0	0	0	0	0	0	0
998849da57c1a311763dca09408b55cb	30	0	0	0	0	0	0	0	0	0	0	0	0	0	15
3d3d7e8e886a26e3e03b9bbb25eaae1d	0	0	0	0	0	0	0	0	50	0	0	0	57	0	0
2853305c195d11ba0c5efe5e92853926	0	82	0	0	0	0	0	0	0	0	0	40	0	0	0
cc59951de41991fe5b5208a2acb03e7c	0	0	0	0	0	76	0	0	0	0	0	0	0	0	0
a2f0330485e79691035e5e86450825c4	0	0	0	0	0	0	0	0	0	0	0	0	0	37	0
d534666a53e141dabf8065b0b43723da	0	0	0	0	74	0	0	0	0	0	0	0	0	0	0
f73c82cdd147ef3b095208a2111b80f5	0	0	0	0	0	9	0	0	0	0	0	0	0	0	0
890b07c8d589c9234da015fb6f9d9dc6	0	0	0	0	0	0	0	0	0	0	0	0	0	0	12
9004f56ecaa30660d9f79623765bf194	0	0	6	0	0	0	0	0	0	0	0	0	0	0	0
3e31e0a266291e2da1cac5277b95c327	0	0	0	0	0	20	0	0	0	0	0	0	0	0	0
23d9db57ce904c5ab5fb4c1120dbd1f7	9	0	0	0	0	0	0	0	0	0	0	0	0	0	0
4cc9b03350d6b2530e18e3fb4ec5e58b	0	0	0	5	0	0	0	0	0	0	0	0	0	0	0
4b168f629b7ea15fa9d51db1ff60c75b	0	0	0	10	0	0	0	0	0	0	0	0	0	0	0
c20f94ca11209b399a5a3f1332f6922d	10	0	0	0	0	0	0	0	0	0	0	0	0	0	0
978d1fd50c15e6795e8e309af74fc770	0	0	0	0	0	0	0	0	0	0	0	0	44	0	0
965cd265b122dbcac8013acfbfa7038b	18	0	0	0	0	0	0	0	0	0	0	0	0	0	0
580eaf3678af1851d062d8e52611847f	0	0	0	0	0	0	0	0	0	0	72	0	0	0	0
42e060ad2762f76b9eed0d68d374f08d	0	0	0	0	0	0	22	0	0	0	0	0	0	0	0
5bd09d104d1691aaf107ec94371382fd	0	0	0	0	0	0	0	0	0	0	0	0	0	47	0
2177dbe28774d36093ad972dfeff35a7	0	0	39	0	0	0	0	0	0	0	0	0	0	0	0
c27547d76cb00bbe8f98d8428978f583	36	0	0	0	0	0	0	0	0	0	0	0	0	0	0
4a788e8908ea68d4a79013b95f31b3a8	0	0	0	0	0	0	0	0	5	0	0	0	0	0	0
bdefe89d1a08b3931639fade31b887b2	0	0	0	0	0	0	0	0	0	0	0	21	0	0	0
96986c5e4529ff8304caa67bbaea48d4	0	0	0	43	0	0	0	0	0	0	0	0	0	0	0
869d2c778b4fa8e17bcbd58d3cd53922	0	0	0	0	0	0	0	0	0	0	0	0	35	0	0
f589c943b0f4453b8e44e9dbea7d1a72	0	0	0	0	0	0	28	0	0	0	0	0	0	0	0
98067277c332c71db92fd7266d43ea3d	0	0	0	0	0	0	0	0	0	0	53	0	0	0	0
b7281def01f769528046a9da21a37eb9	0	0	0	0	0	0	0	0	0	0	334	0	0	0	0
497b5bafd8a77381b0823391a210ad2c	0	0	0	6	0	0	0	0	0	0	0	0	0	0	0
c57cb80c7a75f9325fc7dc9b23e1e754	0	0	0	0	0	96	0	0	0	0	0	0	0	71	0
4934c3e709fa2bcc001412d71b960834	0	0	0	0	0	0	0	0	5	0	0	0	0	0	0
061c86eb104185a2e554e8b5a66602fa	0	0	0	0	0	0	0	0	0	0	0	0	0	0	98
300926f08001071a64aa5526b581db46	0	0	0	0	0	0	0	22	0	0	0	0	0	0	0
fabbd117d2c2736eace49802516151a8	28	0	0	0	0	0	0	0	0	0	0	0	0	0	0
574dbe071495e39b6915da95b15c3302	0	0	0	0	0	0	0	0	0	0	0	22	0	0	0
e3938561e6bb58a8fe20672f662af357	0	0	0	0	0	0	0	0	24	0	0	0	0	0	0
e9e9f891a93dd2080c3c209fe259ce41	0	0	0	0	1	0	0	0	0	0	0	0	0	0	0
cc795f243f664910eb933ee7ef12fa4c	0	0	0	0	0	0	0	0	0	0	0	0	0	0	16
39df9e27471e9444dbb14941a4218be0	0	0	0	6	0	0	0	0	0	0	0	0	0	0	0
16aee13d07ac9cb1f7efee90bc0e1b2a	0	0	0	0	0	0	0	61	0	0	0	0	0	0	0
d966a53d126eaa76f2fd298c941ee41b	0	0	0	0	0	0	0	0	0	0	0	0	0	33	0
4f7b7b22155466b5c3c6e76abab38c36	61	0	0	0	0	69	0	0	0	0	0	0	0	0	0
7afd1cbb82f4996cc7199482ef55ea26	0	57	0	0	0	0	0	0	0	0	0	0	0	0	0
6840dcd0e553f2111a6b9d2a210c8378	0	0	0	0	0	0	0	0	0	0	0	0	0	0	128
4e7c32dd7f31875aead8adfba125eed4	0	0	0	0	126	0	0	0	0	0	0	0	0	0	0
5c8c8da3823269b196ad1431e435f571	0	0	146	0	0	0	0	0	0	0	0	0	0	0	0
0279978f61c7d053733e5b6871c5d7b2	0	0	0	0	0	0	51	0	0	0	0	0	0	0	0
2af748efc595fb872161a1366cd8dcc6	0	0	0	0	0	0	0	0	0	0	0	0	111	0	0
183eba2621fd3b09dd1f294f61de8859	0	38	0	0	0	0	0	0	0	0	0	0	0	0	0
0f626980535819439f8148486550af3d	0	0	0	0	0	0	0	0	0	0	0	93	0	0	0
de97cbebc88d6de3df1dab2efe51a137	0	0	0	0	0	0	0	0	0	0	0	0	15	0	0
95519b6a4b43fb1a60c7ba11ce6d5193	0	53	0	0	0	0	0	0	0	0	0	0	0	0	0
d1d2b6e3d7ee0c241a17043d4605d19c	0	0	0	0	0	0	151	0	0	0	0	0	0	0	0
0f848584d03095834a48f328e04f2317	0	0	0	0	0	0	0	0	0	0	256	0	0	0	0
e56682b4313f6611df60b5c0dfa1c3a5	31	0	0	0	0	0	0	0	0	0	0	0	0	0	0
c0c377d3a5b9f0b46b7633e69ceff5b4	0	0	158	0	0	0	0	0	0	0	0	0	0	0	0
87488b3776307cdcdb6bd8d7e8da8a6d	0	0	0	113	0	0	0	0	0	0	0	0	0	0	0
136818c200b9e3f1129e44ff813ec0ef	0	0	0	0	0	0	0	0	0	0	0	0	159	0	0
69b577cf91ffeab86f0ca11e1280db72	0	0	0	0	0	180	0	0	0	0	0	0	0	0	0
bf7c73dd6162b302accf52f30ac2e9bd	0	0	0	0	0	0	0	0	0	164	0	0	0	0	0
edd405ec8e3a2b50ccf6faae4ee50268	0	0	0	0	0	0	0	0	0	0	923	0	0	0	0
3f5778a5eb566690144e3ef3be8cf9f9	0	0	0	0	0	0	0	0	0	0	0	0	0	46	0
d5fe293f0dc179c3d8245ee0609b6218	0	0	0	0	0	0	0	0	0	0	0	16	0	0	0
7d723eaec3e4580c54fad2866d79ea8d	0	0	0	0	0	0	0	0	0	0	0	0	0	42	0
54758ed112e1479de36f65b2816a971c	0	0	0	0	0	0	101	0	0	0	0	91	196	0	0
f92b61732e88e839ca3ac8bbca0a818b	0	0	0	0	135	171	0	0	0	0	0	0	0	144	0
1952c56598252602e910e67d8af2c444	0	0	0	140	0	0	0	0	0	0	0	0	0	0	0
9564d115c787561593d0fb69cdeb3c56	53	0	0	0	0	0	0	0	0	0	0	0	0	0	0
8457dd4019d2f97bf5c76e591afa38d6	0	0	0	0	0	0	0	0	0	0	0	0	0	68	0
cb53a16309f022e0fbb93e35b797b629	0	0	145	0	0	0	0	0	0	0	0	0	0	0	0
eebc4fcf80720e7420bc287596c1b60e	0	0	0	0	0	0	0	0	0	0	0	50	0	0	0
96b76f896363d22d64562e078878133e	0	0	0	0	0	0	0	24	0	0	0	0	0	0	0
03e1ee66fbc2aa49ba9a41ae85461bed	0	0	0	0	0	0	0	0	0	0	0	27	0	0	0
b2a66c12e389e2aa69c8fd2a53b013bc	0	0	0	0	0	0	0	0	0	0	0	0	0	0	107
7f008d5b98deb9b941a221f5c89b23a4	0	35	0	0	0	0	0	0	0	0	0	0	0	0	0
461fb0840d0b7ce7938d491720ede976	0	0	0	0	0	0	0	33	0	0	0	0	0	0	0
e1341ff10cd90a83c1835342e3273b7c	0	0	23	0	0	0	0	0	0	0	0	0	0	0	0
1768e865593d550495d3fdf0713e3f94	0	0	0	0	0	14	0	0	0	0	0	0	0	0	0
97d183860d72756ff5474d7926db1dea	0	13	0	0	0	0	0	0	0	0	0	0	0	0	0
d0cb52dcfaf8535cc92a9bbf137ebd34	0	31	0	0	0	0	0	0	0	0	0	0	0	0	0
5db1172bb689cef0324f97c88c81d412	0	0	0	0	0	0	0	0	0	0	0	9	0	0	0
2cc43a9ea08accf294823540a4f193de	0	0	0	0	0	0	39	0	0	0	0	33	19	0	0
62772b2b8458573ebe82a0fb1c6a2848	0	0	0	0	0	0	0	0	53	0	0	0	0	0	0
c9b8aa1a8bc78f7348c5bcae51bacb8b	45	0	0	0	0	0	0	0	0	0	0	0	0	0	0
a00540c5b549097335da9035deae5a92	0	0	0	0	0	0	0	0	0	0	0	0	0	21	0
21b4e79fa4138fd8ef3c94f09f901472	0	0	0	0	0	0	0	0	0	0	0	0	76	0	0
085617468a1897a8ca51c9bc3662a630	0	0	0	0	0	0	0	0	0	0	0	0	0	0	96
d9af723591a38dde63bd5121a1c8cd02	0	51	0	0	0	0	0	0	0	0	0	0	0	0	0
6c1e7845297ddc09b85d07f62bd6f53c	0	0	0	0	0	0	0	31	0	0	0	0	0	0	0
5934cdf96b2653983f83662e9e4dcfa9	0	0	0	0	0	0	0	0	0	0	0	0	0	0	45
7cfb28d44c83bf2abd4b43c1875f8fa9	0	0	0	0	0	0	0	0	0	0	0	74	0	0	0
52b2019a4692d9817cecdd9386f65043	0	6	0	0	0	0	0	0	0	0	0	0	0	0	0
b3cf8db25b12358a7511e8a85c9b595b	0	0	0	0	0	0	0	0	0	0	0	0	0	21	0
3280e7964d568efdd1ee8aabc09b706e	0	0	0	0	0	0	0	0	0	0	0	0	0	14	0
32a56568cbacc7928bb80c9492b3e8d4	0	0	0	0	0	0	0	5	0	0	0	0	0	0	0
c99e1fadc5ddec41af7fa276ad00d1cc	0	0	0	0	0	9	0	0	0	0	0	0	0	0	0
ae55ca7a6f1f3aa31f17ef62f195b34b	0	0	0	0	0	0	0	0	0	0	0	0	0	8	0
abcbf1757efeda99fac59cf105da5550	0	0	5	0	0	0	0	0	0	0	0	0	0	0	0
47673da3edf47c16bd7fc01103ccdc85	0	0	0	0	0	0	0	0	0	0	0	0	9	0	0
075a4af6f9dc20553540e420a0f8dcda	0	0	0	29	0	0	0	0	0	0	0	0	0	0	0
1ba69aef48a293f999a3de7fed2f0ec5	0	0	0	0	0	0	0	0	14	0	0	0	0	0	0
a0a25c3615db6db91dc82398216a0e6a	0	0	0	0	0	15	0	0	0	0	0	0	0	0	0
4fcb64856fdd311f92627f70876ab18c	0	0	0	0	0	0	25	0	0	0	0	0	0	0	0
9dbd1f8c79bc55d630296ac2a75ab9aa	0	0	0	0	0	0	0	0	0	0	0	13	0	0	0
b7c3506474f7b78c7f6d99b241999bbc	0	0	0	0	0	0	0	24	0	0	0	0	0	0	0
96dc51bc5e5b7c6dc5df84ad65f5aba5	0	0	0	7	0	0	0	0	0	0	0	0	0	0	0
223efcabc93366c2cdde24916bafd043	0	0	0	0	18	0	0	0	0	0	0	0	0	0	0
7be1fcdeb853b85e5adb155f140108ef	0	14	0	0	0	0	0	0	0	0	0	0	0	0	0
59d5338b1df1ea8f56b57919d0655e52	0	0	0	0	0	0	0	0	0	0	0	10	0	0	0
02f211d326dd61c1e6681d2707a17820	0	0	0	0	0	0	0	0	0	0	0	0	0	0	13
a95b19113d4f0bc485861882d5af68e5	0	0	0	0	0	5	0	0	0	0	0	0	0	0	0
a5aaec1a1e9b5e355649890fe25a98af	0	0	0	0	0	0	0	0	0	0	0	0	11	0	0
d8d0a35e6a60b7896572ce91d7a2f0bc	0	0	0	0	0	0	0	0	0	0	0	0	0	16	0
64ba73e6f3c6bc4cb34a06f404aef1f3	29	0	0	0	0	0	0	0	0	0	0	0	0	0	0
c5246d8805271dde7b323ebc923b088e	0	0	0	8	0	0	0	0	0	0	0	0	0	0	0
33ab9aa0398ff4f7fb254b4a5a9dd7c0	0	0	0	3	0	0	0	0	0	0	0	0	0	0	0
6e745eaca1f7f62746d50c064b631648	0	0	0	5	0	0	0	0	0	0	0	0	0	0	0
e845b403c67dfd71daeabee1fb999acf	0	0	15	0	0	0	0	0	0	0	0	0	0	0	0
4a843decdf6bee25b3d6ef2c2da73ec0	0	0	0	0	0	0	0	0	10	0	0	0	0	0	0
28b1031fdd265a8a7f21f09f22993755	0	0	0	0	0	0	12	0	0	0	0	0	0	0	0
8fd515befdd8b0496cad1aa4928a3ce3	0	7	0	0	0	0	0	0	0	0	0	0	0	0	0
aec16db945549525034815eab0238e40	0	0	0	0	0	0	0	0	0	0	0	0	42	0	0
ca5289760b58f53e361042f7d8df3c41	0	0	0	0	0	0	0	0	6	0	0	0	0	0	0
5165351bd38dea9b48d98df8eab7a240	0	0	0	0	0	10	0	0	0	0	0	0	0	0	0
a273676e3e4b7367796546b624268af1	0	0	0	0	0	0	5	0	0	0	0	0	0	0	0
638df51892f038f938eb2f44a6d09c75	0	0	0	0	0	0	4	0	0	0	0	0	0	0	0
17751763662200f58c3d76e7e90f625f	0	0	0	0	0	12	0	0	0	0	0	0	0	0	0
0570fad55eec0e9149562aefa240a243	0	0	0	0	0	0	0	0	0	136	0	0	0	0	0
5f324075563424855a19e4098c190f4d	0	0	0	0	0	0	0	0	0	0	0	0	5	0	0
fc70b9df460269649de77e737627e65a	0	0	0	0	0	0	0	16	0	0	0	0	0	0	0
1a48317001b87206e4f337ab529d5d0c	0	0	0	0	0	0	0	0	0	0	0	0	7	0	0
c92c5d13a835552977d68cf9bdbd86cf	0	0	0	0	0	0	3	0	0	0	0	0	0	0	0
4f189a487117b62e0eee32a4d2b406a1	0	0	0	0	0	0	0	0	0	0	0	0	14	0	0
e61a85888132aa06df8597756cb32cd0	0	0	0	0	0	0	0	11	0	0	0	0	0	0	0
d987c07a90dd02cff5db4ad2c14b2a04	0	0	0	28	0	0	0	0	0	0	0	0	0	0	0
9e6c4c82e2e66040589154fdbbd2923c	0	0	0	0	0	0	0	0	0	0	0	0	22	0	0
db76479bf875beba6766fdbf9c1e2a90	0	0	0	0	0	0	0	0	0	0	0	0	0	15	0
a27d8ae26f6422402a2acba182113034	0	0	0	0	0	0	0	19	0	0	0	0	0	0	0
1662c7280b9c44fdd371c8466ffe6684	0	0	0	23	0	0	0	0	0	0	0	0	0	0	0
ec1fb7f0737a3edc93cb6ea93bb3ab93	8	0	0	0	0	0	0	0	0	0	0	0	0	0	0
463d05fbd7bfc04180fffb0e6b0b2b49	0	0	0	0	0	0	0	7	0	0	0	0	0	0	0
a82ae8d2200151e0651a6d4647fb436a	0	0	0	0	0	15	0	0	0	0	0	0	0	0	0
9ba9ce311540cc95e49be362d769276c	0	0	0	6	0	0	0	0	0	0	0	0	0	0	0
2a2fcfc6265f6ad91ec6311fa8bf1760	0	0	0	0	0	0	0	0	0	0	0	6	0	0	0
1f3569c2b481b61c30dabbc0c6836705	0	0	0	19	0	0	0	0	0	0	0	0	0	0	0
825a71f1bed1f6f518506a214e8d6d33	0	0	0	0	0	0	0	0	0	0	16	0	0	0	0
cb7a81ff9ca1562f0c4105385d39a5d6	0	0	0	0	0	25	0	0	0	0	0	0	0	0	0
ee5e63a3892a1a1b45d8f383a4005545	0	0	0	0	0	0	0	0	0	0	0	0	7	0	0
e19c3d7da673876fb6fec057e537308b	0	0	0	0	0	20	0	0	0	0	0	0	0	0	0
95e68907a6c05fbea05d1e30c9bbdbe6	0	0	0	0	0	0	9	0	0	0	0	0	0	0	0
93f30af5fd9330b9fbb647ab167067d4	0	0	0	8	0	0	0	0	0	0	0	0	0	0	0
92b6e8598e19ea3932c7a57aa061c5b9	0	0	0	0	0	6	0	0	0	0	0	0	0	0	0
c6798b43ea553b4fa6601587d48bc78b	0	0	0	8	0	0	0	0	0	0	0	0	0	0	0
bf3df287b25fa9ca64b628e8367967aa	0	0	0	0	0	9	0	0	0	0	0	0	0	0	0
05f4c0a3197d45716d50b40af490aaf3	0	0	0	11	0	0	0	0	0	0	0	0	0	0	0
1c76eb82c5dad373799ee8af119f55a4	0	0	0	0	0	0	0	0	0	0	0	10	0	0	0
4d9a3d4b134c70942664603af5c67360	0	0	0	0	0	9	0	0	0	0	0	0	0	0	0
9dc0871b29124291b4871226e1faec71	0	0	0	0	0	0	0	0	0	0	0	0	12	0	0
6661c53d929c72d4d7d60ee103fad57e	0	0	0	0	0	0	0	14	0	0	0	0	0	0	0
41aea44a967f999cf1d0ef51f432089f	0	0	0	15	0	0	0	0	0	0	0	0	0	0	0
54987e3abea973dd618b47917ca79616	0	0	0	0	0	0	0	0	0	112	0	0	0	0	0
73fd086ebe76fe6bf12ccaad3191a741	0	0	0	12	0	0	0	0	0	0	0	0	0	0	0
14833414e06e7dcd3729f1a53db99e85	6	0	0	0	0	0	0	0	0	0	0	0	0	0	0
8ec189c0347d061647c03db7a7187e0a	0	0	0	0	5	0	0	0	0	0	0	0	0	0	0
9c757c7473664b822c4b76323c64c983	0	0	0	0	0	0	0	0	4	0	0	0	0	0	0
e77009045af062bd8e09d8e067d0821c	0	0	0	1	0	0	0	0	0	0	0	0	0	0	0
8699aab83303ab52c7e960395e7a551b	0	0	0	0	14	0	0	0	0	0	0	0	0	0	0
e67fc866dc1597f69b075b7439013f19	0	0	0	0	0	0	0	0	0	0	0	0	0	0	12
0235fea2516f6d525b7f62c8e293389b	0	0	0	0	0	27	0	0	0	0	0	0	0	0	0
be9412a03715a4762293330b71b1f533	0	17	0	0	0	0	0	0	0	0	0	0	0	0	0
92e0fca6df8a32f50c1466a55158e9ae	0	0	0	5	0	0	0	0	0	0	0	0	0	0	0
214857415f5742370c9113f8f437e627	0	0	0	0	0	10	0	0	0	0	0	0	0	0	0
20babc0d491676a65dc180e46b9a3636	0	0	0	0	0	0	0	79	0	0	0	0	73	0	0
65b8dc8982fe10b91aafd231a60c5d2d	0	0	0	0	0	62	0	0	0	0	0	0	0	0	0
10077ddab142d87ad3b1e62e0aeede26	0	0	0	0	0	0	16	0	0	0	0	0	0	0	0
d25bd7bd8547618ce6070ff7780a13d9	0	0	0	0	0	19	0	0	0	0	0	0	0	0	0
3b5d5f7164850d38ff02e39c61d921a1	0	0	371	0	0	0	0	0	0	0	0	0	425	510	0
b76c555082798e2205dfba2083eb9199	0	0	0	0	0	449	0	0	0	0	0	0	0	0	0
f89c7762107dc585a6d335739892af6c	0	0	0	0	0	0	0	0	0	0	0	0	0	28	0
43fa7f231331427bba7abfea72e7f4f0	0	0	0	0	0	0	0	0	0	0	0	0	0	13	0
de9a5b48b375e72f306eec0a1fe68629	0	0	0	4	0	0	0	0	0	0	0	0	0	0	0
524206df90b886b7426e4d531529e220	0	0	0	0	0	0	0	0	0	0	0	0	7	0	0
30e89746bc62900d5f1f24709180b464	0	0	0	0	0	0	0	24	0	0	0	0	0	0	0
302b8565a9925d554f8d93ad78afa848	0	0	0	0	0	0	0	0	0	0	0	0	16	0	0
4625dc8e835797d9a60cfbe532d97c55	0	0	0	0	0	0	0	0	0	0	0	0	17	0	0
ee5c30c0bc27bac28a1246b9e7886a64	0	0	0	1	0	0	0	0	0	0	0	0	0	0	0
c1da6d0a5f35c0985c043d43395b5887	0	0	0	0	0	0	0	0	0	0	0	0	0	21	0
dfa1489473bb2f42d1a242c54492dc90	0	0	0	0	0	0	0	9	0	0	0	0	0	0	0
389dce7675d433b730bb90b5ddce3035	0	0	0	0	0	0	0	0	0	0	0	0	0	10	0
9228aca80e6ac3478cdcf1ec55817e7f	0	0	0	0	0	0	0	6	0	0	0	0	0	0	0
928c73eec3c141ce54e8b062054aff4b	0	0	0	0	0	0	0	0	0	0	0	0	0	0	35
2f12c6119203e01dc4e74a399859e516	0	0	0	0	0	0	0	0	0	0	0	0	12	0	0
3bece07eb6024ed702bdcf239f4a1a07	0	0	0	0	0	0	0	36	0	0	0	0	0	0	0
4c7f0fc34c6e5c02b53289f1ef30d915	0	0	0	0	0	0	0	11	0	0	0	0	0	0	0
92b104a86ff0a50dfa3978d804ad7c3d	0	0	0	0	0	0	0	0	0	0	0	0	0	0	29
8e42470e1988e625bc7dce3bdbcaacce	0	13	0	0	0	0	0	0	0	0	0	0	0	0	0
f7645c652c9c39c27e8f938b638ac00e	0	0	0	0	0	0	0	0	0	0	0	0	41	0	0
9a8acbba7a5ca2b12c2020ae9ed65b6e	0	0	0	0	0	0	0	0	0	0	0	22	0	0	0
752f90fda0dde999042d737bcc34469d	0	0	0	0	0	0	0	0	17	0	0	0	0	0	0
b5cbb2141a4638194a9004f66736f350	0	0	0	0	0	0	0	0	0	0	0	0	0	13	0
c361eb645af87a3a01db5ab8d8d679c8	0	0	25	0	0	0	0	0	0	0	0	0	0	0	0
7556f9657e4bf7b6db2ec364a9a9053d	0	0	0	0	0	0	0	0	0	0	0	0	0	15	0
19bc1feba7887903350891e9c404492c	0	0	0	0	71	0	0	0	0	0	0	0	91	0	0
c1aecaec6bb102e72d6e648a038e7eb9	0	0	0	65	0	0	0	0	0	0	0	0	0	0	0
cac5b67e73c875e452fa08dd3375cadb	0	0	0	0	0	0	0	0	0	0	74	0	0	0	0
b9620a6f040ea7716cb12aeeffffc22b	0	0	0	0	0	0	24	0	0	0	0	0	0	0	0
2029ab15a5f3e7709d75df28bee967fb	0	0	0	0	0	0	0	0	0	0	0	0	0	35	0
a1fc2f8ebbc1a12018840082c9eb284d	0	0	0	0	0	0	0	0	0	0	0	22	0	0	0
d1d3dbd09be7050e056d8b7c34da864b	21	0	0	0	0	0	0	0	0	0	0	0	0	0	0
52560edef681fa7a19dfad6529a8402e	0	0	77	0	0	0	0	0	0	0	0	0	0	0	0
0a7079f8f74ea1fade453e0dcbbd3569	0	0	0	10	0	0	0	0	0	0	0	0	0	0	0
30c166109c579eb3734e7b070627d683	0	0	0	12	0	0	0	0	0	0	0	0	0	0	0
b42df8c048e1eef843e6f75fbbc41fcc	0	0	0	0	0	0	0	0	0	0	0	0	35	23	0
ac769d47e6937f63cc2ce807339f887c	0	0	0	0	0	63	0	0	0	0	0	23	0	0	0
babd89d7e1ca0484229c2473ae116e7f	0	0	0	0	0	0	0	0	26	0	0	0	0	0	0
29f1617c1f8f5ee4432cd7dc551fbb56	0	0	0	0	0	0	0	0	0	251	0	0	0	0	0
e3117c641b2bebc50e619e70940e9f60	0	0	0	0	14	0	0	0	0	0	0	0	0	0	0
e8e75411b998c5f0179045bf8ee0fdc7	0	0	0	0	0	29	0	0	0	0	0	0	0	0	0
28351d400d07aa32e88c3795d0e30187	0	0	0	0	0	0	0	0	0	0	0	0	0	0	33
8dd270c145f27b8dff934dac70f28c4a	0	0	0	0	0	0	0	0	0	0	0	0	0	0	12
9829360fd3ba454d7c470640bcb7077e	0	0	0	0	0	0	0	0	0	0	0	0	41	48	0
eb73e9d8597620220a97e0960451573e	0	0	0	0	0	0	0	0	0	0	0	16	0	0	0
9b898aacf63f520dfc0b407a4592e397	0	0	70	0	0	0	0	0	0	0	0	0	0	0	0
eebeea4776acfab1fb76e6a99dc94e81	0	0	0	65	0	0	0	0	0	0	158	0	0	0	0
9a71e9b71032af963fc9a4e61975c816	0	35	0	0	0	0	0	0	0	0	0	0	0	0	0
4d78c7a48067769c104f8c5928820967	0	0	54	0	0	0	0	0	0	0	0	0	0	0	0
89c16ee85b28bb1b37fb9e9fe2741593	0	0	0	0	0	0	0	0	0	0	0	0	43	24	0
b7cb33760b0bc2556b56e15f76eb4440	0	0	0	0	30	0	0	0	0	0	0	0	0	0	0
5599298a9a8858251fea629e15d64715	0	0	0	29	0	0	0	0	0	0	0	0	0	0	0
0cf54d94069054c7fcef04eba675106b	0	0	0	0	0	0	19	0	0	0	0	0	35	0	0
dcd327a034c69be00fc4da0377e4d084	0	0	0	0	0	64	0	0	0	0	0	0	0	0	0
f26f865a9d0b4851df63765f353a1091	0	0	0	0	0	0	0	0	0	0	122	0	0	0	0
5f611690ba0fdbc3001b9796ec74e465	0	0	0	0	0	0	0	0	0	0	0	12	0	0	0
102c3040db026e72873425cb10d50d38	0	0	0	0	24	0	0	0	0	0	0	0	0	0	0
777ae2a2d58fd8f432193cce31f987e0	25	0	0	0	0	0	0	0	0	0	0	0	0	0	0
3b1ae804c8e54d3fb716d426efdce6b7	0	0	0	0	0	0	0	0	0	0	0	0	0	18	0
b162b7442a3cbb309d55a905fe9cabc5	0	0	0	0	0	0	26	0	0	0	0	0	0	0	0
cd64248cf1bf186193694f2b6d37c047	0	0	0	0	0	0	0	0	0	0	0	0	0	58	0
cba1393f06ca5448a5ef1d6da9a5c5ea	0	0	0	0	0	0	0	0	0	0	0	0	0	0	24
e35991efb740833d14342bfc0b1be877	0	0	0	0	7	0	0	0	0	0	0	0	0	0	0
420d1dc67a014528e2656aab4ab625d3	0	0	0	0	0	0	0	20	0	0	0	0	0	0	0
ff169ea45fde48f37e1588e3f40e7710	0	0	0	0	0	0	0	0	0	0	0	0	0	11	0
718297c565cfe29537e05cae9fec6bd4	0	0	0	0	0	0	0	0	17	0	0	0	0	0	0
8880a4011cc9f250eb1d75e79eaddfca	0	0	0	0	0	0	0	0	0	0	0	11	0	0	0
20536ea6a8056249b48b8d63e1dc660f	0	52	0	0	0	0	0	0	0	0	0	0	0	0	0
8b23457e3807f480c13a7e405b09e390	0	0	0	0	55	0	0	0	0	0	0	0	0	0	0
02454cec81bbc9f71b9103c2dd7e3729	0	0	0	0	0	0	0	0	0	0	0	50	0	0	0
9f0c530d65206b61fa1b4d9d61300b65	0	0	0	0	0	54	0	0	0	0	0	0	0	0	0
23165352a78ba03e0abd71081880d217	0	0	0	0	0	0	0	0	35	0	0	0	0	0	0
a7245a271ad025486c9e2c3c3fe7fa6c	0	0	0	0	0	0	0	36	0	0	0	0	0	0	0
2c157764527c946ede4d756e2136ce04	0	0	0	0	0	0	0	0	0	0	0	0	0	0	25
f89e0c1ff076ac902d058f28753b67bb	0	0	0	0	0	0	0	0	0	0	0	0	0	18	0
6e693aa4dc3bd98b06cbf5e19a84dc4a	0	0	0	11	0	0	0	0	0	0	0	0	0	0	0
ad0c2af5931f0f37d20d62379ded0163	0	0	0	0	0	59	0	0	0	0	0	0	0	0	0
408429a2a06133d6fe2524eba7bde8b7	0	0	0	0	0	0	0	0	0	0	0	0	0	84	0
ff6459bc59a100054ab891fa456e92ca	0	0	0	0	0	0	0	58	0	0	0	0	0	0	0
a7ecc3877c12d75b750af34d2eff856b	0	0	0	0	0	0	0	0	0	0	0	0	0	0	20
4488edb0d42f84dc3e705e4ac48a1e90	0	0	0	0	0	0	59	0	0	0	0	0	0	0	0
44b26e4932284b4b26e814f1ae3e4bec	0	0	60	0	0	0	0	0	0	0	0	0	0	0	0
c93a59245f63211dd7cd3398502c7f67	0	0	0	0	0	0	0	0	0	0	0	0	0	25	0
a8551c30cc39b0ecd82043a48c6e8a31	0	0	0	0	0	85	0	0	0	0	0	0	0	0	0
65c8cb6c9ed12be9e8be92dab33ca41f	0	0	0	0	0	0	0	0	0	0	0	0	0	28	0
a017de0527bec02a96a328aa537f5341	0	0	170	0	0	0	0	0	0	0	0	0	0	0	0
3854d407a645653660d70878eb3c3b1a	0	0	0	0	0	48	0	0	0	0	0	0	0	0	0
b2afe8a0f5f88c6e13706e7a87eb131b	0	0	0	0	0	0	0	0	0	0	0	0	43	0	0
d1c383346effda869936af47915aa91a	0	0	0	84	0	0	0	0	0	0	0	0	0	0	0
20b9e4bb50cb9484ad114fa8f57cb441	0	0	0	0	0	0	0	0	0	0	0	0	83	0	50
c939449a1b4e6c1d8ae0c1e10402fb9a	0	0	0	0	0	0	0	0	0	0	0	51	0	0	0
0bb80a41b65bd3bbfc808626c21d34bb	0	0	0	0	0	0	104	0	0	0	0	0	0	0	0
faabc9931bcf99d020658640d65b0080	0	0	0	0	51	0	0	0	0	0	0	0	0	0	0
b601ee877cd4cccd6dd87214960134bd	0	0	0	0	0	0	0	0	59	0	0	0	0	0	0
630f2c9aa8ca68823b74658dc9c79d86	0	0	0	0	0	0	0	0	0	0	0	36	0	0	0
2258c68eb3e87d183b693ddbad1ed6b2	0	0	0	12	0	0	0	0	0	0	0	0	0	0	0
c23aa4fdada3971a3450ce0f15ec9f6f	0	0	0	0	0	0	0	0	0	0	0	0	0	0	100
bada756a39c4e6bb241138d58706c5bd	0	0	0	0	0	0	0	0	0	0	0	0	0	99	0
2201e3340412f06278f2c55dcb5d1ab6	0	0	0	0	0	0	0	0	75	0	0	0	0	0	0
984499802b7a1208cb9c704f58cc16e6	0	0	0	0	0	176	0	0	0	0	0	0	258	0	0
8e8c8891302e15dccaf65a5e1fe140bc	0	64	0	0	0	0	0	0	0	0	0	0	0	0	0
8f84f8d17995e1044c6940824da2a0a4	0	0	0	0	97	0	0	0	0	0	0	0	0	0	0
03d6b0aa9df078db010d1cc30ae385c6	0	0	0	0	0	0	0	96	0	0	0	0	0	0	0
4ca7aba6e48583df2c70f14fcb4f85dc	0	0	0	327	0	0	0	0	0	0	0	125	0	0	0
0996cfe99526ef3b4b82bb9d53131399	0	0	163	0	0	0	0	0	0	0	0	0	0	0	0
dbe7528f640127b2a10047be8faafed1	0	0	0	0	0	0	74	0	0	0	0	0	0	0	0
16338ccc2820eb4221dcfa1e307f10e0	0	0	0	49	0	0	0	0	0	0	0	0	0	0	0
ec7cce47cbff890918cd3d48817b336b	0	0	0	0	0	0	0	0	0	0	0	0	87	0	0
0d21c3b304d4ad2ab2c657ae12366054	0	0	0	0	0	0	0	21	0	0	0	0	0	0	0
fa20e0b0ad5aba77cbb1b1c33820fb78	0	0	0	0	0	25	0	0	0	0	0	0	0	0	0
8e08c1abb4416f72ffc024ae223dc79e	0	0	0	0	0	0	0	0	0	0	0	0	0	21	0
7f73e79b5488305cc6370d10ca24fc6e	0	0	0	20	0	0	0	0	0	0	0	0	0	0	0
96d58becca7f60b6c31efda32d23a606	0	16	0	0	0	0	0	0	0	0	0	0	0	0	0
998b327e9984659a66aae67e8483e448	0	0	0	16	0	0	0	0	0	0	0	0	0	0	0
dc89ab72285312f0e8e9955e6720af27	0	0	0	0	0	0	0	0	0	0	0	32	0	0	0
a6906e749d26db570c4e2246cfdb02c1	0	0	0	0	0	29	0	0	0	0	0	0	0	0	0
072ccfc319c5f38a58ffec4ef22368f3	0	0	0	0	0	0	0	0	0	0	0	0	78	0	0
7da87d9f303200472ca231ba90432b19	0	0	0	52	0	0	0	0	0	0	0	0	0	0	0
d2e92a9b9393c2de98b4f9f1f18084c2	0	0	0	0	0	0	0	0	0	0	0	26	0	0	0
cf0f3b53119021e15b5333dc54b03172	0	0	0	0	0	0	42	0	0	0	0	0	0	0	0
25deb91a094891b22d7c038721c7de0f	0	0	0	0	3	0	0	0	0	0	0	0	0	0	0
8c3c6dfa4ada35e74023a60143a62794	0	0	0	0	0	32	0	0	0	0	0	0	0	0	0
64f43e0c5be812ce1a9811fb60aa8c4a	0	0	0	0	0	0	0	12	0	0	0	0	0	0	0
fa3c3584649f012f63856b09123e1b55	0	0	0	0	0	0	0	0	0	0	0	0	34	0	0
6eaed7c7f4f845adbc0027c3067440f8	0	0	0	0	0	39	0	0	0	0	0	0	0	0	0
8697e3758c01a4e8cd7d0d3e366bbe45	0	0	0	30	0	0	0	65	0	0	0	0	0	0	0
eba0e51892ca83e16a0adb539ec70a2b	0	0	42	0	0	0	0	0	57	0	0	0	0	0	0
6b4d9e5c16e14a9b145d0cd31a87e04c	0	0	0	0	0	0	0	0	0	0	0	71	0	0	0
028d4a369fa06862d70240b8966e22b1	0	0	0	0	0	0	0	0	0	0	0	0	0	81	0
73272a274a9e7c4cd81e1fbf6b5d1faf	0	0	0	0	0	0	0	0	0	0	0	0	0	0	32
58859a53aa473c3748996b4a0270e055	0	23	0	0	0	0	0	0	0	0	0	0	0	0	0
8c92284cdf397f66aec6fdcb1faf9ce6	0	0	0	0	0	22	0	0	0	0	0	0	0	0	0
2942db9c6e9b6dd299745199d90beca3	0	0	0	0	0	0	0	0	0	0	0	0	30	0	0
c671e19d55d8ac83c2e16b7fda1644c9	0	0	39	0	0	0	0	0	0	0	0	0	0	0	0
c251e72721d4373659897a19bb8e204e	0	0	0	0	36	0	0	0	0	0	0	0	0	0	0
a9d5b10bec6a335ac8e45aff16325e0b	0	0	0	0	0	72	0	0	0	0	0	0	0	0	0
aa9d3db9a84b0a9caa0dc0ef206700ce	17	0	0	0	0	0	0	0	0	0	0	0	0	0	0
f30a963a4cd347477a905fa7183f4c23	0	0	0	0	0	0	0	0	0	0	0	21	0	0	0
9c893eb7ac14310a39288789b052004c	0	0	0	0	0	0	0	0	0	0	0	12	0	0	0
56f240e27b52be74e93339e02174955c	0	0	0	0	10	0	0	0	0	0	0	0	0	0	0
ffbe1c53123d63fa8e61e4dc6f50d719	0	0	0	0	0	155	0	0	0	0	0	0	0	0	0
b407a671686b8f550efe9049a1fc4ecb	0	0	0	0	0	0	0	0	0	0	0	0	126	0	0
f83adfdef0c626e44e01ceb0e5641b0e	0	0	88	0	0	0	0	0	0	0	0	0	0	0	0
8995d09299a9603b193a162f7c89b02b	0	0	0	0	0	0	0	16	0	0	0	0	0	0	0
289fb5e50e549098b2b45147ac282e8f	0	0	0	0	0	0	0	0	16	0	0	0	0	0	0
b2bbd738ea5ea6417758faa9d03c40fe	0	0	0	0	0	0	0	0	0	0	0	0	0	26	0
d15fcacf504c294c5c69b06195e5d8ad	16	0	0	0	0	0	0	0	0	0	0	0	0	0	0
b1c21df4ead46cf7aafc59f644c1ec13	0	0	0	0	0	0	0	0	0	0	0	0	0	0	40
200eaabb66011740f2aca19dca02c4f9	0	0	0	0	0	0	0	0	0	0	0	0	134	0	0
16264e1d659693cab5a02b0d90f8e2fc	0	0	0	92	0	0	0	0	0	0	0	0	0	0	0
1ac48351025d19a6782cddb69770ed55	0	0	0	0	0	0	0	0	0	0	0	8	0	0	0
2b684966d36451664cfc0ad542d98b99	0	0	0	0	0	0	0	0	0	0	0	15	0	0	0
43b6eb939533849297a0e5be88332b28	0	0	0	0	0	0	0	0	0	0	0	0	11	0	0
42304c7cab607a5ac20a314476536c85	0	0	0	13	0	0	0	0	0	0	0	0	0	0	0
e02a10dae05edd5956ca43d69f491488	0	0	0	0	0	81	0	59	0	0	0	0	0	0	0
05aa2acaed1d47aeeebc70bab965db3b	0	0	0	0	0	0	0	0	0	0	0	13	0	0	0
dfddc9b87e580e6ca5350d5f1ebc2d8b	0	63	0	0	0	0	0	0	0	0	0	0	0	0	0
c88b8533258c03a635ba3731a7222cca	0	0	0	0	0	0	0	0	0	0	0	0	0	7	0
889f4d5f462cf8e9014a7c0bcf9ab3ff	0	0	0	0	0	0	0	0	0	0	0	0	22	0	0
07cdb722b41f50dee5168829e77f59a2	0	12	0	0	0	0	0	0	0	0	0	0	0	0	0
a2c21c521b8180e02d37238ecccf054e	0	42	0	0	0	0	0	0	0	0	0	0	0	0	0
b11a893036f9d43dbbcd1d539d0f6f7a	0	0	46	0	0	0	62	0	0	0	0	0	0	0	0
13d0c0810c94e786ad06f19aa002888b	0	0	0	0	0	0	174	0	0	0	0	0	0	88	0
8ec3d385cdc291a3bd434699da6ded9b	0	65	0	0	0	0	0	0	0	0	0	0	0	0	0
f68cbcecb45638e26ba49ac0892ff3ee	0	0	0	0	215	0	0	0	0	0	0	0	0	0	0
0217318a0f94d44bf5938aaae89d7390	0	0	0	0	0	93	0	0	0	0	0	0	0	0	0
0a8dc1dd8ef826bec31675f7f22ae317	0	0	0	0	0	0	0	0	0	0	0	84	0	0	0
c25ff292adab4cccb21b5cc935ed3dd7	0	0	0	0	0	0	0	21	49	0	0	0	0	0	0
7d29554454749e1fd5311c38c81fb394	0	0	0	0	0	0	0	0	0	0	0	22	0	0	0
713f756052f34b79b8fe95dfb72f1e74	0	0	0	45	0	0	0	0	0	0	0	0	0	0	0
ce0863a2fc2dfae452d828dcea9d2935	0	0	0	0	0	0	0	0	0	0	0	0	69	0	0
adc447f6560f511922b047f60a541a23	0	0	0	0	0	0	0	0	9	0	0	0	0	0	0
1463621ff66e8816baec96ff17c4294c	6	0	0	0	0	0	0	0	0	0	0	0	0	0	0
30599ab08dc355b8a7397907ad271688	0	0	0	0	0	0	0	0	0	0	0	36	0	0	0
0ca1f234dc2c74d7c8f02598d346c204	0	0	0	0	0	0	28	0	0	0	0	0	0	0	0
129ecafc996b81e8ace77db5bbbdf309	0	92	0	0	0	0	0	0	0	0	0	0	0	0	0
5e0988e7f2d39db00496cb8c8c5b11ae	0	0	0	39	0	0	0	0	0	0	0	0	0	0	0
129e8a5716ffef5f70e3b3dfb9e344ef	0	0	39	0	0	0	0	0	0	0	0	0	0	0	0
22a9b9d47f73959ebe7312289f23f45d	0	0	0	0	0	0	34	0	0	0	0	0	0	0	0
719ec21954c679f94870540f1509d9a4	0	0	0	12	0	0	0	0	0	0	0	0	0	0	0
ebb7f9a712007f2535da878672fd4b6b	18	0	0	0	0	0	0	0	0	0	0	0	0	0	0
46e23adbb8145efe5717251b3243fd76	0	0	0	0	0	0	0	0	0	0	0	0	50	67	0
dee720a44baa1e2e6cee6ada37e4c6c6	0	0	0	0	68	0	0	0	0	0	0	0	0	0	0
57fdd4e5b5c2e00e6d8fb2c1f8ac6c8a	0	0	0	0	0	0	0	0	0	0	0	0	0	0	26
e18d5cd0d743e7085af97fb322081f37	0	0	0	90	0	0	0	0	0	0	0	0	0	0	0
dd7f74af545d0bf5e49656408ef7ba3f	0	0	0	0	0	0	0	0	0	0	0	37	0	0	0
cecf17e0ae20146d953348b8470c66ef	0	0	0	0	0	0	0	0	0	0	0	0	0	26	0
12f81e87792b1a1169db2046efe8e354	0	0	0	0	0	0	0	36	0	0	0	0	0	0	0
1de2c18b575231ae04b505284ca196b3	0	0	0	0	0	0	124	0	0	0	0	0	0	0	0
43b399794959bda7f0339458e8d7c8e7	0	0	0	0	0	98	0	0	0	0	0	0	0	0	0
4c59547a8c5bf2b017f8e8b8e7ec150a	0	0	0	0	0	0	0	0	0	0	0	0	0	18	0
587a0236f96c75e58a81fd123945983f	0	0	0	0	0	0	0	15	0	0	0	0	0	0	0
2cda63c456e84273431e2ef1eb3577bc	0	0	0	0	0	0	0	0	0	0	0	0	0	8	0
c68b6c740413cecb3802604558758dc2	0	0	0	0	0	4	0	0	0	0	0	0	0	0	0
e41ef77680d0b36d2e2b214d116cc899	0	0	0	0	0	15	0	0	0	0	0	0	0	0	0
77a2f1d964c1e2c6ed0a4d78f5bf70d5	0	0	0	0	0	0	0	0	0	139	0	0	0	0	0
a9577265508f4b5160774b46c258821c	69	0	0	0	0	0	0	0	92	0	0	0	105	71	0
c8fb5d08d0500f4bb5e716a59ae91a5c	0	0	99	0	0	0	0	0	0	0	0	0	0	0	149
e3d371fe7ce6c96c81b6ca204ab33d3b	0	0	0	0	0	0	0	136	0	0	0	0	0	0	0
b2a543df30507bd08629b8633e9480c1	0	0	0	0	0	0	73	0	0	0	0	0	0	0	0
61db690a1df834237ecfeb1e782eb9bb	0	53	0	0	0	0	0	0	0	0	0	0	0	0	0
b17a7dd4014aa19c1ea2cab73478dd19	0	0	0	0	0	141	0	0	0	0	0	0	0	0	0
836a00fdffa1ef80638f8e30305736e5	0	0	0	0	0	0	0	0	87	0	0	0	0	0	0
56ef3ffdcad9e4c33f420483dcbae8da	0	0	0	0	0	0	0	0	0	0	0	0	0	0	62
ff1d03581939efc775fc62e25accd2ca	62	0	0	0	0	0	0	0	0	0	0	0	0	0	0
a7621ae26e92f815c36df6ed296e7a3a	0	0	0	0	0	0	0	87	0	0	0	0	0	0	0
dc99b6dc9c5007c230302f48d20cf8b7	0	0	0	0	0	0	0	0	7	0	0	0	0	0	0
24b316a73875c809566129de5262ceb4	25	0	0	0	0	0	0	0	0	0	0	0	0	0	0
3a96005d7a9af395c7a86dcc5304af95	0	0	0	0	40	0	0	0	0	0	0	0	0	0	0
5db95b22b6baee93c10140014cac0929	0	0	0	0	0	0	0	0	50	0	0	0	0	0	0
138719b65c8315e9d117d99f205dd037	0	0	0	0	0	188	0	0	0	0	0	0	0	0	0
9ad91c8f7657527200010103fa5caa16	0	36	0	0	0	0	0	0	0	0	0	0	0	0	0
8316dee3afbb1a0705db539e2420ea70	65	0	0	157	0	0	0	0	0	0	0	0	168	0	102
6be8f5847283d8b696d0291acf3258b8	0	0	189	0	0	0	0	0	0	0	0	63	0	0	0
41d192c8d0c5bdecbab323a7abfb1a63	0	0	0	0	0	0	50	0	0	0	0	0	0	0	0
d05a29c998de56b2226f16fa6fb18aff	0	0	0	0	0	0	0	0	0	0	0	0	0	117	0
09da75d6f8511e44232761dc7b72128f	0	0	0	0	0	122	0	0	0	0	0	0	0	0	0
a17ae9dddbf2c06ae107f8e58620095e	0	0	0	0	0	0	0	0	77	0	0	0	0	0	0
4aacd4ef324d117a3422a9d50c584ab2	0	0	0	0	0	0	0	0	0	0	0	0	13	0	0
91266eab04730ed2c097624bfc74d4e7	0	0	0	0	0	0	0	0	0	0	0	22	0	0	0
b95883ba40d95aa21347fd5500c770e0	0	0	0	0	0	0	0	0	0	0	0	0	26	0	0
0abf0263f814e594306dabb0a50c304a	0	0	0	0	0	0	0	15	0	0	0	0	0	0	0
785b1234686f3147ea510eda02ba7e25	0	0	0	5	0	0	0	0	0	0	0	0	0	0	0
a55860e73093e5b872f689376b91c8a1	0	0	0	21	0	0	0	0	0	0	0	0	0	0	0
3042479af483d13482d00e0c257c7875	0	0	0	0	0	18	0	0	0	0	0	0	0	0	0
697a19e71c7f5885d57ccf2f6276f408	0	0	0	0	0	0	18	0	0	0	0	0	0	0	0
2ff20c2e7cc9a6050277548ef4030ddf	0	0	0	0	10	0	0	0	0	0	0	0	0	0	0
1798d48f09796c30c84bd3737537b09e	0	0	0	0	0	0	2	0	0	0	0	0	0	0	0
054bf8d825543d526f3f05b89708b930	0	50	0	0	0	0	0	0	0	0	0	0	0	0	0
de5ebd31e9065992110a143be3916471	0	0	0	0	0	0	0	0	0	161	0	0	0	0	0
9228bd3e08a601367bdde4e39a58946a	4	0	0	0	0	0	0	0	0	0	0	0	0	0	0
22e47aec91b59949e0ef7965cb8b531f	0	0	0	0	0	0	0	0	0	0	0	0	14	0	0
e4aec7630a9313d825588598a549b2b4	0	0	1	0	0	0	0	0	0	0	0	0	0	0	0
dc38e80f8525e6f17b5e799d76abf109	0	0	19	0	0	0	0	0	0	0	0	0	0	0	0
2c1126e7e6e952851bff2e475f188a31	0	0	0	0	0	0	0	0	0	0	0	0	0	28	0
6df31c0fb135104d28d4a6ef39676560	6	0	0	0	0	0	0	0	0	0	0	0	0	0	0
0b069c054dfdabaf4cf00379839c838a	0	0	0	0	0	41	0	0	0	0	0	0	0	0	0
2f9ccfd7005ca44d64aaea355ace7336	0	0	0	0	0	0	0	0	0	0	0	0	0	10	0
133919937887bdc41af1fc6bd4ca5a34	0	0	0	0	0	0	0	0	0	0	0	0	0	3	0
e07ef58ef23a2e12c7e75868f379a0bc	0	0	0	0	0	0	0	0	19	0	0	0	0	0	0
a42afa0e01775f6f0f824c2766ac8886	0	0	1	0	0	0	0	0	0	0	0	0	0	0	0
d05b8e76a4392fbbebd7cd2275e4dd8a	0	0	0	0	0	0	0	0	0	0	0	0	3	0	0
49990adcef8a34ab41287b176afa3268	0	0	0	0	0	0	0	0	0	0	0	0	3	0	0
45d25ed6426b01bac63b0a65cf6d06e7	0	0	0	0	0	0	4	0	0	0	0	0	0	0	0
6797a473e4c6735e3ef6268cdc86a27a	0	0	0	0	0	0	28	0	0	0	0	0	0	0	0
2931a634e633f0cc329bcfa0cdd2fed3	0	0	0	0	0	0	0	0	0	0	41	0	0	0	0
3df6764ec71bf5487e3dd575ab8c699f	0	0	0	0	0	6	0	0	0	0	0	0	0	0	0
2fbc87ed14a431a806e253705fa282c0	0	0	0	2	0	0	0	0	0	0	0	0	0	0	0
00e03f0313d8afb9d888aacc4ebe6d4e	0	0	0	0	0	0	0	0	0	134	0	0	0	0	0
a98cb9556f2b8f599448206fd7080f27	0	0	0	0	0	45	0	0	0	0	0	0	0	0	0
2e9558673caeb61d18f27419f457eb42	0	0	0	0	0	11	0	0	0	0	0	0	0	0	0
d9a072d8023d3f5b92cefc2b140e2e58	0	0	0	0	0	0	0	0	0	0	0	0	17	0	0
f8a35909941ae19ff5e60432c2356768	0	0	0	0	0	0	0	0	37	0	0	0	0	0	0
2010a65b1e2b0f4559e468da16a11183	0	0	0	0	0	0	0	0	0	0	0	0	0	57	0
f6d914e686a10be2e449b857bcdf9c82	0	0	0	0	0	0	0	0	0	0	0	0	0	13	0
49660bd5a39dbf56187e87441f2e9dd1	0	0	0	0	0	0	0	0	0	0	0	28	0	0	0
c93d358acba7e18c8d65a645ce1421a6	0	0	0	0	68	0	0	0	0	0	0	0	0	0	0
66afa3f1558d4b5f980f312956c5ae93	0	0	27	0	0	0	0	0	0	0	0	0	0	0	0
672bc5c226bc6496f2372781ac5bb0c3	0	0	0	0	0	0	0	0	21	0	0	0	0	0	0
20c582b7230ac84cc2f1dd8de7c0511f	0	0	0	0	0	0	0	5	0	0	0	0	0	0	0
a72d59f161c4db40ef4da2ad8cc2406c	0	0	0	0	0	0	0	48	0	0	0	0	0	0	0
d1bca56c9f885cbcfcefdd319f037be3	0	0	0	10	0	0	0	0	0	0	0	0	0	0	0
128200c338cf0ab7c3612d765ee7b3aa	0	0	15	0	0	0	0	0	0	0	0	0	0	0	0
4cc8badaf9a9cb32cb2ad5ca6c0737be	0	3	0	0	0	0	0	0	0	0	0	0	0	0	0
270e3abdf2c9f3f9a8985b56b3b095da	0	0	0	0	0	0	0	0	0	0	0	0	0	0	27
d3b520da470f062749895d4d9119a4c6	0	0	0	0	0	0	0	0	0	0	0	0	0	0	27
3a53b6ab95002399d7c5b2072b14066a	0	0	0	0	0	0	0	0	0	0	0	11	0	0	0
f9db4c26f351a636349314aba73d8fe2	0	0	0	0	0	0	0	0	0	0	0	30	0	0	0
0a8a4cb2bb64662ba2003bf3720d90b9	0	0	0	0	0	0	0	0	0	0	0	0	18	0	0
9ee2938a1ab3e21daab8d7ebc62d7dd6	0	0	0	0	0	0	16	0	0	0	0	0	0	0	0
424468810641884d38de63e6173977c4	0	0	0	0	0	0	0	0	30	0	0	0	0	0	0
febf8f36533bf6f49d521f66b693de44	0	0	0	0	0	0	0	0	0	0	0	0	0	21	0
b4a6d42223b8adebb30858b598dc6638	0	0	0	0	0	0	0	0	0	0	0	8	0	0	0
cfb098d7e3b4a4426019dd31ff8d4760	0	0	0	0	0	0	0	0	0	0	0	0	0	0	10
57640afaf7c1cbeb7592a2b5f675c0bd	0	0	42	0	0	0	0	0	0	0	0	0	0	0	0
73cd24aed46559a5e2cd207b4f224cd2	39	0	0	0	0	0	0	0	0	0	0	0	0	0	0
2b24898f6985996e49df6749a7b2e7a4	0	0	0	0	0	0	83	0	0	0	0	0	0	0	0
87a6273804ee99c78c19e0974fa37143	0	41	0	0	0	0	0	0	0	0	0	0	0	0	0
94747bdba242fb9aa5fc3775b9679dae	0	0	0	0	0	148	0	0	0	0	0	0	0	0	0
9bd423481488f5441f6427d2b34baf67	0	0	0	0	0	0	0	0	0	0	0	0	0	0	99
147e4de3e274d9b7b41c0575d27ce88e	0	0	0	0	0	0	0	0	0	0	0	0	0	17	0
12dc4781d4f56302ae568a79c27f96d8	0	0	0	0	0	0	0	0	0	0	0	0	45	0	0
6e4aae1ec47def075753605bca8776c7	0	0	0	0	0	0	0	0	0	0	0	0	0	49	0
8967f5449edb281861faebfafbdc9101	0	0	0	0	0	0	0	0	0	0	0	0	31	0	0
0c67a609559bed911fab850012f786a1	0	0	0	0	0	0	0	27	0	0	0	0	0	0	0
527dea15a0fcb917c3456a66aaebb1d5	0	0	0	0	0	0	0	0	0	0	0	37	0	0	0
e1d17ce1a067bcfa9b5e24931c348531	0	0	0	0	0	0	0	0	42	0	0	0	0	0	0
2ea76a427fcabcdfceba35539722f63e	0	0	0	0	0	46	0	0	0	0	0	0	0	0	0
1b5c191472cf31e1bd959b9a63d302a5	36	0	0	0	0	0	0	0	0	0	0	0	0	0	0
e18cc0bcaabe834ad164032cee3d2f16	0	0	0	25	0	0	0	0	0	0	0	0	0	0	0
50583770cc8802a1392da08ff0bb239a	106	0	0	0	0	0	0	0	0	0	0	0	0	0	0
f88ea864084510fc1036a4d59483eb5c	0	0	0	0	0	0	0	0	111	0	0	0	0	0	0
8588176e460bd8f8819265c43abc103c	0	0	0	0	0	0	0	89	0	0	0	0	0	0	0
c60eeee988accc0c0eca97c45eca9299	0	71	0	0	0	0	0	0	0	0	0	0	0	0	0
7883349fa17194717ffe23c45ffbb272	0	0	0	0	0	0	0	0	0	0	0	0	0	66	0
3196a3aef6c91d0629dec4029ef0e9f2	0	0	0	0	0	0	0	0	0	0	0	0	77	0	0
b26f66aaf7129e0d6274042261ee431e	0	0	0	0	162	0	0	0	0	0	0	0	0	0	0
12f1839fe0f08bee4f7042114253a570	0	0	0	0	0	0	0	0	0	0	0	0	32	0	0
a6f3a2715a4af8a2e6bf47531cb6e870	0	0	0	0	0	0	0	0	0	0	0	0	0	43	0
ad5ffafe346bd192acb91dea91c5c132	0	0	0	0	0	1	0	0	0	0	0	0	0	0	0
b3c7b512a1753d0fd314224f16d72881	0	5	0	0	0	0	0	0	0	0	0	0	0	0	0
37c9d5af13a091fa0371b6f477b55fd1	0	0	0	0	45	0	0	0	0	0	0	0	0	0	0
b3a8f779ee72cf9839d081630b49b9ab	47	0	0	0	0	0	0	0	0	0	0	0	0	0	0
4ef849b67848dfef86e1a61e67d7fbf0	0	0	0	0	0	0	0	0	0	0	0	0	74	0	0
bf8acd32dabb3e8ef0cb766312246eb9	0	0	0	0	0	0	0	0	0	0	0	0	0	0	27
3a411cb4df1f65763308e8e6a3747086	0	0	0	0	0	0	41	0	0	0	0	0	0	0	0
8ded12e0115ced360e287286132e6369	0	0	0	66	0	0	0	0	0	0	0	0	0	0	0
a905f9be1a70cf48f27f8aa49f27184f	0	0	0	0	0	0	0	0	0	0	0	20	0	0	0
bd3e626e685e846d9e08f78ebbedb17e	0	25	0	0	0	0	0	0	0	0	0	0	0	0	0
9f7a2fcb6cdf12033c09a175f57aa018	0	0	75	0	0	0	0	0	0	0	0	0	0	0	0
b1b48a2c8525cda33ae3435659452a55	0	0	0	0	52	0	0	0	0	0	0	0	0	0	0
1a35a56c2d47c9d0e7fca4da4a96dbb9	0	0	0	0	0	0	0	0	0	0	0	0	0	0	79
38e11392c7e8bd5e0b95c4d5c530dec4	0	0	0	0	1	0	0	0	0	0	0	0	0	0	0
04ad785251fdfe48b2bdbe6bd59ae4b2	0	0	0	0	0	0	0	0	0	0	0	0	0	0	24
c2d1e1fa3464fe5b6c06cc2f0405678d	0	0	0	0	23	0	0	0	0	0	0	0	0	0	0
9c553ca494eccbf2da259a864336f1b0	0	0	0	0	0	0	0	0	0	0	0	0	17	0	0
9b8783e94a255390077ec6a19a3efc05	0	0	0	0	0	0	0	0	0	0	0	0	0	40	0
a3ab024839262edb0a0d77e06b5d5268	0	0	6	0	0	0	0	0	0	0	0	0	0	0	0
4b269fef7599e1c6dc147f4f48035669	0	0	0	0	20	0	0	0	0	0	0	0	0	0	0
37d7fe3b4718a814fadd15a0a0baea33	0	0	0	0	0	41	0	0	0	0	0	0	0	0	0
87e4651832e2d822f77358a8654494ea	0	0	0	0	0	0	0	0	0	0	0	0	0	44	0
9437ae3fa384ccb045b70b19412ec1da	0	0	0	0	0	0	0	0	0	0	0	34	0	0	0
2a23528bd1dae70eebc066ccf89465cb	0	60	0	0	0	0	0	0	0	0	0	0	0	0	0
c602ab414706135d224bc91781ac222f	17	0	0	0	0	0	0	0	0	0	0	0	0	0	0
5a6c0f913e51bc18a0a1dd69be804878	0	0	0	0	0	0	32	0	23	0	0	0	0	0	0
1c0b5663778239e9ee72407a144aaa31	0	0	0	0	0	0	0	0	0	0	31	0	0	0	0
34d8d9081813bf1519242294ccf40d6d	0	0	0	0	0	0	0	0	0	0	0	0	0	0	32
d9980b8346d99107efe05d34b8723877	0	0	0	0	0	0	0	0	0	0	0	0	35	0	0
bd7013964cebead6339f3cdc549624fc	0	0	0	0	0	0	0	18	0	0	0	0	0	0	0
729fbf1eaba99b2717801e81d33c6926	0	0	0	0	0	0	0	0	14	0	0	0	0	0	0
9a6fd757b2d92ac0560f4200b926ab43	0	0	0	0	0	0	0	0	0	0	0	13	0	0	0
31cb0c9a6f3edcaee9c46ac2b9e32688	0	0	20	0	0	0	0	0	0	0	0	0	0	0	0
78b6dfa88732e1907092c543696a0a02	0	0	0	0	0	0	0	0	0	144	0	0	0	0	0
fe376c7062ff7ae39be1c7c3dd680ce0	5	0	0	0	0	0	0	0	0	0	0	0	0	0	0
a5b9f2f26334ce93321fa6d19b339b49	0	0	0	0	0	0	0	0	31	0	0	0	0	0	69
5cadd1e5ef3858a92869771b01f8bf5f	0	0	0	0	0	0	0	0	0	0	0	29	0	0	0
dc99c0a584774ba5d73dedd5f149a871	0	0	5	0	0	0	0	0	0	0	0	0	0	0	0
a700c31ba50cfe355d3cba1e88ce7e7d	0	0	0	0	0	0	0	0	0	0	7	0	0	0	0
815c6e5d2d8993ee3b7d5a3e506331c1	0	0	0	0	0	0	0	0	0	0	117	0	0	0	0
32a8c03b0fdb4b61f14abd93e269df90	0	0	0	28	0	0	0	0	0	0	0	0	0	0	0
cc5bd759018f12cb1ead98d630a5b35b	0	0	0	0	0	0	0	0	0	0	0	24	0	0	0
bfc0cc2a7b4e0bfcadc45153696100b7	0	0	0	0	0	0	35	56	0	0	0	0	0	78	0
da7526a2df6c64db5a65c39a61cc293c	79	0	0	0	0	0	0	0	0	0	0	0	0	0	0
dbcd8954e21a51c0eabc8ac619219c6d	0	60	0	0	0	0	0	0	0	0	0	0	0	0	0
e8006841d58f01fafbb69a8807253221	0	0	0	34	0	0	0	0	0	0	0	0	0	0	0
243453f39e6e2ac57d369e321d345b6c	0	0	0	0	0	0	0	0	0	0	0	0	0	0	92
c27e522fa17c82f9a2a114b0f65eab82	0	0	0	0	0	136	0	0	0	0	0	0	0	0	0
573b031187a76d6942875b6d92115e3d	0	0	0	0	0	0	0	0	0	0	0	100	0	0	0
90224effb9d07a9844cd0fda635877c9	0	0	0	0	95	0	0	0	0	0	0	0	0	0	0
7552e9bc2acdd98cfe4f5ee30cbf7333	0	0	14	0	0	0	0	0	0	0	0	0	0	0	0
5f32b802e3a62ba85215e94af61bf8b1	0	0	0	0	0	0	0	0	0	0	0	15	0	0	0
e7cccdef6d140f633a2d1a7eb4477ef9	0	0	0	0	0	0	0	0	0	0	0	0	0	6	0
f1939a819b967e4e6796c3090dd1a551	0	6	0	0	0	0	0	0	0	0	0	0	0	0	0
cfb54d49354e5ad561c83ef237c78544	0	0	0	0	0	0	0	12	0	0	0	0	0	0	0
21e19ad9c831e7955332dc10dd4fcc31	0	0	0	0	0	0	0	0	0	0	0	19	0	0	0
dbbc223902cd9ce81bd254d4b436e34c	0	0	0	0	0	0	0	0	0	0	0	0	0	0	4
4b8c95e8f9dd55066125399418a8f1a4	0	0	0	4	0	0	0	0	0	0	0	0	0	0	0
b10a713c3fa23e60057c0ef89acea0a4	0	0	0	0	0	0	0	0	0	0	16	0	0	0	0
9fb9b552a7228789b8c4ca24502b6dd3	0	0	0	0	0	0	6	0	0	0	0	0	0	0	0
9d0da81670c59b0cb6f5d1f9def1864e	0	0	0	0	0	0	0	0	3	0	0	0	0	0	0
e9e382efbdb54c5e1a605c89c27e9624	0	0	14	0	0	0	0	0	0	0	0	0	0	0	0
ffdf9bd8fe80227bdf1d4df03229c50e	0	0	14	0	0	0	0	0	0	0	0	0	0	0	0
b76449c8fce0187898e98e83b78d69fd	0	0	0	0	0	0	0	0	0	0	0	0	0	16	0
63fa46d34ea3bae4891cddd649cc779d	0	5	0	0	0	0	0	0	0	0	0	0	0	0	0
c1ad5ce84465517b5c59a3865ef3c158	0	0	0	0	0	11	0	0	0	0	0	0	0	0	0
f4205d9963db952aab1d7826e87a9b73	0	0	0	0	0	0	0	0	0	0	0	0	0	28	0
885309e104244553de8c84c854c01f00	0	0	0	0	0	0	0	0	0	0	0	0	35	0	0
1a6026b27c55a7d9ab811ad80644b983	0	0	0	0	0	0	0	0	0	0	0	0	0	0	17
4d2fecaec4f6e84237a823206f27eb3f	0	0	0	0	0	0	0	16	0	0	0	0	0	0	0
538bf5f1960c7c86ee6a5c794a9d0069	0	0	0	0	0	15	0	0	0	0	0	0	0	0	0
4be784dbd59c4d1148bdd24a6903d690	0	9	0	0	0	0	0	0	0	0	0	0	0	0	0
01a5e2ca3fdecd8b55f036184cd20f7f	0	0	0	0	0	0	13	0	0	0	0	0	0	0	0
b25d1f9de7b52bee40125ff121e69471	0	0	0	0	0	21	0	0	0	0	0	0	0	0	0
b89c5455b73e518d6d135c2103741bd0	0	0	0	0	0	0	0	0	0	0	0	0	0	0	57
1501519688e879150ebb53e0dbe737c5	0	0	45	0	0	0	0	0	0	0	0	0	38	0	0
ca937265a500f400427667a01cea259d	0	32	0	0	0	0	0	0	0	0	0	84	0	0	0
7bb94f77b5230ecff54e2eab7f4088e7	0	0	0	0	0	0	0	0	44	0	0	0	0	0	0
8d2835449f50e7503f62abebe27626ea	40	0	0	0	0	0	0	0	0	0	0	0	0	0	0
b838c604bbe94d23aa7b56d66f5508ac	0	0	0	0	0	0	0	0	24	0	0	0	0	0	0
69979ea90e1c115cd98c6323772df55a	33	0	0	0	0	0	0	0	0	0	0	0	0	0	0
27fe71ff926dba41b96298821c4588a0	0	0	0	0	0	40	0	0	0	0	0	0	0	0	0
7e20518a33cff8831aedef0f05c17ff4	0	0	0	0	0	0	0	0	0	0	0	0	8	0	0
9295b383d1864c65b6f3c66014ef0e96	0	0	0	0	0	0	0	0	0	128	0	0	0	0	0
9959fea797a93a1c9dec9031721c4e3a	0	0	0	0	91	0	60	0	102	0	0	0	0	0	0
d0e897446d0b159c59f4250fab5aad27	0	0	0	0	0	0	0	73	0	0	0	0	0	0	0
7e4cdecbc994c4360482ee93e9ab5391	0	36	0	0	0	0	0	0	0	0	0	0	0	0	0
631b1088714613a3533ed1ffb929da43	0	0	0	0	8	0	0	0	0	0	0	0	0	0	0
2ef962b29c4a269cbc0ff098e0d06f30	0	0	0	0	0	0	0	0	0	0	0	12	0	0	0
3aca3226ecc3a26e22af1741b334070b	0	0	0	0	0	0	0	0	0	0	0	0	14	0	0
e8cc09d32b0cea219e1c1c0c1a598dd2	0	0	0	0	0	0	0	0	0	0	0	0	0	15	0
19ad7c6aa9d2fe156d99dad17f8dc230	0	0	0	0	0	0	0	0	0	0	0	0	0	0	9
cce044d4f4a8ad86f71a45079177ff56	0	0	0	0	0	12	0	0	0	0	0	0	0	0	0
c83fbd36f7e2551c2a664837a5de542c	0	0	18	0	0	0	0	0	0	0	0	0	0	0	0
270c91c994846cc5ad4f6fa5bbcfeb13	0	0	0	0	0	11	0	0	0	0	0	0	0	0	0
9bd4fd3b23ddda21f95c6c13559c8441	0	0	0	0	0	0	0	0	0	0	0	0	0	0	8
ae4ac1853bf6d9003c836081ad570913	0	0	0	0	0	0	0	0	0	0	0	0	10	0	0
0a34f4052818939beba4afcbe12028f7	0	0	0	0	18	0	0	0	0	0	0	0	0	0	0
e2cd496aae84bc7b1667f2470e74aeb9	0	0	0	0	0	0	0	0	0	0	0	0	22	0	0
1b6469cd35ece9088d322eb8e1aa93de	0	0	0	0	0	0	0	0	0	0	0	0	14	0	0
8304471ddaf582c38b01ec4fa774c2a2	0	0	9	0	0	0	0	0	0	0	0	0	0	0	0
4187c557dfec2b55b85c8354aadba767	0	44	0	0	0	0	0	0	0	0	0	0	0	0	0
daffc3211d6c34a18199915012e669a8	0	0	0	0	0	0	0	0	8	0	0	0	0	0	0
695ed7e966d469eac8090b3710a55825	0	0	0	0	0	0	0	0	0	0	0	0	0	0	73
757659fc992ab0e2b8585417a36a7fff	0	0	0	8	0	0	0	0	0	0	0	0	0	0	0
01d857e236b8eead5bfac8bea181db70	0	0	0	0	0	0	0	0	0	0	0	0	0	32	0
7bfb39ecbaecde46c5faa78544dab638	0	0	0	0	0	61	0	0	0	0	0	0	0	0	0
e09eb488b9439123baaa894b23ae1845	0	0	0	0	0	0	0	13	0	0	0	0	0	0	0
cb04f571c7f9f287f677d692e358cc0f	10	0	0	0	0	0	0	0	0	0	0	0	0	0	0
1b268217a8f15d576ab472b8d266d3ae	34	0	0	0	0	0	0	0	0	0	0	0	0	0	0
d3de800c16625f549972931863421478	0	0	0	0	0	0	0	0	0	0	0	0	0	0	45
a418c6fedd3642de32716d2e94b80a6e	0	0	0	0	0	0	0	0	0	0	0	0	14	0	0
1951bc08515c1bc784ce22a84bc5ff09	0	0	0	0	0	0	0	0	0	0	0	0	0	8	0
1c9e2121116756dd6873cfc24b31d6d8	0	0	0	0	0	44	0	0	0	0	0	0	0	0	0
d6bb1097cee48b80a362b6578fc78b64	0	0	0	0	0	0	0	0	0	0	0	0	0	0	9
b66047f7601eda200af6ff8c00eb8510	0	0	0	0	0	0	0	0	0	0	0	0	7	0	0
53556e2e5e9ded4b3a195835294c9345	0	0	50	0	0	0	0	0	0	0	0	0	0	0	0
b176cddb7fcc9fab55e50c14b2a3b391	0	45	0	0	0	0	0	0	0	0	0	61	24	0	0
44cd2ebc8f074b6f7e8ff543b79d3847	0	0	0	0	0	0	0	15	0	0	0	0	0	0	0
d7f9ec4f4913e549e5b3f7c057a42bb7	0	0	0	0	0	27	0	0	0	0	0	0	0	0	0
c53a536cfc1358fc60c8749641821cdc	0	0	0	0	0	5	0	0	0	0	0	0	0	0	0
ced30d6c2714f5d11b3c11118ca43bff	0	0	0	0	0	0	0	0	3	0	0	0	0	0	0
262b1de33df59cd2f154e0f2729b71f3	0	0	0	0	0	0	0	0	0	0	0	0	0	31	0
be37663266139fb6150c38b27bee973c	0	0	0	0	0	0	0	0	0	0	356	0	0	0	0
eabd44ac5f566a853cc0d3eabe7c0b39	0	0	0	0	0	0	0	0	16	0	0	0	0	0	0
c2a4b612585ab6f9106ed2ec3e89e0cc	0	0	0	0	56	0	0	0	0	0	0	0	0	0	0
3b51c74a9b50c5b9bf512e3bcec479c9	0	0	0	0	0	0	0	0	0	0	23	0	0	0	0
909e93adabb6f37bc9e04c161562cd20	0	0	0	0	0	0	0	0	0	0	0	11	0	0	0
76bf798d74dad6f6d588eb870d39d76d	0	0	0	0	0	0	0	0	0	0	0	0	0	21	0
600ad2123526e63ad2f78dc23f4f9f21	0	0	13	0	0	0	0	0	0	0	0	0	0	0	0
38dd0e3779284c6f399ea99c9e5e512d	0	0	0	0	0	0	0	15	17	0	0	0	0	0	0
cc87b9bcb540b798b5f49060a4c452a9	0	0	0	0	0	14	0	0	0	0	0	0	0	0	0
125c7b12e41b3d4d94922094c8d18463	0	0	0	0	0	0	0	0	0	0	0	0	0	18	0
e74292c77f6a8fad41bcff643ddad456	0	0	0	0	0	0	0	0	0	0	47	0	0	0	0
2b984bcb83d0f8ff429207391ac0e01a	8	0	0	0	0	0	0	0	0	0	0	0	0	0	0
8c8b1f8a90956b96a3d75c5fa90947bf	0	0	6	0	0	0	0	0	0	0	0	0	0	0	0
8898d3078a0edd28e952cf8041241a29	0	0	0	0	0	10	0	0	0	0	0	0	0	0	0
3e21f3d2ead2863c9178523c9db7a0e7	0	0	0	28	0	0	0	0	0	0	0	0	0	0	0
eb77cc6998472710b4d5645dbfd7dc86	0	0	0	0	0	0	0	0	0	0	0	0	5	0	0
3cb116f7bdea84eb6e6a313264f371cf	0	0	0	0	0	0	0	0	0	0	0	0	5	0	0
2d71eb4872479bdfee46d37d9025f550	0	0	0	0	0	14	0	0	0	0	0	0	0	0	0
0e6702896ecefd73f702b99778b62da4	0	0	27	0	0	0	0	0	0	0	0	0	0	0	0
8c7d355882bcc0ee9f6f354f8bbeaf0d	0	0	0	0	0	0	0	0	0	0	0	0	10	0	0
85c1d31ddc7caa8c183ee586d8db9111	0	0	0	0	0	0	0	0	0	0	0	0	0	0	44
83d1f79fb37508186545fd7daaba52d7	0	31	0	0	0	0	0	0	0	0	0	0	0	0	0
6aaf9ae0ad8dd811e4e0db9c27a7533d	0	0	0	0	0	0	10	0	0	0	0	0	0	0	0
d3bae1fc1801b1c9881251f6a8e5a41d	0	0	0	0	0	0	0	0	0	0	0	0	0	14	0
c0ebb5f055d0b4d60b5d315ab1c56f5a	0	0	6	0	0	0	0	0	0	0	0	0	0	0	0
819f846cbd6980d8eb9ae8a27c961223	0	0	0	0	0	0	0	0	0	0	9	0	0	0	0
990c1bd35eaaedaa02f022ce3f9061c0	0	6	0	0	0	0	0	0	0	0	0	0	0	0	0
f7dcbb799833ebffbbbb7412eccfbd67	0	0	0	0	0	10	0	0	0	0	0	0	0	0	0
5bd2531c8c0f29f2e6315e82d5663f9e	0	0	0	0	0	0	3	0	0	0	0	0	0	0	0
ee1142f5ca9eb7831b286501b625345f	0	0	0	100	0	0	0	0	0	0	0	0	0	0	0
5d0b65f1e736dd20ca22dec295835684	0	0	74	0	0	0	0	0	0	0	0	0	0	0	0
7941f859721dd672955efa7c42378633	0	0	0	0	0	0	0	0	0	0	0	36	0	0	0
d85784253de2eee697f3baea512d5ea3	0	0	0	0	0	0	14	0	0	0	0	0	0	0	0
72a979d163e62cbb586008747aceb2b3	0	0	0	0	0	0	0	0	0	0	0	0	12	0	0
3e307b5388ae30d16b9b46b59d5fa11d	0	0	0	0	0	0	0	0	30	0	0	0	0	0	0
a7d178d5fd5b6a9b950d35f1ad8fe17e	0	0	0	0	39	0	0	0	0	0	0	0	0	0	0
18f1b361feade5f7f30b76b4eed4d029	0	0	0	0	0	0	0	24	0	0	0	0	0	0	0
5c2c3d41aa3cf2f488936f8d61fa9740	0	0	0	0	0	0	0	0	0	41	0	0	0	0	0
c38e707e74fdd25b20cd392db6e869ba	0	0	0	0	0	0	0	0	0	0	0	4	0	0	0
31881e32706dd2b0b93f26822cb0ac00	0	0	0	0	0	0	21	0	0	0	0	0	0	0	0
496a1cb74ea327c0bf0fb61b2212d7f7	0	0	8	0	0	0	0	0	0	0	0	0	0	0	0
9862f63a92450fa93646d0ef2a85a372	0	0	0	10	0	0	0	0	0	0	0	0	0	0	0
41ff9fbc417d8712a6cfce3f8fa7b6c7	0	0	0	0	0	0	0	0	0	0	0	31	0	0	0
ce7e8665861f70bf9b35732c7cbd6640	0	0	0	0	0	0	0	0	0	0	0	0	18	0	0
a3c13770a5b43b49b416e25599ce3637	0	0	0	0	0	0	0	17	0	0	0	0	0	0	0
a1d6a9040a10120a6b6f7b8967004d5c	0	0	0	0	0	0	0	0	0	0	60	0	0	0	0
17f5721935280594e4c3ec3c2ebcb728	0	0	0	0	0	23	0	0	0	0	0	0	0	0	0
399a8c111b6a4b57dcb9235a1c99d330	0	0	0	0	0	0	0	0	0	0	5	0	0	0	0
1c9d6d36f95160f4f1e1be7c362420c9	0	0	0	17	0	0	0	0	0	0	0	0	0	0	0
2390e67a3a99e9d6df142b7de5610908	0	11	0	0	0	0	0	0	0	0	0	0	0	0	0
189faa71987479a75baf6db34fa2999a	0	0	0	0	0	12	0	0	19	0	0	0	0	0	0
708b8b97f4b24b46ee6cb73b56149789	0	0	0	0	0	0	20	0	0	0	0	0	0	0	0
4c84e6590d85d0aa7e91602dcafc3df4	0	0	0	0	0	0	0	23	0	0	0	0	0	0	0
b220e0ad04f333bda85d2d95cab73e7d	0	0	0	0	0	0	0	0	0	0	0	21	0	0	0
e414a39855b49e9a79e0f1b8392a2972	0	0	0	0	0	0	0	0	0	0	48	0	0	0	0
7091f23492e9bc8d0b2bb0b7e24ff417	0	0	0	52	0	0	0	0	0	0	0	0	0	0	0
a954091e479193bc6b28b9eaeb55e664	0	0	0	0	0	0	0	0	0	0	0	59	0	0	0
fc6e12ca71c0528bce69c397d4f3d6ac	0	79	0	0	0	0	0	0	0	0	0	0	0	0	0
2b13e7e0ca5e70986d8f981647259ad6	0	0	0	0	0	0	0	0	0	0	249	0	0	0	0
b5cb8f656f3146b962a4bd4194edeef7	0	0	0	0	0	0	0	0	0	0	0	0	29	0	0
51794753895e6451cde1c15a034f02ca	0	0	0	0	0	0	119	0	0	0	0	0	0	0	0
232dce6a1b9937cd5ff7863f215f4193	0	0	0	0	0	0	0	0	0	0	0	0	0	0	164
843e8014304a72fecb4a87dc8e76aed0	0	0	0	0	0	0	0	0	0	0	0	0	48	0	0
f9cc0955d4d66ac2ea78aa3968bbb9ae	0	0	0	0	0	0	0	0	0	0	0	0	39	0	0
b7c9900c9d52aa982326bd7587f9aac4	0	0	0	0	0	0	0	0	0	0	0	0	0	76	0
6101ba62db263027e7157e64b556d5e1	0	0	0	0	39	0	0	0	0	0	0	0	0	0	0
3653e21e8b97f50aa2feffb5195f58e8	0	0	0	0	0	4	0	0	0	0	0	0	0	0	0
194a0bb2337f309c480aa79538f0bdde	0	0	0	0	0	0	0	0	0	0	0	0	0	11	0
6b417342d1dd5dd928c0d136343c3f46	0	0	0	0	0	0	0	0	0	0	0	7	0	0	0
de168f35a480498e393e486fca0f43bc	0	0	0	0	0	0	0	0	0	0	92	0	0	0	0
2bc49f007598013b607ea01b3a8f54c4	0	0	108	146	0	0	0	0	0	0	0	0	0	0	0
8cfb1795479daded247081db1979ade5	0	0	0	0	0	0	0	0	40	0	0	0	0	0	0
c5e7a10cb1010eb96cefe9945a38a00b	0	0	0	0	0	0	84	0	0	0	0	0	0	0	0
ee9d50b354a527c9e35ab7d17382165a	0	0	0	0	0	0	28	0	0	0	0	0	0	0	0
e015dfa369a7fa4d9433ad9c779b6429	0	0	0	0	20	0	0	0	0	0	0	0	0	0	0
38393d924db003782de28fa1e62d4e23	0	0	0	0	0	0	0	0	0	0	0	0	0	0	16
6e3ee72515555b256733490134fbe59d	6	0	0	0	0	0	0	0	0	0	0	0	0	0	0
5b50b9be0cb60d97f9a4de3411d2cfd1	0	0	0	0	0	0	0	0	0	0	0	0	10	0	0
039f80ca9e4b66f67ffd6b13c93ca9b6	0	0	0	0	0	0	0	0	0	0	0	0	0	10	0
e36c5dfe0b4761fb8add0408b1fdf945	0	0	0	0	0	0	0	0	0	0	0	0	0	6	0
9fb2fa40e8dfaebca64c3188128a9273	0	0	0	0	0	0	0	0	0	0	0	0	7	0	0
b597e2ab2b2f4d7039852c14c6fe6034	0	0	0	0	0	0	7	0	0	0	0	0	0	0	0
77c528d712f1c434b74eff843bc3c740	0	0	0	13	0	0	0	0	0	0	0	0	0	0	0
061f64dc634aecac99db4ca33a51ed73	0	0	0	0	10	0	0	0	0	0	0	0	0	0	0
7c761f2c3ac3294abe202cd652037f75	0	0	0	0	0	0	0	0	0	0	0	0	0	0	16
cd0a6b70a6185788af3f0f7243cbbc86	0	0	0	0	0	0	0	0	0	0	0	0	0	8	0
74bb85d07e88252d3d6fc858f76940c5	0	0	0	0	0	0	0	0	0	0	0	0	0	0	11
2d54bb9d046d5281d92bfc035e872825	0	0	0	0	0	0	9	0	0	0	0	0	0	0	0
68b9e5f556e611775364ca1108a12740	0	0	0	0	0	0	0	0	0	0	0	0	0	0	17
a54e9f074ec40e5736076f2b869192ce	0	0	0	19	0	0	0	0	0	0	0	0	0	0	0
48f571adbbb8dbfbf7d27efb4caaadba	0	0	0	0	0	46	0	0	0	0	0	0	0	0	0
d9aefb815858be5f3600d5e16877d455	0	0	0	0	0	0	0	0	0	0	0	0	0	89	0
5e61812dc37f540921f6b0b75622102c	0	0	0	0	0	0	16	0	0	0	0	0	0	0	0
5a8f597e1f27d4cb6bad2799bc5b81ba	0	0	0	0	10	0	0	0	0	0	0	0	0	0	0
7b7bdb21454b68a2e75ad7ac62e22fb7	0	0	0	0	0	0	0	0	0	0	0	0	2	0	0
0688592310acc06f2f45c8c0bacfb5d5	0	0	102	0	0	0	162	0	0	0	0	0	0	0	0
aca3d2e1d3d38d5c95a9623e52b97b4c	0	0	0	0	0	0	0	157	0	0	0	0	0	180	0
c1725de24ea6a0c099022c370bb88110	0	0	0	0	0	192	0	0	0	0	0	0	0	0	0
861d3eab8e2d941ee27858682aed20ee	0	0	0	0	0	0	0	0	0	0	0	77	0	0	114
dda4f7c444345aa8f26fe8186ac44eb0	0	0	0	0	0	0	0	0	0	0	0	0	74	0	0
7445e3ab5d7a92bb51e38e542e9f246e	114	0	0	0	0	0	0	0	0	0	0	0	0	0	0
1054c2c1780797ed2c34f2676311e39a	0	0	0	0	95	0	0	0	0	0	0	0	0	0	0
6a7e6348f7f3b6b66d356b0ffc0a46da	0	0	0	0	0	0	0	0	0	0	0	0	0	19	0
028956c7e338bd8b32451da27c8b734f	0	0	0	0	0	0	0	4	0	0	0	0	0	0	0
763d45f3d46afc7100ee6c6207b99f61	0	93	0	0	0	0	0	0	0	0	0	0	0	0	0
2a079cfffe1076b22c6118efddc3f639	0	0	0	0	0	0	0	132	0	0	0	0	0	0	0
647c787d0e231c66d2da4c5c3b0650d1	0	0	0	0	0	0	0	0	149	0	0	0	0	0	0
255a1bd5b3234842463699071e9be78f	0	0	0	0	0	0	114	0	0	0	0	0	0	0	165
67039d12ca334288b6896a0e9c174626	0	0	0	0	0	0	0	0	0	0	0	134	0	0	0
6bf64be26b728c922d98266f4536eb63	0	0	0	0	0	0	0	0	0	0	0	0	168	0	0
752fb6590f8ea0894d89564ee64d4bb1	0	0	0	0	106	135	0	0	0	0	0	0	0	0	0
bb04f8731b6101f2f5366c2a87450ef6	0	0	60	0	0	0	0	0	0	0	0	0	0	0	0
8049cd62381fb25c266d25b80c1f359b	0	0	0	0	0	31	0	0	0	0	0	0	0	0	0
12b9d874bd1e2073dca13b098d0a5054	0	0	0	0	0	0	0	0	0	0	0	0	0	15	0
c482906ba5031979e84408b02a14001c	0	0	0	0	0	0	0	0	0	0	0	0	8	0	0
b5729f2569af76b1254661c4f7d1dc8b	0	0	0	0	0	0	0	0	0	0	0	0	11	0	0
dd15a0cf487b9aede9eb2386a52dc3bb	0	0	0	0	0	0	0	0	0	246	0	0	0	0	0
2afc8874d323fd3a4d8b6913a69fd732	0	0	0	0	0	0	0	0	0	0	0	0	0	32	0
fe677de53afaf0ca17bc285e6858a738	0	0	0	0	0	0	0	0	0	0	0	0	0	7	0
664d6bae1491ca2cc76cb59e245ebba2	0	0	0	0	0	0	0	0	0	0	0	0	6	0	0
dbae31063cb913feb1c173ceb542ca77	0	0	0	9	0	0	0	0	0	0	0	0	0	0	0
7543e933f81e3e368e73266d877baa63	0	0	0	0	0	4	0	0	0	0	0	0	0	0	0
6b816b4d3396c36de47079b162130c58	0	0	0	0	0	0	0	0	0	0	0	0	0	0	25
12efbec37033ceba2b0f3a2b69946d76	0	0	0	0	0	0	34	0	0	0	0	0	0	0	0
6db5517e95f2ad0a54dfcc79c9a7a183	3	0	0	0	0	0	0	0	0	0	0	0	0	0	0
e38b916e64440aaa82c7eb5b4ddfdd18	0	0	0	26	0	0	0	0	0	0	0	0	0	0	0
29ea9488101cc4c032bc142b2ab822d9	0	0	0	0	0	0	0	0	64	0	0	0	0	0	0
60250de3be204d31f8cb96b2b17ef059	0	0	0	0	0	0	0	0	0	0	0	37	0	0	0
4d53a8176d111038442ef9f7923243ef	67	0	0	0	0	0	0	0	0	0	0	0	0	0	0
12191f2fa1c95d34e316e2228ebfc9a3	6	0	0	0	0	0	0	0	0	0	0	0	0	0	0
c3fd28574c688951f56158705c41f250	0	0	0	0	0	4	0	0	0	0	0	0	0	0	0
e44ede04c65b33eb9ac0e3b2757b8eea	0	0	0	0	0	0	0	8	0	0	0	0	0	0	0
d3fb4dbafc369a48fde144ddb774608e	0	0	0	2	0	0	0	0	0	0	0	0	0	0	0
e365f72dd15f6156d4a7b38ed24c9b0e	0	0	0	0	0	0	0	0	0	0	0	0	13	0	0
4f01b7d3761205103572a8a315547c25	0	0	0	0	0	0	0	0	0	0	0	0	11	0	0
9fd6c33462573810afad3f8ddcb0b221	0	0	0	0	0	0	0	0	0	0	11	0	0	0	0
2619d09cad90482ca9ae81cd75e6b2cb	75	0	0	0	0	0	0	0	0	0	0	0	0	0	0
a831a0e25a93d7cfe3ae2e40b07731e7	4	0	0	0	0	0	0	0	0	0	0	0	0	0	0
a3cd93a6b99d7423119656d335bf27ec	0	0	0	0	0	0	0	0	0	0	3	0	0	0	0
c459942d1ec4cc2a5b67e96021f25697	0	0	0	0	0	0	0	0	0	0	0	10	0	0	0
e950a9eef5a52fc210f20ccf10a0a3a9	0	0	0	0	0	0	0	0	0	0	0	0	0	22	0
4c8f3fca5867f9f617718a21f825d898	0	0	0	0	0	0	0	0	0	0	11	0	0	0	0
fdad177261d5d6f8fd705d8b6d878816	0	43	0	0	0	0	0	0	0	0	0	0	0	0	0
ed5f178d094c306a124b80a9e0f7f88c	0	0	0	0	0	0	87	0	0	0	0	0	0	0	0
7049598d761f0104ba570649047904cf	0	0	0	0	0	0	0	0	52	0	0	0	0	0	0
3e3fbcafca26bddf9be992cbc2d7f2f5	27	0	0	0	0	48	0	0	0	0	0	0	45	0	0
b3ed6ff9885bbd7d41ef2f4ae6355616	0	0	0	0	0	0	0	0	0	0	0	0	0	0	49
0dac0f03a9fa6a2eac94ecedac3fdc3c	0	0	0	0	0	0	0	0	0	0	0	50	0	0	0
212e781a813c90df832bfd4136a69b95	0	0	0	0	53	0	0	0	0	0	0	0	0	0	0
389734aefd54e2b5de3bd190c41236e3	0	0	41	0	0	0	0	0	0	0	0	0	0	0	0
069f328439d2873cc024beeddf659d0e	0	0	0	0	0	0	0	0	0	0	0	0	7	0	0
a8e6fdfc17e57445e12930419b34aea6	0	179	0	0	0	0	0	0	0	0	0	0	208	0	0
f857a6ddb140372f855dc32000d3617e	0	0	0	0	0	0	0	0	0	0	0	77	0	0	0
9b4f267e84c26f5fa1432ce784e6ddb9	0	0	0	0	95	0	0	0	0	0	0	0	0	0	0
197d93f4afa7328a7bee99ce878bc3a8	0	0	105	0	0	0	0	0	0	0	0	0	0	0	0
179b490c678529037320f3497eed88a8	0	0	0	0	0	0	0	145	0	0	0	0	0	169	0
c4104a653c2ee630747992b8de31d3b6	0	0	0	0	0	0	130	0	0	0	0	0	0	0	0
54691d1a439d1f6cdf20ecf34f932e46	0	0	0	0	0	0	0	0	132	0	0	0	0	0	0
d36e5704f9cbbaa608a0e76595d1bd38	0	0	0	0	0	32	0	0	0	0	0	0	0	0	0
f2f02c8b9ab40537147ea2ff0f4e9885	0	35	0	0	0	0	0	0	0	0	0	0	0	0	0
aee8a5327c9e85ac8eefc47a3fdcfb31	0	0	0	0	0	0	0	52	0	0	0	0	0	0	0
b93ec0e91cdadbc1a5632aac72e34344	0	0	0	0	0	0	0	0	0	0	0	0	0	0	47
d9ec63d7bc235cf5369dcdb5038df563	0	0	0	0	30	0	0	0	0	0	0	0	0	0	0
022129362d9ac24807a628b6c723ac1a	0	0	34	0	0	0	0	0	0	0	0	0	0	0	0
68c47f6d2f47814dfcd3d3bdc823f3b8	0	68	0	0	0	0	0	0	0	0	0	0	13	0	0
a3d66441470de9ddbc35f85311d26d09	0	0	0	0	0	0	0	0	0	0	0	0	0	0	56
02ce348091e34b2c457535db7464eb14	0	0	0	0	40	0	0	0	0	0	0	0	0	0	0
e19f0b1cb82adfabbcc1daa49bbbbe7b	0	0	0	0	0	0	0	0	0	0	0	0	0	24	0
c84bedb35162361dd03471b295182adf	0	0	0	0	0	0	17	0	0	0	0	0	0	0	0
62afbf6937e36c62261856a89f4c24db	0	0	0	0	0	0	0	0	17	0	0	0	0	0	0
4b2743fdb079c5ea844028039fa09dff	0	0	0	0	0	39	0	0	0	0	0	0	0	0	0
176c82c3205fdf692684a07f07464f5a	0	0	0	0	0	0	0	0	68	0	0	0	0	0	78
e9a69621682fa1a97801bc7dfddd2e81	0	0	0	0	103	112	0	0	0	0	0	0	0	0	0
8942f0f2baff2c69ad3d52434623527a	0	0	0	0	0	0	0	0	0	122	0	0	0	0	0
fb81f09ccad8aaff6a62d5821921e777	0	0	0	0	0	0	0	10	0	0	0	0	0	0	0
db53a604be55f174c75e323d2eb5bb6b	0	0	0	0	0	11	0	0	0	0	0	0	0	0	0
c3d04b10c7b76f66e53c3bcf30a049d2	0	0	0	0	0	0	0	0	0	0	0	0	16	0	0
19930bdbd864b52338ee29b76940d0cf	0	0	0	4	0	0	0	0	0	0	0	0	0	0	0
04950038a54413b1fc6dd3292aa3d0f0	0	0	0	0	0	0	0	0	13	0	0	0	0	0	0
ef2988c743e247df7776dff8fbca4fe4	10	0	0	0	0	0	0	0	0	0	0	0	0	0	0
55b008f1f627202442cd431b7925daf8	0	0	0	11	0	0	0	0	0	0	0	0	0	0	0
c9a33a39d52910afeb79b251eb6f8c61	0	0	0	0	0	0	0	0	0	0	0	0	0	25	0
3555f2eccf48cf63655ef7eddbb3756f	0	0	0	0	0	0	0	0	0	177	0	0	0	0	0
3ec83b7e01344d9bec64d9605d117bf0	0	0	0	0	3	0	0	0	0	0	0	0	0	0	0
be6f553011b7e29ab691c60f85e7533c	0	0	0	0	0	0	0	0	0	0	0	0	0	0	13
6aa6c8dd4bd09570559825f324918a83	0	0	0	0	0	0	0	0	0	0	0	0	17	0	0
b4906ef65e757cd9f27b73ace6b9a134	0	0	0	0	0	0	0	0	0	0	0	12	0	0	0
eb6dcd6ca4b9fd32d82e8e1004702070	0	12	0	0	0	0	0	0	0	0	0	0	0	0	0
c3e7d4b4e850b1a785953c08eaaf7279	0	0	0	0	0	0	0	0	0	0	0	0	0	29	0
c60678bad02cb970b4e31d657bf8584b	0	0	0	0	0	0	0	0	0	0	0	0	0	0	8
7e6fcb7162519739f0c9a4f9567ef5f0	0	0	13	0	0	0	0	0	0	0	0	0	0	0	0
9b177aa6177abae3c0ac9c44b30913fb	0	0	0	0	0	10	0	0	0	0	0	0	0	0	0
375e3bc4cc61d779d13eb3169c669a67	0	0	0	0	5	0	0	0	0	0	0	0	0	0	0
084be0bc977f158b153b65e5aa86087c	0	0	0	0	0	0	0	9	0	0	0	0	0	0	0
1a1fcd3d70c44c7ed53231cce9bb9fd2	13	0	0	0	0	0	0	0	0	0	0	0	0	0	0
1320cc493df481c6a52c411e3838a003	0	0	0	0	0	0	17	0	0	0	0	0	0	0	0
fccaef75b3a3b0c6e958e3e7c8c89b97	0	0	0	0	0	0	0	0	0	0	0	0	0	0	21
05b171424ed759f800444f80c854b172	0	0	5	0	0	0	0	0	0	0	0	0	0	0	0
7a52c25b32ee86aad7eb0042e445ea4c	0	0	0	0	0	0	29	0	0	0	0	0	0	0	0
8684798c1f4ce536c7d59b4117507943	0	0	0	0	0	0	0	0	0	0	0	54	0	0	0
6fc4b001a4159b82424babae9a81d71e	0	0	0	0	0	0	0	6	0	0	0	0	0	0	0
5e17a23229b864a5cbda980afee4af24	0	0	0	7	0	0	0	0	0	0	0	0	0	0	0
5688dd175e5714496433b6ec154de155	0	0	5	0	0	0	0	0	0	0	0	0	0	0	0
8abe48d30bb57a504ce01c115f8ac64b	0	0	0	11	0	0	0	0	0	0	0	0	0	0	0
4f6465d6c65e3c12b321f843b14ad799	0	0	5	0	0	0	0	0	0	0	0	0	0	0	0
6a51b7d8c967ca65345133470d90ad97	0	0	0	0	0	0	0	0	0	0	0	0	16	0	0
d615d78ff4ce391333c1b79b29eb6248	0	0	0	0	0	0	0	0	54	0	0	0	0	0	0
76142fccd0b507340e035a466e5d7db8	0	47	0	0	0	0	0	49	0	0	0	0	0	0	0
7c676f3c9adecac2f9cc5f78ff2daa8d	0	0	0	0	61	0	0	0	0	0	0	0	0	0	0
0453e79d72b90da5175e5100d025225a	0	0	0	0	0	0	0	0	0	0	0	0	49	0	0
b2bec8aa6ee43c44c3f60ea8ed2c7219	56	0	0	0	0	0	0	0	0	0	0	0	0	0	0
ec352793533f628203b62bb41c8974ba	0	0	0	20	0	0	0	0	0	0	0	0	0	0	0
cc150e73a7529235597fdcad1a791ffe	0	0	0	0	0	0	0	0	0	0	0	0	0	38	0
8793c058ebc19d00e29df32417457602	0	0	0	0	0	0	0	22	0	0	0	0	0	0	0
3463677953ff66f9a9d393b7f6a1896a	0	0	0	0	0	0	0	0	0	0	0	0	9	0	0
342c2cdca87a79f9e366e07640417224	0	0	0	0	0	0	0	0	0	0	0	0	0	0	15
70832c96c94de1c851b3ccb0c263c178	0	0	0	0	0	0	0	9	0	0	0	0	0	0	0
8fe68942ee057fd140e61350d0a69807	0	0	0	0	0	0	11	0	0	0	0	0	0	0	0
84da2081b68a2b880197baac3a27ea63	0	0	0	0	0	0	0	0	0	0	0	0	17	0	0
b07277735b0aca9ad74c40881f5e08f3	0	0	0	10	0	0	0	0	0	0	0	0	0	0	0
3ab57820fdaa1aa9d25dd7ebaebf93f6	0	0	0	0	0	0	0	0	0	0	6	0	0	0	0
ed31dd07dcf9c27dc57ac01aaabdd252	0	0	0	0	0	0	0	0	3	0	0	0	0	0	0
b55398c7af6a0d7a54f65ef855ebfca3	0	0	0	0	0	0	0	0	7	0	0	0	0	0	0
2e0a151093ba0d45396429eb21226c32	0	0	0	0	0	0	0	0	0	0	0	0	29	0	0
d4cd573e7f0155fb3fca690589efbca5	0	0	0	0	0	0	25	0	0	0	0	0	0	0	0
9bafbdf23e9b576730e0f1818b07b5b7	0	0	53	0	0	58	0	0	0	0	0	0	0	0	0
e112a186851009d36904acfdb75da478	0	0	0	0	0	0	0	0	0	0	0	9	0	0	0
cd8a260e8253fd935e16bbd329deffef	0	64	0	0	0	0	0	0	0	0	0	0	0	0	0
f197ba0b9874887fcbfe5deeb7015640	0	0	0	0	8	0	0	0	0	0	0	0	0	0	0
f48f8afdd97e00de3147d8fdcf6ebe1e	0	0	0	0	0	0	0	0	0	0	0	0	0	0	34
4a2713de9676749ac8b2fb417ee8dfad	0	0	0	0	0	0	0	0	0	0	0	3	0	0	0
b6e0872d292f10fdf43d7d33e2c8cf74	0	0	0	0	105	0	0	0	0	0	0	0	0	100	200
1f0fbca62379f9a62868b1182ea797d0	0	71	0	0	0	0	0	0	0	0	0	0	0	0	0
ab5c187fb9a2980c12ef307ea6ac6010	0	0	0	0	0	0	0	0	0	0	0	0	73	0	0
9fbfd27e379b65c45cb0d0131d550fbd	0	0	0	0	0	8	0	0	0	0	0	0	0	0	2
eb80eaed9d9ac60e1fed44255974c21e	0	0	0	0	0	11	0	0	0	0	0	0	0	0	0
023090cf2c69e2077fe31ae1261a80c6	0	5	0	0	0	0	0	0	0	0	0	0	0	0	0
3fcb1dc0a35d9277b1b7784465b8233d	0	17	0	0	0	0	0	0	0	0	0	0	0	0	0
8744749316d1621d01e9b1b6c87d9670	0	0	0	0	0	0	0	0	32	0	0	0	0	0	0
c500b1f57bade41b3a7eacbc83dc942b	0	0	0	0	0	0	0	0	0	0	0	9	0	0	0
68b809fdf915ee7fc5d9eb1cc89f4d98	0	0	23	0	0	0	0	0	0	0	0	0	0	0	0
d037552eae19b4d1a6010542beee2991	0	0	0	0	0	0	0	0	0	0	0	0	0	0	32
4a5031bd223f504f44f26b738d1c5d30	0	0	0	0	23	0	0	0	0	0	0	0	0	0	0
e8364c3c7294abfd98c48bf7d4c8469c	0	0	0	0	0	0	0	17	0	0	0	0	0	0	0
163ec38ec670516b5121647c0c18dcbe	0	0	0	0	0	0	0	0	0	0	0	83	0	0	0
c6c28f41ccd3d976455d865025573bf6	0	0	0	33	0	0	0	0	0	0	0	0	0	0	0
a9f6d0a28f4529a409dbf927fe60344e	0	0	0	0	0	0	0	31	0	0	0	0	0	0	111
e2bf1cf7b553db78cbe4820f59fd2921	0	44	0	0	0	0	0	0	0	0	0	0	0	0	0
f47cbafa0d6f99d0c171afe2c912f6a8	0	0	0	13	0	0	0	0	0	0	0	0	0	0	0
9d2522c55a8ee111e833f7502dd3039a	0	0	0	0	0	0	0	0	0	0	0	29	0	0	0
164b347ab55a2eff16da4f32877053f6	0	0	0	0	0	0	0	0	27	0	0	0	0	0	64
1e63e1d5d76a6337448d533408d91bb2	0	19	0	0	0	0	0	0	0	0	0	0	0	0	0
2715bbe2fcdf798912d1f7d293b69d8a	0	0	0	0	0	0	0	26	0	0	0	0	0	0	0
79f9701daeb72ddf6e1d717f9ff6b5a9	0	0	0	0	0	0	0	0	0	153	0	0	0	0	0
ebe4b90471f9894ec5ce3d4b2941fcce	0	0	0	0	32	0	0	0	0	0	0	0	0	0	0
8b0bba7dc7a68c4ccbb49aa61ca735a9	0	0	0	0	0	0	30	0	0	0	0	0	0	0	0
e7d4ec7d3b9f60a09fd417d1a19fc6e9	0	0	0	0	0	0	0	0	22	0	0	0	0	0	0
97c51d00edafaccfc453efcd96b028ba	24	0	0	0	0	0	0	0	0	0	0	0	0	0	0
29d2ac027a10bb074542b268897ccdfd	0	0	0	0	0	0	0	0	0	0	0	0	0	0	25
40cdc762290fe926adcbbc4782ca6ba0	22	0	0	0	0	0	0	0	0	0	0	0	0	0	0
bd2d1b621df9e0884524babb23f8eaf4	0	0	44	0	0	0	0	0	0	0	0	0	0	0	0
17857f29f4d0592a4fb8337f73fc631f	0	0	0	0	0	0	0	0	0	0	0	0	0	0	11
83c868833aaeb4f2a069e5506558a6ee	0	0	0	7	0	0	0	0	0	0	0	0	0	0	0
a2be78abe7f44346e078e279674e5f93	0	0	0	0	0	0	0	0	0	0	0	96	0	0	0
e4c635a805235f2625c59503ecb3b6c0	0	0	0	5	0	0	0	0	0	0	0	0	0	0	0
418bdab14631b12866fa44c7a8ee9c30	0	0	0	0	0	27	0	0	0	0	0	0	0	0	0
c48188c4c9802585e40573e05e7f7fe2	0	0	0	0	0	0	0	0	0	0	0	0	0	14	0
e6019b7f17626bbf24bbe9c46e6c34a3	0	0	0	0	0	0	0	0	0	0	0	0	20	0	0
acda985d3f7f5c343e77b78389239d5a	0	0	0	0	0	0	0	0	0	158	0	0	0	0	0
7d5f86840c32e77df208586ececfe4a1	0	0	0	0	0	0	0	0	0	165	0	0	0	0	0
766131b51fba84fea14ec01dea7e00ea	0	0	0	20	0	0	0	0	0	0	0	0	0	0	0
3387c48805d09c912691ef4ba2b21627	0	0	0	0	0	0	26	0	0	0	0	0	0	0	0
febae1ad09d83a81b56afd955056e63f	0	7	0	0	0	0	0	0	0	0	0	0	0	0	0
a012a356da2dc6abf441c2ce5005f584	0	0	0	0	9	0	0	0	0	0	0	0	0	0	0
4e2567c9514bc2d7b031f389506caa42	0	0	7	0	0	0	0	0	0	0	0	0	0	0	0
a7b8114f13da96c760e8a04919ed1a5b	0	0	0	5	0	0	0	0	0	0	0	0	0	0	0
c88ea8978b960aa51cd2c45917063a4d	0	0	0	35	0	0	0	0	0	0	0	0	0	0	0
89a68b26e87d0a1584ef8880eeebf0d4	0	0	0	0	0	0	0	0	0	0	0	0	0	0	11
e78e75eaed3e0473f666f5a7d8693093	0	0	0	0	0	0	0	0	0	0	0	0	8	0	0
2ff454283d9f7e68814d550adc841542	0	0	0	0	0	0	0	0	0	0	7	0	0	0	0
3f6c6ad0ca6f3daa7acc62ce3f79975c	0	0	0	0	0	0	0	0	0	232	0	0	0	0	0
33999a281856e8881fffec90d549d11f	5	0	0	0	0	0	0	0	0	0	0	0	0	0	0
4353be5cb8d5ce2f929cd5c3696096db	0	0	0	0	0	0	0	0	0	0	0	0	7	0	0
fed5858f2f6229d210354ab152de873d	0	0	7	0	0	0	0	0	0	0	0	0	0	0	0
f8db7522e97f327b5d5e37cd89cde2e6	0	0	0	0	0	10	0	0	0	0	0	0	0	0	0
e87783a063172fed9b2fc3eec3622a94	0	0	0	8	0	0	0	0	0	0	0	0	0	0	0
fc274cf201bcb8da3ab282ec1567f828	0	0	0	2	0	0	0	0	0	0	0	0	0	0	0
f0e863c4ed99835e0502330bf068af1e	0	0	0	0	0	0	0	0	0	0	0	0	0	34	0
a82d248f509c7c836a96f4b0188e3f2d	0	0	0	0	0	0	0	0	0	0	0	0	0	8	0
f074995f180cfc655a62f903971bedef	3	0	0	0	0	0	0	0	0	0	0	0	0	0	0
f460bb4ef77a5249eee8d4dc475b5eb2	0	0	0	0	0	0	0	8	0	0	0	0	0	0	0
05c87dd20814544afeac2ff0067e0113	0	6	0	0	0	0	0	0	0	0	0	0	0	0	0
6b1b8f77379888f0b6bbfe31d21309fb	5	0	0	0	0	0	0	0	0	0	0	0	0	0	0
ece62f0adc26cba7443d2dab7feba67a	0	0	0	0	0	0	0	0	0	0	9	0	0	0	0
f0938dc4159cf7420376bf96149f1b6e	0	0	0	0	0	0	14	0	0	0	0	0	0	0	0
caf7e217bdb096028b71031651fa56ab	0	0	0	0	0	0	0	0	14	0	0	0	0	0	0
c583578c317ad78caad5a5850fa5f52e	0	0	0	0	0	0	0	0	0	0	0	0	21	0	0
c550035128363babe2923362fb6c3f7b	0	0	0	0	0	0	0	0	0	0	0	0	24	0	0
8f436769f6254c57a680ab6c23daa1a3	0	46	0	0	0	0	0	0	0	0	0	0	0	0	0
18d0f304b0a8bf869e6f38cddc4144c5	0	0	0	0	0	0	52	0	0	0	0	0	0	0	0
8a6a28fc82b7ef41adb9384db3da0df0	0	0	0	0	0	0	0	0	0	0	0	0	20	0	23
7017aafb6dcb79e544fd3c763d38c95f	0	0	0	0	0	58	0	0	0	0	0	0	0	0	0
ea83fa2ffbc71b04af41f74ab99242a4	0	0	0	2	0	0	0	0	0	0	0	0	0	0	0
9992c2468fa71b45662c85c3c3aaf600	0	0	0	0	0	0	0	0	3	0	0	0	0	0	0
f910aed25be7617cfe82a67bda31f20b	0	0	0	0	11	0	0	0	0	0	0	0	0	0	0
2b0b69ea50366211b8ed508f9f415378	9	0	0	0	0	0	0	0	0	0	0	0	0	0	0
527dde3edb952dbc8f08180a2bcf6f33	0	0	0	0	0	0	0	0	0	0	0	0	0	16	0
b6e82deffa05bcee884f31539743ae56	4	0	0	0	0	0	0	0	0	0	0	0	0	0	0
be01a2c445ba12bde9b3a4bb295c8735	0	0	0	0	0	0	29	0	0	0	0	0	0	0	0
49219fa605da2c2e6471f826cf55db5b	0	0	0	0	0	0	0	15	0	0	0	0	0	0	0
9a4e9329c9c6871c6b5dd81e23299269	0	0	5	0	0	0	0	0	0	0	0	0	0	0	0
6b19779408e77fb00291997e0ccd44ba	0	0	0	0	34	0	0	0	0	0	0	0	0	0	0
3d8793b6830e8e26e4945c647cf48809	0	0	0	0	3	0	0	0	0	0	0	0	0	0	0
0437de61cd5a8200d5a481ab881457be	0	0	0	0	0	52	0	0	0	0	0	0	0	0	0
7be7cb38b6b2440dd2896e5f50f955f7	0	0	0	0	39	0	0	0	0	0	0	0	0	0	0
82f9dfe16cce624192ff9ee519b5bc96	0	0	0	0	0	0	0	0	0	0	0	13	0	0	0
b5589d8002b274e2b8580aa6ba5ea616	0	0	0	0	0	0	0	8	0	0	0	0	0	0	0
63b22ab4dcb02232a24d9897214e87b0	0	24	0	0	0	0	0	0	0	0	0	0	0	0	0
acb81e27fac952c23c1462661b10c89f	0	0	0	0	0	0	9	0	0	0	0	0	0	0	0
b90d88fb09b217f4c86bc1e431cf012d	0	0	0	0	0	0	0	0	0	293	0	0	0	0	0
bef8ccd691fecfa455cffab0fde78cc0	0	0	0	0	0	0	0	0	0	0	0	0	2	0	0
01094629522c39277daef20c612a180e	0	0	0	0	0	0	0	0	9	0	0	0	0	0	0
5860d9f8e8a4b6047e221d5db3388d74	12	0	0	0	0	0	0	0	0	0	0	0	0	0	0
2cc04c90f98c9851344d3da4edaa88e3	0	0	0	0	0	0	0	0	0	0	0	0	59	0	0
53956307dda6b3ab8b94ceaea11955cc	0	115	0	0	0	0	0	0	0	0	0	0	0	0	0
7caa195adc44282199cf88c0c5514cb7	0	21	0	0	0	0	0	0	0	0	0	0	0	0	32
d6e0a2ca9bf164e4066e72908b36c408	0	0	0	0	0	0	0	3	0	0	0	0	0	0	0
4f5a555361e7ad13aad5b5bce09e692d	0	0	0	0	0	0	0	0	5	0	0	0	0	0	0
3ef6c64420eb254899987892b115f36f	0	0	0	22	0	0	0	0	0	0	0	0	0	0	0
55e224d17bdf04ffeb435c15381fce4b	0	40	0	0	0	0	0	0	0	0	0	0	0	0	0
87b50360ff56291fb86193b529b0b3b9	0	0	0	0	0	0	0	45	0	0	0	0	0	0	87
236205ad7e0fd48b33a4b1f242137a06	0	0	0	0	0	0	0	0	0	0	0	55	0	0	0
1fcf38d4a59536ea3e7a197c8de903dd	0	0	0	0	0	0	161	0	58	0	0	0	0	0	0
f613086b46efac9729cc2310d64950a7	34	0	0	0	0	0	0	0	0	0	0	0	0	102	0
c243114071e7dd2396dd86bfaa3acb3a	0	0	0	0	0	0	0	0	0	0	0	0	0	31	0
188538715301db2bb32e4a6023495afc	0	0	0	0	0	14	0	0	0	0	0	0	0	0	0
c46b58fcd0e0292c51c4256dc0593a8c	0	0	0	0	0	10	0	0	0	0	0	0	0	0	0
a43b2fdbeb4f534c6081608b7d0dd9db	0	0	0	0	0	14	0	0	0	0	0	0	0	0	0
32555e5aff3ec3337ae6270767d6ff9e	0	0	0	0	0	15	0	0	0	0	0	0	0	0	0
b61a0c8b0aa2489849034807646a14af	0	0	0	0	0	0	0	0	0	0	0	0	0	0	26
696ed7df37e2ce3147b4f176e61d72a9	0	0	0	10	0	0	0	0	0	0	0	0	0	0	0
73217779a0d3e142f851e42e123ad1e1	0	0	0	0	3	0	0	0	0	0	0	0	0	0	0
19ed08397d3e3eab0415b1e8194e6c40	0	0	0	0	0	0	0	0	0	0	0	45	0	0	0
c25c0d63e7cb3cc99f9243c2ce7937ad	29	0	0	0	0	0	0	0	0	0	0	0	0	0	0
dfec24dd20a41647867ce0aea51c1adf	0	0	0	0	0	0	0	0	0	0	0	0	0	79	58
eb8b011d0b43032a2a33ded5b9349b26	0	0	0	0	57	0	0	37	0	0	0	0	0	0	0
7aa9a42221aa4f7cd5da9d321c8dc117	0	0	25	0	0	0	0	0	0	0	0	0	0	0	0
f3910e2f28bdc3ecde041279bffc77b4	0	0	0	0	0	0	0	0	0	0	0	0	5	0	0
0af221c105f3c5dbb08a055caa426606	0	0	0	0	0	0	0	0	0	0	0	0	0	18	0
05185d229d2642303bab75f7982975e6	0	0	0	0	0	0	0	4	0	0	0	0	0	0	0
7b5ac8c3b96c859dc7ef2086b6f53621	0	0	0	0	0	0	0	0	0	0	0	0	0	9	0
155d1468075dd62ba826e18a96ff96fd	0	0	0	0	0	0	0	0	0	0	0	22	0	0	0
247859371e72bdca3dd5ae9ce99ab1d5	0	0	0	0	0	0	13	0	0	0	0	0	0	0	0
59872059a46259018eb88757388a78e9	0	0	0	0	0	0	0	0	0	0	0	0	0	35	0
687061257059329afa6a9fda81cadbc4	0	0	39	0	0	0	0	0	0	0	0	0	0	0	0
b40d205ab30fce6be041a19afde24afe	0	0	0	0	0	0	15	0	0	0	0	0	0	0	0
202fa609b50ae64dda763972ff872f12	0	0	0	0	0	0	0	0	0	0	0	0	11	0	0
c93c25753779245d9210e3cd96f224f3	0	0	0	12	0	0	0	0	0	0	0	0	0	0	0
c8b7ac5ff9c215cec321d35f18ffacbf	0	0	0	0	0	0	0	16	0	0	0	0	0	0	0
2203ee4fc912f860af380b57f771520c	0	0	38	0	0	0	0	0	0	0	0	0	0	0	0
c328229166e212e5c1a99fbbdba12865	0	0	0	0	0	0	49	0	0	0	0	0	0	0	0
bea5bce7b583aef4d1ef2ef61e3f861d	17	0	0	0	0	0	0	0	0	0	0	0	0	0	14
e2f16365d300e973ab12aaf192d64c52	0	0	0	0	0	0	0	0	7	0	0	0	0	0	0
08d66e51bb35e811700fe0fe2277275c	0	0	0	0	0	0	0	0	0	0	0	0	34	0	0
cfafe02e9a4203583c7405ccdea6af8f	0	42	0	0	0	0	0	0	0	0	0	0	0	0	0
df4835083c695d1f0b8c1b586618aa04	0	0	0	0	0	0	0	0	0	0	80	0	0	0	0
79054537641272d74916bb617fdb943b	0	0	4	0	0	0	0	0	0	0	0	0	0	0	0
dcba2c8d6f8363c9a06e1ce3b3aefa7f	0	0	0	0	0	0	0	0	0	0	0	0	0	30	0
891466436b9061fc533ffa0848e61413	0	0	0	0	0	0	49	0	0	0	0	0	0	0	0
4bc794b923427e1af06973f3b6b5763f	0	0	0	0	0	0	0	0	0	0	0	3	0	0	0
91ddd9c8a3377c8a053005c85c76feb6	0	0	0	0	0	6	0	0	0	0	0	0	0	0	0
4a1d960f971d50e8f5a3a1446c994643	0	0	27	0	0	0	0	0	0	0	0	0	0	0	0
f7632865969a7e80a53fb66425d8b80e	13	0	0	0	0	0	0	0	0	0	0	0	0	0	0
f96fff93fb66d7ac9a9f4c3b3c4dd0ad	0	0	0	0	0	25	0	0	0	0	0	0	0	0	0
af8179e2fcec0c4d8820c7ad670ad175	0	0	0	0	0	0	0	0	0	0	0	0	0	0	43
865ba9b74e1a6bea22f88445d12f68b7	0	0	0	0	0	0	0	0	0	0	0	18	0	0	0
e5a72fad85d65043b6d632812928356e	0	0	0	0	0	21	0	0	0	0	0	0	0	0	0
f719564e1ae9cde8ea0c035a57254143	0	0	0	0	0	0	0	0	0	117	0	0	0	0	0
20e8dcf59666951c0faa76214a55c131	0	0	0	0	0	0	20	0	0	0	0	0	0	0	0
f02bfedc051d8cea1258e5f2579c9d56	51	0	50	0	0	0	0	0	0	0	0	0	0	0	0
bd730d4c2573550068d6708cbbd93165	0	0	0	0	0	0	0	0	38	0	0	0	0	33	0
3a8adda9a5b8ba28b78c41774775639c	0	0	0	0	0	0	0	0	0	0	0	0	14	0	0
781b0005d1a5e2e8b5cc7baac676adea	0	23	0	0	0	0	0	0	0	0	0	0	0	0	0
32d53c02eba7197ef6fbda9e0bded46c	0	0	22	0	0	0	0	0	0	0	0	0	0	0	0
9571085099ea4a86a25e59113cdca7c3	0	0	0	0	0	0	0	0	19	0	0	0	0	0	0
661de663092cf75603f760b37cc114e7	0	0	0	0	0	0	0	0	0	0	0	0	12	0	0
8cb65de6364bbdfe0c80b75a88b89bb1	0	0	0	11	0	0	0	0	0	0	0	0	0	0	0
8c3d6dbffc176cfea9b43d4511b964b6	0	0	0	8	0	0	0	0	0	0	0	0	0	0	0
f5ccf0c5d258015725a4cb719d47fdef	0	0	0	0	0	12	0	0	0	0	0	0	0	0	0
af96957d41260f92e3d2408db2ab84da	0	0	0	0	0	13	0	0	0	0	0	0	0	0	0
5c50a7e8b9df79ca23cbe749b109afdc	0	0	0	0	0	0	0	0	0	0	0	0	0	0	19
4f08677479370124a1d1a7513cd3a7ca	0	0	0	0	0	0	0	0	0	0	0	0	0	0	9
67034598813bfa9d7e4c007e0dc33779	0	0	0	0	0	0	0	0	0	0	0	0	19	0	0
33d62fc07a487216778f392c55a71c2e	0	0	0	0	0	0	192	0	0	0	0	0	0	0	0
26a21697afb1af9118c7cd4af2a20de2	0	0	0	0	0	0	0	0	0	0	0	268	0	0	0
d3c59238c084970d228c63dd742d9436	0	0	0	0	0	0	0	0	0	0	0	0	222	0	0
f12c44ebc4cc78480213b67c4af5dd52	0	0	0	0	0	0	0	0	0	0	0	0	0	34	0
b9de9b0176545454cd28c0025f46c546	0	204	0	0	0	306	0	0	0	0	0	0	0	0	0
01b91bcfc63782445b12060d3caedcfc	0	0	0	0	0	0	0	0	0	0	0	0	0	0	268
7ff49017280616b46b6610b475089e5b	0	0	0	0	0	0	0	117	0	0	0	0	0	0	0
5290ec86a2e591581930a95fbb0df572	0	0	0	0	0	0	0	0	157	0	0	0	0	0	0
b7a277444301acf93a42ead122ffea2e	0	0	0	0	40	0	0	0	0	0	0	0	0	0	0
6cbe68df95a4ebb93b81088fe2575cd1	0	0	0	0	0	0	0	0	0	300	0	0	0	0	0
6bd24037cc7a5936ef3947294dc41e0e	0	0	0	0	0	0	0	0	0	258	0	0	0	0	0
c3ee09613e79bd258b9a54a793f6ed28	0	0	0	0	40	0	0	0	0	0	0	0	0	0	0
3da3b013c2bd2f875864427a1c9fa362	0	0	0	11	0	0	0	0	0	0	0	0	0	0	0
d56f00eeb9bebcb3431e11d7ba2f2cfc	20	0	0	0	0	0	0	0	0	0	0	0	0	0	0
8b02ba94c739336729a533dcf8e9d48d	0	9	0	0	0	0	0	0	0	0	0	0	0	0	0
9b0e6f708a6dddce77b5ec6c9ffba469	0	0	0	0	0	0	0	0	0	0	0	0	0	92	0
c875d514d0eeaabff0184437eae8ee67	0	0	0	0	0	0	0	0	0	0	0	0	0	0	26
c8ce1ac370ee648e19bc9a5f1f2064aa	0	0	0	0	0	0	0	0	0	0	0	73	0	0	0
2feb62671dfaac5f3c137319484b2866	0	0	53	0	0	0	0	0	0	0	0	0	0	0	0
e39da1c0d4d58ac520abe6c036e73939	0	0	0	0	0	0	0	0	20	0	0	0	0	0	0
fb9d83190f3db02ecc9dcdbbf9a30ff3	0	0	0	0	193	0	0	0	0	0	0	0	0	0	0
cd3bbddd62a9bfec3888e23e0eab4576	169	0	0	0	0	0	0	0	0	0	0	0	0	0	0
851567806b1e5e789cb121b91dc42435	0	0	124	0	0	0	0	0	0	0	0	0	0	0	0
3d6cc90aff942d89177198b4dcb9fc92	0	0	0	0	0	0	0	0	0	0	0	0	0	168	0
53a0f7e4b4b2b7a03e906af7153bc926	0	0	0	0	0	0	0	0	0	0	0	0	0	21	0
a5df9bf5d3754e22b59544a6f4dda178	0	0	3	0	0	0	0	0	0	0	0	0	0	0	0
e7762f08786b43b24aed318ea3cbb792	0	0	0	5	0	0	0	0	0	0	0	0	0	0	0
9e76af2bc2a3143ad58f68d566e5b84b	0	0	0	0	0	12	0	0	0	0	0	0	0	0	0
e6a6e9cd5a354f8f61069ec13c60ab2d	0	0	0	11	0	0	0	0	0	0	0	0	0	0	0
3201a37c56756d3d99215b1565ede9d2	0	0	0	0	0	0	0	0	0	0	0	0	11	0	0
e31823e52699e963276526436361b85e	0	0	0	0	0	0	0	0	11	0	0	0	0	0	0
9a82cebdd1a3599516fdcdcce6105e1f	0	0	0	0	0	0	0	0	0	0	0	0	0	21	0
84f95eda0ca71c98afc904e86a542407	0	0	0	0	0	13	0	0	0	0	0	0	0	0	0
9422f79b415005da86147770e18b72e6	0	0	0	0	0	0	0	0	0	0	0	13	0	0	0
99f5294e2688f8fbe8fb66b2064d4e35	0	0	0	0	0	0	0	0	0	0	0	0	12	0	0
b470216efeda933d31f149ef52c7e5de	0	0	0	0	0	0	11	0	0	0	0	0	0	0	0
d208691782aeb8b86e8e9a98378ac13b	0	0	0	0	0	16	0	0	0	0	0	0	0	0	0
50af2f3439f9d5444de38ab8299e4444	0	0	0	0	12	0	0	0	0	0	0	0	0	0	0
96c766d7257436265dfd5313a5fcb692	7	0	0	0	0	0	0	0	0	0	0	0	0	0	0
ca0bfdda2d3dd737cb06c229d2d32c20	0	0	0	0	0	0	12	0	0	0	0	0	0	0	0
9831c75be1c53fad208ddc27c972804c	0	0	3	0	0	0	0	0	0	0	0	0	0	0	0
62443aaadd3f82409db303496d435e51	0	0	21	0	0	0	0	0	0	0	0	0	0	0	0
e88489fec722bfd793a5cb8aba1f5e01	0	0	0	0	0	0	0	0	0	0	0	9	0	0	0
03cc639b24a039d82388a454c44a1813	0	0	0	0	0	16	0	0	0	0	0	0	0	0	0
3dfd391cab2ca04f80ecd7b61a625e4e	0	0	0	0	0	0	0	0	0	137	0	0	0	0	0
99a44abcc8f5cb7439fd16ae1428282d	0	0	0	0	0	0	0	0	0	0	21	0	0	0	0
694ed15ad89f972fb48669c1cb25981d	0	0	0	0	0	0	0	0	0	427	0	0	0	0	0
be0ab8c2f8f855a31d069b6e22d2188b	0	0	0	0	0	0	0	0	0	141	0	0	0	0	0
57a889b438d0e85150da0eac644354fd	0	0	9	0	0	0	0	0	0	0	0	0	0	0	0
d1c262dcc2a0bfbacd021c185ec64529	0	0	0	0	0	0	0	0	0	0	0	0	0	3	0
52f5746e13cb522fbddf567a8a5c235f	0	0	0	0	0	0	0	0	0	129	0	0	0	0	0
b3b9d1930a3821ea31c6da2feb0bbd9e	5	0	0	0	0	0	0	0	0	0	0	0	0	0	0
56329156de79a5becb5fd8a06c76d744	0	0	0	0	0	0	0	0	0	0	0	0	0	0	12
be5ebeb0f19b9cefc30e43f347e4121f	0	0	0	0	0	0	10	0	0	0	0	0	0	0	0
375f9cfbf273ec759a7879af9b0c178a	0	0	0	0	0	0	0	0	0	0	0	0	0	0	17
33327b63c5a52de7f8d61abf78cb7664	0	0	0	0	0	0	0	0	0	163	0	0	0	0	0
7ea62913d3124d9d70514ab7938f3523	0	0	0	0	13	0	0	0	0	0	0	0	0	0	0
b446457c139a3ca01b2985cb3d143cec	0	0	0	0	0	24	0	0	0	0	0	0	0	0	0
8c0e6c06af4a06545e073624db409632	0	0	0	0	0	0	0	0	0	0	0	0	12	0	0
93df9f42e8b17e9269a017ca594e6b86	0	0	0	0	14	0	0	0	0	0	0	0	0	0	0
b0a7126854509f76ef37dee01c792977	0	0	0	0	0	0	21	0	0	0	0	0	0	0	0
d8535ee81c32d2df9960fc90e1d02067	0	0	0	0	0	0	0	14	0	0	0	0	0	0	0
313396d200ddf53f74de2c689962a12c	21	0	0	0	0	0	0	0	0	0	0	0	0	0	0
4d27d13def8ee6d70331c41b7742ecf5	0	0	0	19	0	0	0	0	0	0	0	0	0	0	0
08705217db9cc5f68418da27fa53fa5e	5	0	0	0	0	0	0	0	0	0	0	0	0	0	7
748786dca49b15e307b305775a165733	0	0	0	0	0	0	0	0	55	0	0	0	0	0	0
b7f845ae0d4e6315739b67584da3bfa1	0	88	0	0	0	85	0	0	0	0	0	0	0	0	0
aab8ed109d1edc7ebf41067b8a2342d6	0	0	76	0	0	0	0	0	0	0	0	54	0	0	66
ed0b2dad60dddea9e0b85dd308d90149	0	0	0	0	0	0	26	0	0	0	0	0	0	0	0
aac7bef37e7877870c898690113f035d	0	0	0	0	10	0	0	0	0	0	0	0	0	0	0
5ecbb2fd1cc583f72577a996ad491b4b	0	14	0	0	0	0	0	0	0	0	0	0	0	0	0
1996ca4939995e088f15656f0e07fd90	0	0	0	0	0	0	4	0	0	0	0	0	0	0	0
25d0f26fdde1413d98a502d77ddf1119	0	0	0	0	0	10	0	0	0	0	0	0	0	0	0
a7f4f0e936fdc424646fa1d16f92693f	0	0	0	0	0	0	38	0	0	0	0	0	0	0	0
366ef207a9b9e93a4bd1989ef18dd9bc	0	0	0	0	0	0	0	0	0	0	0	0	8	0	0
e319e4e172cf7685f76e61f44d8a21f7	0	0	0	0	0	1	0	0	0	0	0	0	0	0	0
591fc2b01c89bc1e6f9c3ac328c92358	0	0	0	0	2	0	0	0	0	0	0	0	0	0	0
3bf48d1c5dc955ee1114b791ba4519f3	0	0	0	0	9	0	0	0	0	0	0	0	0	0	0
2e6775687e617f8c184b9cdf11b59dad	0	0	0	0	0	14	0	0	0	0	0	0	0	0	0
d07b875a31aadc4d605b002617942be9	0	0	0	0	0	0	0	0	0	0	8	0	0	0	0
6de779c54f8133eaed36f60e88fbfeea	0	0	4	0	0	0	0	0	0	0	0	0	3	27	0
829a81ab831688f6d4b2e1784a3317e2	0	0	0	0	0	0	0	0	0	0	0	0	0	0	22
95e12e12f97ffb82daadf940240bb4e8	0	0	0	0	0	0	0	0	0	0	0	0	8	0	0
ddbbe63a92511b05ea1c4b17e8a4a876	0	0	24	0	0	0	0	0	0	0	0	0	0	0	0
344d5391783140cecccb457e75a4a000	0	0	0	0	0	19	0	0	0	0	0	0	0	0	0
708ae202826c783f235ee18783802737	0	0	0	0	0	0	0	5	0	0	0	0	0	0	0
a16328d0a7dbe71b553d23242f4435a1	0	8	0	0	0	0	0	0	0	0	0	0	0	0	0
fec69d2b75d3679d24caa115b53e3acb	0	0	4	0	0	0	0	0	0	0	0	0	0	0	0
73a920987e147946d767b7cd2c8912c8	0	0	0	0	0	17	0	0	0	0	0	0	0	0	0
e3dd501a1c81837e3d09179da65e048d	0	0	0	27	0	0	0	0	0	0	0	0	0	0	0
36a3660bd6b5e1f0176b813ae08d0da8	0	0	0	0	0	14	0	0	0	0	0	0	0	0	0
6d48b7357c8c163c1c95e0304aea51ee	0	0	0	0	0	0	0	0	0	0	0	0	101	0	0
35e649bd21b2cfcab5f6cfba7832b3c5	0	0	0	0	0	0	0	0	0	0	0	42	0	0	0
7ff059d16d144989e100647b4b6ef085	18	0	0	0	0	0	0	0	0	0	0	0	0	0	0
34108bf1e691e138472a4436aaaffe67	9	0	0	0	0	0	0	0	0	0	0	0	0	0	0
f6311c62d7d1257d82d84023413dce37	0	0	0	0	0	10	0	0	0	0	0	0	0	0	0
e14881dd26e49df514a0e40fb5056f45	0	0	0	1	0	0	0	0	0	0	0	0	0	0	0
84a3ba9e5c19f198de9a9126c125c534	0	0	0	34	0	0	0	0	0	0	0	0	0	0	0
266482cbeb0a47faa9e2a079b52a96ba	0	0	0	0	0	0	0	0	0	0	0	22	0	0	0
7372006ad09500ddc5fb226a2b225468	0	0	0	0	0	0	14	0	0	0	0	0	0	0	0
471c4738826bac852ea69054b7aecfb4	0	12	0	0	0	0	0	0	0	0	0	0	0	0	0
47cbcb343bb8b9319473429f095059eb	0	0	0	0	0	0	0	0	0	0	0	0	21	0	0
6774e329ef63f146efdaf118292e570f	0	0	0	0	0	0	0	0	0	176	0	0	0	0	0
4b9e53e8b85886ceaf06df9ae559a443	0	0	29	0	0	0	0	0	0	0	0	0	0	0	0
7c5b3e6166374d0884d1269850740929	0	0	0	0	0	0	0	0	0	392	0	0	0	0	0
75f698b2ca281bb90933df82f817ae38	0	0	0	0	0	0	0	0	0	0	0	0	8	0	0
a1101931d582e6da0f43f0c252340f37	0	0	0	0	89	0	0	0	0	0	0	0	0	0	0
abfc8f71812fb1d8e460ee7f93155396	0	0	0	0	0	0	0	99	0	0	0	0	0	0	0
9473dc6921dd51013274482c8d8fa058	62	0	0	0	0	0	0	0	0	0	0	0	0	0	96
bff3bbd35e40974a17f95afaabc36943	0	0	0	0	0	67	0	0	86	0	0	0	0	0	0
9924bfa30005ef6db5016cc46b42ee87	0	0	0	67	0	0	0	0	0	0	0	0	0	0	0
989c02dce666d0b54afced7090e53e22	0	0	57	0	0	0	0	0	0	0	0	0	0	0	0
9f790b9a062eea7922dc4f346ecf7a8b	0	0	0	0	0	0	87	0	0	0	0	0	0	0	0
d059b1b6635aac750166d9171dd90ff0	0	0	0	0	0	0	0	0	0	143	0	0	0	0	0
aaed3d2ec07c815589ffacff68c26db0	0	0	0	22	0	0	0	0	0	0	0	0	0	0	0
427e3c283ded0f9d8121e52939aa2048	45	0	0	0	0	0	0	0	0	0	0	0	0	0	0
88f0f50b72fa9d5d843bb68d24bbc87d	0	0	0	0	0	10	0	0	0	0	0	0	0	0	0
4546cea8fd65595732f042c89bef30ad	0	0	0	0	0	0	0	0	0	0	0	132	0	0	0
a5d73eef136d710f5ee84c4190e6d17c	0	0	0	0	0	0	0	0	0	0	0	0	0	61	0
6f293f3c9d0b9590c31ecce0244d7dae	0	72	0	0	0	0	0	0	0	0	0	0	0	0	0
ffa42766c9f0e70da1a96100d376ec44	0	0	0	10	0	0	0	0	0	0	0	0	0	0	0
e7152b8da0e7bb9e1d35093441c06458	0	0	0	0	0	0	0	0	0	0	0	0	0	66	0
def8fe25ac8f446951be6c2728528863	0	0	0	0	0	0	45	0	0	0	0	0	0	0	0
af1dea012fb19755ae2b78267e99251e	0	0	0	0	0	0	0	0	0	0	0	31	0	0	0
fcb5ff5dd3cabc73c2aff4ca302a59cf	0	0	0	0	0	0	0	0	0	0	0	0	0	71	0
9daf8c89076390f797b719897ddc451c	39	0	0	0	0	0	0	0	0	0	0	0	0	0	79
432b6490a3b9c2c9e0c9b33930057252	0	0	0	0	0	0	0	0	68	0	0	0	0	0	0
a7d1b9141a51b70c34e036d82a7e9d8c	0	0	0	9	0	0	0	0	0	0	0	0	0	0	0
2cca164df00a864cafd88657ccbe9ba6	0	0	0	0	0	0	0	0	0	0	0	0	9	0	0
9edb11125eea881a389fac0fde810439	0	0	0	0	0	0	0	0	0	172	0	0	0	0	0
2046d75580eb4b3edd80dee6796b3f65	0	0	0	0	0	0	10	0	0	0	0	0	0	0	0
6d05b53d0e6b2c8a6f48af31f061503a	0	0	0	0	0	0	0	0	0	0	0	0	0	0	12
51fae6c3d6a1bb8fa3fe987b39c1b5f2	0	0	0	0	17	0	0	0	0	0	0	0	0	0	0
079912f4c99d171d295c1eeaa2d3bf8e	0	5	0	0	0	0	0	0	0	0	0	0	0	0	0
ac11deed5f6b526fd03416eb985fe981	0	0	0	0	0	0	0	0	0	95	0	0	0	0	0
75199f00182b050df49cd5fa6204abaf	0	0	0	0	0	0	0	0	0	0	0	0	0	13	0
4a094f3cbc9858768bb229b95408180e	0	0	0	0	0	0	0	0	0	0	0	0	25	0	0
e2c6ab4fa574f2ea58ad6d8cc37cd5b4	0	0	0	0	0	0	0	0	0	0	0	0	0	0	9
45c60e3114a3acc0162baafe175266c4	0	0	0	18	0	0	0	0	0	0	0	0	0	0	0
c8afd8089a41de2b0d6eb692bae4a47b	0	0	0	0	0	0	0	0	0	0	0	0	4	0	0
60be6e50efbaaa67c3d6919c9aa3fe2a	0	0	0	0	0	0	0	10	0	0	0	0	0	0	0
8f4d1704cf29dad4c19e8027f5e6673d	0	0	0	5	0	0	0	0	0	0	0	0	0	0	0
3216941e6a13ca2f3e277e08983879bc	0	0	0	0	0	0	0	0	0	0	0	0	18	0	0
c967f87b4766c0561e342529237e50ec	0	0	0	0	0	0	0	0	0	0	0	0	13	0	0
290aa2550681c49fe8c66f42b8e2f41b	0	0	0	0	0	7	0	0	0	0	0	0	0	0	0
d56362f0de804661493202ad3d8f3d28	0	0	0	0	0	0	0	9	0	0	0	0	0	0	0
92edbb1234474f1d2c6dc177ce9d458e	0	0	8	0	0	0	0	0	0	0	0	0	0	0	0
c8de0d8f4c463e9537b7bd5f99e746b0	0	0	0	0	0	0	0	0	0	0	0	0	3	0	0
cb643db3cff9a7a9de120a2c427d0ac1	0	0	0	0	0	0	0	15	0	0	0	0	0	0	0
898a3ebfb9dd5546045dbe4dea0be468	24	0	0	0	0	0	0	0	0	0	0	0	0	0	0
9b1307589f91422931e6a4339ed7cb6d	0	0	0	0	0	0	0	0	0	0	0	0	0	0	9
84029ccb147de85bf363ff496ae93000	0	0	0	0	0	0	89	0	0	0	0	0	0	0	0
62a55b387205508ce51761ebb50e0695	0	0	0	0	0	27	0	0	0	0	0	0	0	0	0
c6bbbcbec2636e4da872fe578a46563c	0	0	0	0	0	0	0	0	0	0	0	0	0	0	89
94a55f549aff2c9fd812a5dd512a02c6	31	0	0	0	0	0	0	0	0	0	0	0	0	0	0
5a25885477d8e337edb0dd78120405bf	0	17	0	0	0	0	0	0	0	0	0	0	0	0	0
5d51e155ddd06d0f9188dd4e3453ca27	0	0	0	0	0	0	0	0	35	0	0	0	0	0	0
3c73b76780ad0cbb45f51e69aefbeae3	0	0	0	0	0	0	0	0	0	0	0	3	0	0	0
b55e234a8d9e5842e3b6001dc29a2b1a	0	0	0	0	0	0	0	0	0	0	0	0	28	0	0
830b3fc3b65fac80016e18bdb856170a	0	0	0	0	0	0	0	0	0	0	0	0	0	12	0
a1842d4378e36deba9c3cba5df6ea569	0	0	0	24	0	0	0	0	0	0	0	0	0	0	65
92d3a62df0ecf818b4da42e7c8d4e834	0	0	0	0	0	0	0	0	0	0	0	0	14	0	0
f6041ec478682e9c8ef0e9553b0c56db	0	0	0	0	0	0	0	0	0	0	6	0	0	0	0
b28255bfe1125456a229bfce0c1a0f43	27	0	0	0	0	0	0	0	0	0	0	0	0	0	0
5eda304b41643569559de0aae3ea64cc	1	0	0	0	0	0	0	0	0	0	0	0	0	0	0
4a2918385327693e9869299dec4bcc3c	0	0	0	6	0	0	0	0	0	0	0	0	0	0	0
8394c21c7f41662af6419eafaa31e4c7	0	0	0	0	0	0	0	2	0	0	0	0	0	0	0
34a3b74257de980e4f4b77f977f32bb5	0	0	0	0	0	0	0	0	8	0	0	0	0	0	0
91dc85dfd85c23d16acb0d0872b64c7a	0	0	0	0	0	12	0	0	0	0	0	0	0	0	0
2ea528661782cd786d378e1c682abc2f	0	1	0	0	0	0	0	0	0	0	0	0	0	0	0
8beb33e99ef0f813f6f8510b30f4e0f6	14	0	0	0	0	0	0	0	0	0	0	0	0	0	0
3f9375b9cbbde7ec7071fd9513d5aabf	0	0	0	0	0	0	0	12	0	0	0	0	0	0	0
05417200bebab8a467aac059266b1f5e	0	0	0	0	0	0	0	0	0	0	0	0	0	0	10
05be4111bd13c5c3043c975077353573	0	0	0	0	0	85	0	0	0	0	0	0	0	0	0
01a0d4de4c0c1d3c33e25708794726d9	0	0	0	23	0	0	0	0	0	0	0	0	0	0	42
28e449c8306bde8713b6076bdb87b86c	16	0	0	0	0	0	0	0	0	0	0	0	0	0	0
10ab720b96a6022ae71bd217d0abfd1f	0	0	0	0	8	0	0	0	0	0	0	0	0	0	0
8743e736523c946e72f5b2adb0cfbf52	0	0	0	0	0	0	8	0	0	0	0	0	0	0	0
a8527aee4edd8927b4779f8b47383a7b	0	0	0	0	0	25	0	0	0	0	0	0	0	0	0
99fe0a89eea9bdbf5599f7269c7012c8	0	0	0	0	0	0	16	0	0	0	0	0	0	0	0
8f0e3425fe76fb188c74d8802b267e39	0	0	0	0	0	0	0	0	12	0	0	0	0	0	0
574f8ad6fbadee5534896ac4b711d2cc	0	0	0	0	0	0	0	9	0	0	0	0	0	0	0
2ed04385da126850da8dbc583be98941	0	0	0	0	0	0	0	0	0	0	0	0	17	0	0
805f3738c189f057b9d959d027bb7fa0	0	0	26	0	0	0	0	0	0	0	0	0	0	0	0
dddd65e346d92288840b1664315ea1c5	0	0	0	0	0	0	0	0	0	0	0	0	0	9	0
3bf6b5bececde947007b65cbd754e7ae	0	0	0	0	0	34	0	0	0	0	0	0	0	0	0
20ed7a5de857b3783645ea0476e05af7	0	0	0	0	31	0	0	0	0	0	0	0	0	0	0
e17691454f71918c08e599337ba2e6f8	0	0	0	0	0	0	0	0	0	0	0	0	0	7	0
2b649be9a83cea392dc278808ea4bbd6	0	0	0	0	0	0	0	0	0	0	0	0	0	6	0
e99e5570458360530ea015f1c926a183	0	0	0	21	0	0	0	0	0	0	0	0	0	0	0
e04705842ebbd0626001f649c9eb61ac	0	0	0	9	0	0	0	0	0	0	0	0	0	0	0
986788344afba72b4282bcbfa4feba12	0	0	0	0	15	0	0	0	0	0	0	0	0	0	0
4201b24badd79d9439365f0756f4eef0	0	0	0	0	5	0	0	0	0	0	0	0	0	0	0
0576927d6a19607a6d9d8c288a522404	0	0	0	7	0	0	0	0	0	0	0	0	0	0	0
8f5a6a17f7f9094dba47c98efa832985	0	0	0	6	0	0	0	0	0	0	0	0	0	0	0
748614dec47516683ccfd8564ae90553	0	11	0	0	0	0	0	0	0	0	0	0	0	0	0
cc7c500a0f49928962bbba81a07930b7	0	0	0	0	0	13	0	0	0	0	0	0	0	0	0
0e26e9adbc3758c69b223ecfc59a51a8	0	0	0	0	0	0	0	0	0	0	0	0	0	0	20
acab692e2e8120a54db1a7c694dd70cf	0	0	0	0	0	17	0	0	0	0	0	0	0	0	0
281d7732543b0362efa45d38878bf310	0	0	0	0	0	0	0	0	0	0	0	0	12	0	0
60a6589143e56be587f0a9d8341ce1d8	0	0	0	2	0	0	0	0	0	0	0	0	0	0	0
61aec1643b85cd1250d0fdc2fc383ebd	0	0	0	6	0	0	0	0	0	0	0	0	0	0	0
29619267386a3302c6fb989885a0561c	0	0	0	0	0	0	0	0	0	0	0	0	0	0	11
89a769af425f35b70923749433168f2b	0	0	0	0	0	0	0	0	0	0	0	0	0	6	0
a9f211fc32f86858cc1f4a1a7bbb812b	0	0	0	0	0	0	0	0	0	0	0	0	0	0	19
47333ff1449c96aaa5ea16db9278825a	0	0	0	6	0	0	0	0	0	0	0	0	0	0	0
175d109e77e653b41e11a245d00dbf57	0	0	3	0	0	0	0	0	0	0	0	0	0	0	0
a4e4d66fa7c78428a17385440f298a3f	0	0	17	0	0	0	0	0	0	0	0	0	0	0	0
2a2cf1bb9ae1a125167f7a2cfa5c4a6d	0	0	0	0	0	0	0	0	0	0	0	0	0	0	23
4ab10bc0cc17cfbdbe87a1e0908db587	0	2	0	0	0	0	0	0	0	0	0	0	0	0	0
2fac3cd21fb415defbda217b551b1d09	0	0	0	0	0	0	0	12	0	0	0	0	0	0	0
08f3aa740014f340d0e1a09360767745	0	0	0	0	0	14	0	0	0	0	0	0	0	0	0
5e535e2b97f5b8cfbc80bca10476a0db	0	0	0	0	0	0	0	0	7	0	0	0	0	0	0
ace6c151ebdd7e9ffbd30fd9f0c17228	0	0	0	5	0	0	0	0	0	0	0	0	0	0	0
40c41bf5bd8955d5b40311633e3e0d7c	0	0	0	9	0	0	0	0	0	0	0	0	0	0	0
6062ce6dc73176e7936a3049fc7ccf65	0	0	0	0	0	0	0	0	0	0	0	0	0	0	11
97cc643f41b6eeb714420278e97ab0ad	40	0	0	0	0	0	0	0	0	0	0	0	0	0	0
a3b1e884d984106f938b613a0421899a	0	0	0	0	0	0	0	0	22	0	0	0	0	0	0
4863c30b774ff04724a209da35c89259	0	0	0	0	0	0	0	2	0	0	0	0	0	0	0
ff7cc7770655fed3e9215633767c28d2	0	0	0	0	0	0	0	0	0	0	0	0	21	0	0
d5324fe3473cb5ab68763818527c4859	0	0	0	0	0	0	0	0	0	0	0	0	0	12	0
b2a7efeb0a73dd0f030adab24f2b3d6a	0	0	0	4	0	0	0	0	0	0	0	0	0	0	0
3a2c3991b1bc53da986563761fc5b5aa	0	0	0	0	0	0	0	0	0	0	0	11	0	0	0
174c6e89399eebea5f5e238b9091a2a7	0	0	0	8	0	0	0	0	0	0	0	0	0	0	0
57da7508e122848c37664d88accb46f5	0	0	0	0	0	0	0	0	0	26	0	0	0	0	0
10e8adc4a2ece392e544229f02e49954	0	0	0	0	0	0	0	0	0	0	21	0	0	0	0
97ac0cddb06c357b2b4ee1472b89cde5	0	0	0	12	0	0	0	0	0	0	0	0	0	0	0
1253d52c9a08736fdc27df2d3e30a38f	10	0	0	0	0	0	0	0	0	0	0	0	0	0	0
b1d4a8fbb8e823a8b6fcb610a22f2545	0	0	0	0	0	0	0	0	0	0	0	0	0	0	12
91dc455894111984f8a255f67d6ba0b6	0	0	0	0	0	0	60	0	0	0	0	0	0	0	0
28cb70b2889df5be3e7b3af8d303a612	0	0	0	57	0	0	0	0	0	0	0	0	0	0	0
f35ee8f661d3bf37b9d72cc5dc34a9ab	0	0	0	0	0	0	0	0	0	0	0	0	38	0	0
975de61ac0000501a5f140dd76601509	0	0	6	0	0	0	0	0	0	0	0	0	0	0	0
e988f51a892530a737119855b6c78c0d	0	0	0	0	0	0	0	0	0	0	0	0	0	30	0
ef6384e87919fe56c9a2cde09978145c	42	0	15	0	0	0	0	0	0	0	0	0	0	48	0
cea70a104d4c6b0bcb57676d527e5eac	0	36	0	0	0	0	78	0	0	0	0	0	0	0	0
a07c8886fb476714b3fa4b617811f648	0	0	0	15	0	0	0	0	0	0	0	0	0	0	0
7fc7e0368994b64350e9726e698c4035	0	0	0	0	0	0	6	0	0	0	0	0	0	0	0
66994b02e9e744bd1356c9e584c1dde5	0	0	0	0	0	0	78	0	0	0	0	0	0	0	0
122848eb6d53627cf4b41901ab996480	0	0	0	47	70	0	0	0	61	0	0	0	0	0	0
62fe7ad46489d45974acb909087961b1	0	0	0	0	0	98	0	0	0	0	0	0	0	0	58
3c981cc6e1a043f05c4b087b5a243c3a	0	0	0	0	0	0	0	0	0	0	0	0	39	0	0
731411ee7cc78e9f5f9609ac9b29a301	0	0	0	0	0	0	0	0	0	0	0	37	0	0	0
d5f77394d2062b0b1407e9aaca4f4318	0	0	0	0	0	0	0	50	0	0	0	0	0	0	0
075714edbf24cc8ee3398d43e8c29efb	0	0	0	6	0	0	0	0	0	0	0	0	0	0	0
43603749fb7a706678acf2c4210ed357	0	0	0	0	3	0	0	0	0	0	0	0	0	0	0
f9486db5fb3ae2dca24faf1595d2c409	0	0	0	0	0	15	0	0	0	0	0	11	0	0	0
b0b6f7b1f3fbae10592ddb0f4fc94e91	0	0	0	0	19	0	0	0	0	0	0	0	0	0	20
3b7ed515f07d9d0e7336b122ac9a056f	0	0	0	0	0	0	0	0	0	0	0	0	0	6	0
48ff1232f2992969873da0cdb9dd9efe	0	0	37	0	0	0	0	0	37	0	0	0	136	0	0
2cc2db74ec0f08ae192954b9919eef2e	0	0	0	0	0	0	0	0	0	0	0	85	0	0	0
bff06d3337f001cc9ba9baf02721973c	0	0	0	0	0	0	0	10	0	0	0	0	0	0	0
3b807dec29a2fb450eb559ca6a449f97	0	0	0	57	0	0	0	0	0	0	0	0	0	0	0
2584c2522c1ae3d9f5eb714b0945be8f	48	0	0	0	0	79	116	0	0	0	0	0	0	0	85
f5fc25c5223904da8f3df82cd324d95b	0	0	0	0	0	27	0	0	0	0	0	0	0	0	0
573be386f53ecd65cdc7b2efd8f910f5	65	0	0	0	108	0	0	0	0	0	0	0	0	0	0
bca516cd4f2b47f451fe8072bcfd598e	0	0	0	0	0	0	0	0	0	0	0	59	0	0	0
e802f7cd44579aafdb2d29e112bf6faa	0	0	0	0	0	0	0	35	0	0	0	0	0	0	0
e7fcf81ad2e98942ab906a594e2b0141	0	0	0	0	0	0	0	0	63	0	0	0	0	0	0
f765ede83b2794b3c3b449107a2ca8ff	0	0	0	0	0	0	124	0	0	0	0	0	0	0	0
5e4cd5f50400bdd54a77ac345d1fef1b	0	0	0	0	0	0	0	0	0	0	0	0	0	47	0
be09617b706fa557a586914d7cf90a23	0	0	0	0	0	61	0	0	0	0	0	0	0	0	0
8bf606241fd7b81814de0e1651b5a2a3	0	0	0	0	0	0	0	0	1	0	0	0	0	0	0
95f0752aeac3219f80ca76b36d9211fa	0	0	0	0	0	0	0	0	7	0	0	0	0	0	0
5f7ab0498098ac622c474af6585f8185	0	0	0	0	0	0	0	8	0	0	0	0	0	0	0
7bdc6b361e88160d3720212b24dac60e	0	0	0	0	0	0	0	0	0	0	0	19	0	0	0
3397d373c3682b3b71c595b9532a2aa1	0	0	0	0	0	0	0	0	0	0	0	0	17	0	0
406b123a866e6bb94945cdcd7d0384cf	0	0	12	0	0	0	0	0	0	0	0	0	0	0	0
cada44f63d5174a5a5bd974dbc992310	0	0	0	0	0	0	10	0	0	0	0	0	0	0	0
863e83d4a5570013dc3abf29a46fbb34	0	0	0	0	0	0	0	0	0	0	0	0	20	0	0
fd9ab070f84138146bf23905b88d00db	0	0	0	0	0	0	0	0	0	0	0	0	0	28	0
d0f94970f55626a0877c03b83c423e15	0	0	0	0	0	24	0	0	0	0	0	0	0	0	0
81548f1f6c97e151f4b26ae715cf7d68	0	0	0	0	70	0	0	0	0	0	0	17	0	0	0
6d8470b35e962bda16dadf2e06e6fdb3	0	0	0	0	0	0	0	0	0	0	0	0	0	57	0
85fb44bb0b835af1cce365d573d2ea37	0	0	0	0	0	0	0	0	0	0	0	0	0	0	32
59b8ed26f0f6ac47b29156678472e6bf	0	0	0	0	0	30	0	0	0	0	0	0	0	0	0
b5e8ffc35794b74025732c884f150028	0	0	0	0	0	0	0	15	0	0	0	0	0	0	0
3d26381da6cc2dd9997ab4a718696368	0	0	0	8	0	0	0	0	0	0	0	0	0	0	0
09c15d9ab3e20a159d44170c61981a70	0	0	0	0	0	0	0	0	5	0	0	0	0	0	0
773218ebc3cd9b62780dd6d82601bfdb	14	0	0	0	0	0	0	0	0	0	0	0	0	0	0
8fb5ed155e374d5a042bfd37acac9a54	0	0	0	0	0	11	0	0	0	0	0	0	0	0	0
ee78a8fc75f7801643fd54cf173064d3	0	1	0	0	0	0	0	0	0	0	0	0	0	0	0
8e133eec1dabe8b4e1e833488474c18b	0	44	0	0	0	0	0	0	0	0	0	0	0	0	0
336c39880e149aa282bd87f48aa055a0	0	0	0	0	0	0	84	0	0	0	0	0	0	0	0
e576f71b867ccf4e2a9278a4925e87eb	0	0	0	0	0	0	0	31	0	0	0	0	0	0	0
cdb3e188a3a1caa3ec6d2e4fd3420df7	0	0	0	0	55	0	0	0	0	0	0	0	0	0	0
48e18b825d2884f7af613465aade8d7e	0	0	0	0	0	0	0	0	0	0	0	75	0	0	0
f9841d3a51bbcebacf24b164258de0c4	0	0	0	0	0	0	0	0	0	0	0	0	42	0	0
04bfe864891bf092bc8d603934c601dd	0	0	0	0	0	0	0	0	0	0	0	0	0	0	88
06985334d97398e1d5c5dee32a1e746d	0	0	23	0	0	58	0	66	0	0	0	125	59	0	0
49b7e9412a3adb3e7c7ff000e6df66ee	0	0	0	11	0	0	0	0	0	0	0	0	0	0	0
310faca0e9ed37f78ffea8080c3c7a78	0	9	0	0	0	0	0	0	0	0	0	0	0	0	0
09e20e748cb273eace924aae7192dc33	0	0	0	0	0	0	0	0	0	0	0	0	0	10	0
003570c3d1f9228966201832477270e9	0	0	0	0	0	10	0	0	0	0	0	0	0	0	0
68c03a00d8691a47e7874c7dde53b9e3	0	0	0	37	0	0	0	0	0	0	0	0	0	0	0
b5ed73c44c0931c1c505337a7c50b336	0	0	0	0	0	0	0	8	0	0	0	0	0	0	0
5ec4d56f2e0248dd267c02de45fa42d0	0	0	0	0	0	21	0	0	0	0	0	0	0	0	0
4f6cd6e5fd9306117c797c6f10664423	0	0	0	0	0	0	0	0	41	0	0	0	0	0	0
0b7391a5ecb5f76e5314a9ba0c284e93	0	0	40	0	0	0	0	0	0	0	0	0	0	0	0
65978a988c01584cd446ad0ba25bb1b7	0	0	0	11	0	0	0	0	0	0	0	0	0	0	0
0552ff580cb08bdd900aa584ba8d367a	0	0	0	29	0	0	0	0	0	0	0	0	0	0	0
c8b9c82b2fae6d86d3733372f11e3e58	0	0	0	0	0	0	0	0	0	0	8	0	0	0	0
40f2f536adfab5d313a0d8079a0ac475	0	0	0	0	0	0	0	0	0	114	0	0	0	0	0
907c8d6ac3fa22ad01340c89d3c0c8ee	0	0	0	0	0	0	0	0	0	0	0	0	9	0	0
faa3405115867385e6f1669866106ece	0	0	0	49	0	0	0	0	0	0	0	0	0	0	0
610c2e2026b75eadaa505030aa8ccd27	0	0	0	0	0	0	0	0	0	0	0	0	14	0	0
ef1e34e95aac90b6a9745b2a4b8fc570	0	0	0	0	63	0	53	0	0	0	0	0	0	0	0
a7c46c1d3f376107926acb670daaa48a	74	0	0	0	0	0	0	0	0	0	0	0	0	0	0
909097e2f191823568d00c67277f79c0	0	0	0	0	0	0	0	0	0	0	0	0	0	0	29
bc090296c2d22107c59dac465d2b7679	0	0	0	0	0	0	0	0	0	0	0	0	63	0	0
56ab4438d250507a6f47510c9d7962bd	0	0	0	0	0	63	0	0	0	0	0	0	0	0	0
2f0b418c02c4f6da22db8d8828fd431e	0	0	0	0	0	0	0	22	0	0	0	0	0	0	0
d8c7704640426b941a57c830d9ae8ad5	0	0	0	0	0	14	0	0	0	0	0	0	0	0	0
8759192b4549202a6a87dd94158f3212	0	0	10	0	0	0	0	0	0	0	0	0	0	0	0
9397656a27119b50549b66ec972ae763	0	3	0	0	0	0	0	0	0	0	0	0	0	0	0
6cd84d05bb805a40ea3aac5bebffee76	0	0	9	0	0	0	0	0	0	0	0	0	0	0	0
f5bf5d2a10b38a1a908220230eb0c4cd	10	0	0	0	0	0	0	0	0	0	0	0	0	0	0
60c6fc5983302c1637c4a1ff7c5fcb70	0	0	0	11	0	0	0	0	0	0	0	0	0	0	0
2ceeafb3073ba732b62995daa55e953b	0	0	0	0	0	0	0	0	0	0	0	0	37	0	63
fdaedcf691ea6e749a03992b482841e7	0	0	0	0	0	37	0	0	17	0	0	0	0	12	0
8376de0e3f7b93225b9eb7d100d0229c	0	0	0	0	0	0	40	0	0	0	0	38	0	0	0
8af7f3170e90e74a1918a4563f48a829	0	29	0	0	0	0	0	0	0	0	0	0	0	0	0
4c028496334b9ca072ab9ba1f9314046	0	0	0	0	23	0	0	0	0	0	0	0	0	0	0
6d2504dfdef0de40e360ecab24535676	0	0	0	0	0	0	0	4	0	0	0	0	0	0	0
d512787dbe0464c976470325a5b3ae0c	0	0	0	0	89	0	0	0	0	66	0	0	0	0	0
f620879d6bfb4a104783d76453e7ee1f	0	0	86	0	0	0	0	0	0	0	0	0	0	0	0
2d261b232be0db74ca7a617cc46b8f93	0	0	0	0	0	0	0	0	0	0	0	65	0	0	0
9c3f3fa80091bddf9ee8b0d0b8ceb4a0	0	35	0	0	0	0	0	0	0	0	0	0	0	0	0
777fa1844e43949b456e16b059b4dd78	0	0	0	46	0	0	0	0	0	0	0	0	0	0	0
5b86490f28d13bb53062e41029c4acdd	0	0	0	0	0	47	0	0	0	0	0	0	0	0	0
6bf6e01daf3eb1125f54f71bcba5bfc2	0	0	0	0	0	0	0	0	50	0	0	0	0	0	0
18a9f52b9b82e7dd714698b35cbaf9cb	0	0	0	0	0	0	0	0	0	0	0	0	0	0	42
568ac79d8933c39a46830ad3975243b9	0	0	0	0	0	0	0	0	0	0	40	0	0	0	0
44ef508cf1781080c7275666d92e1f2f	0	0	0	0	0	0	0	73	0	0	0	0	0	0	0
d211a6a442cb6ea38d097b36a3dd8e91	0	0	0	0	0	0	0	0	0	0	0	0	0	195	0
33ca9dd371043a22552abac171d34edc	0	0	90	0	0	0	0	0	0	0	0	0	0	0	0
a377bb0dd32181f697a86e1eae9453b9	0	0	0	0	0	0	0	0	0	0	0	0	0	0	155
9b021b1a0a9ab65a33ba45f5b106f424	0	0	0	0	0	0	82	0	0	0	0	0	90	0	0
624a6ba3f6aff5cc800c7163d1be6491	0	0	0	75	140	0	0	0	0	0	0	0	0	0	0
fa57ef5f426552e8fedde96f1d93a49f	0	121	0	0	0	0	0	0	0	0	0	0	0	0	0
fa21ce43218a6b615744d314560c8f18	0	0	0	0	0	0	0	0	105	0	0	0	0	0	0
14df0015817a6273d58964023610d796	155	0	0	0	0	0	0	0	0	0	0	90	0	0	0
6c42fc87ce1560feabf5f2627b8c6493	0	0	0	0	0	0	0	0	0	0	32	0	0	0	0
e041af083be5176d347a3187f44a5339	0	0	0	0	37	0	0	0	0	0	0	0	0	0	0
8feb70f26e3fa86070677b67ddb72fbf	0	0	0	0	0	0	0	36	0	0	0	0	0	0	0
cea8617e18f9172afe6aacc933840c18	0	0	0	0	0	0	0	0	0	0	0	0	60	0	0
7180639b8b4b6e23e8ab9430e94d77dd	0	0	0	0	0	0	0	0	0	0	0	0	0	9	0
dc7e9bacdaf01d1e0c336d13e6b6d86c	0	14	0	0	0	0	0	0	0	0	0	0	0	0	0
8f6a0dc7f6fd5930a4f8471361d87f8f	0	0	0	7	0	0	28	0	0	0	0	0	0	0	0
0d6c7fba2bb040b7a04d5d7950847711	0	0	0	0	0	0	30	0	0	0	0	0	0	0	0
4730e7f92a6731bae37dda97b9eaa872	0	0	0	0	0	0	0	0	0	0	0	85	0	0	0
fe6aa25c3ce51197a122e8365d7a75a1	0	0	0	0	0	0	0	0	89	0	0	0	0	0	0
c84d633fbf0cb240e8576c15f1147870	0	0	0	0	0	0	0	0	0	0	0	66	0	0	0
8cda8dafe3af9009e20e4d75a0da6d5d	0	0	0	0	0	0	0	99	0	0	0	0	0	0	0
94702f71271976256725555e190f7aad	0	0	0	0	0	46	0	0	0	0	0	0	0	0	0
916fffc093dfb8c2f5e8aaf364e9bb7c	0	180	0	0	0	0	0	0	0	0	0	0	0	0	0
14b8c5043f2625fad5be7307d8721826	207	0	0	0	0	0	0	0	0	0	0	0	0	0	0
cc15393577ab9eb0f127608b11c42d8a	0	0	0	0	0	0	0	0	0	0	0	0	0	142	0
849fa7b39a3ecb4a89f92ea4ce26d427	0	0	0	0	0	0	0	0	0	0	0	0	0	0	213
568376adfdd3892f4c4deec8f4a01710	0	0	0	0	0	0	0	0	0	0	0	178	0	0	0
87e7a97d093d16967e304d29c777382e	0	0	0	0	0	0	307	0	0	0	0	0	0	0	0
00b52f6623f225a810bb0a26ffb267f6	0	0	0	0	0	0	0	104	0	0	0	0	0	0	0
53afcc01fe115ee9c45359ddf703841f	0	0	0	0	0	0	0	0	0	0	0	0	0	13	0
4d2298c8341e3ddaf7a339639e9c3128	0	0	0	0	0	0	0	0	0	0	0	0	0	0	62
2f336de5727f62bf8e0d3ebbcd051da3	0	0	0	0	45	0	0	11	0	0	0	0	0	0	0
90b51411c84030106b6ed072d7d5d305	0	0	0	46	0	0	0	0	0	0	0	0	0	0	0
83ed92114f38532b2157904b4aefb6f5	0	0	0	0	0	0	35	0	0	0	0	0	0	0	0
0dfac03b37e1e1c3eab1d511127b657f	0	0	0	0	0	0	0	0	0	0	0	17	0	0	0
c4cf5fefb3df826a9154803323723ad5	0	0	0	6	0	0	0	0	0	0	0	0	0	0	0
d64e06ea4407bbb507828754b726367b	0	0	0	0	0	0	0	0	0	0	0	0	0	18	0
7c2435e2da47277deb74b04c636ca42e	0	0	0	6	0	0	0	0	0	0	0	0	0	0	0
e9e4e27e1c5c3dad7c3a32801f4c591d	0	0	0	20	0	0	0	0	0	0	0	0	0	0	0
4a18f64aab796baee0851ea0bc808ec4	0	0	0	9	0	0	0	0	0	0	0	0	0	0	0
e70c420d9cf5a2f76fc36cdf17c62dd2	0	0	0	0	0	0	0	0	0	0	0	0	0	0	22
0c09c8eb676f2df1e7dd8cc0298ba548	0	0	0	0	0	0	0	0	0	0	0	0	0	10	0
39a02e0471a4eae44195370a471abeec	0	0	0	0	0	0	6	0	0	0	0	0	0	0	0
a529734022594fe64c74bd325fe3e4ff	0	0	0	0	0	0	7	0	0	0	0	0	0	0	0
b22e4be84bc807ff8aad044496fc3167	0	0	0	0	0	0	0	6	0	0	0	0	0	0	0
0b618eaae52bed722e0d6173bd537c2a	0	4	0	0	0	0	0	0	0	0	0	0	0	0	0
31234617be1f90aac3249fa5ea75f300	0	2	0	0	0	0	0	0	0	0	0	0	0	0	0
9b9e48adf3c89a5f95cab537f42125fe	0	0	0	0	0	0	0	12	0	0	0	0	0	0	0
44cc70ffe941d37824f96a27a92538dd	0	0	0	0	0	0	0	0	0	0	0	18	0	0	0
65c1c9bb4b69c9045e66e4349772b26d	0	0	0	0	0	0	0	0	0	0	0	0	0	0	16
0ef2627ae4502ba32d371057edc305f7	0	0	0	0	0	0	0	0	0	0	0	0	0	0	15
ac64c277919ea9800af92c0b6e05869b	0	0	0	0	0	0	0	0	0	0	0	0	0	0	24
1053d5f2baa4960349dc6b85f648f3b0	0	0	0	0	0	0	0	0	0	0	0	0	0	0	30
4b36fab96536d7fb484224f50596d903	0	0	0	0	0	0	0	0	33	0	0	0	0	0	0
94d6bd1157b2d817d8cac5477b4dde0f	0	70	0	0	0	0	0	28	0	0	0	0	0	0	0
d5c637626f66786474b731c4aeb90582	0	0	0	0	0	89	0	0	0	0	0	0	0	0	0
9f65de65e71eadbf4eed691655767578	0	0	0	0	0	0	0	0	0	172	0	0	0	0	0
d20202d8c31e8e6c38f064496c36cc80	0	0	13	0	0	0	0	0	0	0	0	0	0	0	0
e9a0b87899bd552b5c875f9785caee74	0	0	0	0	0	0	0	5	0	0	0	0	0	0	0
5f72349b981d3a62c0d4d24cbc58384a	0	0	0	0	0	0	0	17	0	0	0	0	0	0	0
4c92062e8f9d837f9c3b9e0c1252d637	0	0	0	0	0	0	0	3	0	0	0	0	0	0	0
04a5553fe934ebe184e4c9a5674b5207	0	0	0	0	0	0	0	0	24	0	0	0	0	0	0
06221d4f8f69b7988eda2940c52286f4	0	0	0	0	35	0	0	0	0	0	0	0	0	0	0
5c244efb74d17fb739c9d5e5fdcf72d6	0	0	0	0	0	0	0	0	0	0	0	0	36	0	0
e04a7cd3c54d9d397c9300c5a76bdb04	0	0	0	0	0	0	0	0	0	0	0	37	0	0	0
c99757a1d933121f02c85b8db50ca821	0	35	0	0	0	0	0	0	0	0	0	0	0	0	0
7d79c8cd8e5c79fa4431d8ef5b3a0ed9	20	0	0	0	0	0	0	0	0	0	0	0	0	0	0
75071e0907a5d79fd417b0624d1abec7	19	0	0	0	0	0	0	0	0	0	0	0	0	0	0
5cfde2def773201512eab60e0e5dd5bc	0	0	0	0	0	0	0	0	0	0	0	87	0	0	0
42a041201b95770ce37e916299110590	0	0	0	0	0	0	86	0	0	0	0	0	0	0	0
6c93163165c618c4611a394f68754440	0	67	0	34	0	0	0	0	0	0	0	0	0	0	0
0f00d79888d498751c8c495f1e78446b	0	0	0	0	0	0	0	0	53	0	0	0	0	0	0
7b3c5456f39f9d27c06233f637ad6040	0	0	0	0	61	0	0	0	0	0	0	0	0	0	0
c424b2e11a14862a5b3b08da6915a70f	0	0	0	0	0	0	0	32	0	0	0	0	0	0	0
fff6e5b3feae118db6a777014a7bd2dc	0	0	0	0	84	0	0	0	0	0	0	0	0	0	0
f217da7fa43d1f668f9f69a5547a640f	0	0	65	0	0	0	146	0	0	0	0	62	0	0	0
2dbcf33893737c77372feb314f2267f7	48	0	0	0	0	0	0	0	0	0	0	0	0	0	0
e33bc9ab3e345fc1319a2d6c1945ebc3	0	0	0	0	0	105	0	0	0	0	0	0	0	0	0
1a70fa0ef86a2258c0b056899b9bba34	0	0	0	0	17	0	0	0	0	0	0	0	0	0	0
3ae3af1e5274a4977e38d35715ec66e7	0	0	0	18	0	0	0	0	0	0	0	0	0	0	0
998afde1efbe423d5b094c5b90022286	0	0	0	0	0	0	0	0	0	0	0	0	0	0	124
b1f36551624b9c762c5d4796ee2c8aec	0	0	0	0	0	0	0	0	0	0	0	0	52	0	0
414ba450b1ba6e9e166ae43b46663db8	0	0	0	0	0	0	0	5	0	0	0	0	0	0	0
531dd1578e88f748bbcaf8e0cb806fc8	0	0	12	0	0	0	0	0	0	0	0	0	0	0	0
3f955a7450305592839f8ebbccab2b32	0	0	0	3	0	0	0	0	0	0	0	0	0	0	0
24fed64d7ec656d9b409becfa649c5b1	7	0	0	0	0	0	0	0	0	0	0	0	0	0	0
bf74f1ba1dd223091d086a4048e7c5fa	0	0	9	0	0	0	0	0	0	0	0	0	0	0	0
c79b9b8b70b4e61118175270fb699733	0	0	0	0	0	0	0	0	0	0	0	0	0	14	0
f54710d72baf06dec41963c5bd56407e	0	0	0	0	16	0	0	0	0	0	0	0	0	0	0
4dd90d0237114eba12040e5fc31c14cd	0	0	0	33	0	0	0	0	0	0	0	0	0	0	0
a0f4c1567b8b6ee899e9d26469a64352	0	0	0	0	0	0	0	0	0	0	0	0	22	0	0
6e744eb5345fea9189e1cda01e4d5b51	0	0	0	21	0	0	0	0	0	0	0	0	0	0	0
94c1b461e4a15026b8edb4012b60df1e	7	0	0	0	0	0	0	0	0	0	0	0	0	0	0
bd3134f56d67f17032bc081b68c83d0a	9	0	0	0	0	0	0	0	0	0	0	0	0	0	0
1b5acba097ee260dd1915d0585e0dd2e	0	0	0	0	0	11	0	0	0	0	0	0	0	0	0
29ea3ce0025cb4ca1df79c4ff8802310	0	0	0	0	0	0	3	0	0	0	0	0	0	0	0
1d829470545a31058cc9624fcc072239	0	0	14	0	0	0	0	0	0	0	0	0	0	0	0
a78a57078d8835a4078467ad0a9a1a55	0	0	0	0	0	0	0	0	0	0	0	0	16	0	0
1fa1399b82a64ba1e2e33148ee77946d	0	0	12	0	0	0	0	0	0	0	0	0	0	0	0
0837290df0fe4c0667d96000a90eb431	0	0	0	0	0	0	0	0	0	0	0	0	0	0	13
006e0e9439e41494a2e712ed7ecee4c2	0	0	0	0	0	5	0	0	0	0	0	0	0	0	0
cc49c01d13ed20e921627d2d24f07ddc	0	0	0	0	0	0	0	0	0	0	0	0	0	16	0
a898f7c71024d0e45832f89b2160f7c8	0	0	0	0	0	0	0	0	0	0	0	0	0	23	0
fd1d4fd0955eb02e6eb542fc42db1e91	0	0	9	0	0	0	0	0	0	0	0	0	0	0	0
23bd32f61632712fec63c2db70ff08de	0	0	0	0	37	0	0	0	0	0	0	0	0	0	0
b8a2b26a96504c8e8474739b28b88111	0	0	0	0	0	0	0	0	0	0	0	0	0	11	0
eef81f30a6173dc884305efa308958d3	0	0	0	0	0	0	0	0	0	0	0	0	50	0	0
2fa0fe81fab0cc0b866b7ccdc8405e90	0	0	0	0	0	0	0	10	0	0	0	0	0	0	0
613bb68acba2fb0c4bba79b6140baeb7	0	0	0	0	0	0	0	8	0	0	0	0	0	0	0
a5dfd35de7d7dd6e65844556a3d4a0f2	0	0	0	0	0	0	0	0	6	0	0	0	0	0	0
12c8a683cc81a9105d81747d28de8485	0	0	0	0	0	0	0	3	0	0	0	0	0	0	0
da34b41c4761267b3c2e00cf01a488ea	0	0	0	0	0	0	0	0	0	0	0	10	0	0	0
e66be00360e3c2e2ea258c4000299b8a	0	0	0	0	0	0	0	11	0	0	0	0	0	0	0
1ee8451508d37132a2fd7c7537433e6d	0	0	0	0	0	0	0	0	0	0	0	0	0	17	0
9f3e455ba482d24753c0141458ffc04f	46	0	0	0	0	0	0	0	0	0	0	0	0	0	0
277e4d8536396c915624f13f56faa48c	0	0	0	0	0	68	0	0	0	0	0	0	0	0	0
b5b242f44376055f5203ad1ff81cf2d7	0	0	0	0	0	0	0	55	0	0	0	0	0	0	0
c40e77f843d9dd7a520e00870e99957b	0	0	0	0	0	0	0	0	0	0	0	78	0	0	0
c30b10ff2adf8fd95c2648b030328398	0	0	0	0	0	0	0	0	38	0	0	0	0	0	0
ac9e06fff069747729400e17e912867c	0	0	0	0	12	0	0	0	0	0	0	0	0	0	0
c5d776edecdf5dd2e39ddd5ef2e92363	0	0	0	0	0	0	0	0	0	0	0	0	0	24	0
54d83a9841f9f178bd632e4bbc8f4ebc	0	0	0	0	0	0	0	0	0	0	0	0	0	0	26
6154263819d92a4481f677a856361f89	0	0	0	0	0	0	0	0	0	0	0	23	0	0	0
59fd114fc3069991ba5935270249cadc	0	0	0	0	26	0	0	0	0	0	0	0	0	0	0
4c630d477f114736f9c58c4ca9152fb6	0	0	0	0	0	0	0	0	0	0	0	0	20	0	0
9511a140c8861d248eee66522ec76273	0	0	0	0	0	0	0	0	0	0	0	0	22	0	0
5678e125b101770afbd6e0f4facd3ebf	0	0	0	0	0	12	0	0	0	0	0	0	0	0	0
b3b6f2bf1bf162787052c8f677a90c48	0	0	0	0	0	0	0	0	0	0	0	0	11	0	0
3d4e0fe46f1e3799d2a73fa40cbc34cb	0	0	0	0	0	0	0	0	0	0	0	0	11	0	0
59f95ae7e50a44d7a92b87849bb10838	14	0	0	0	0	0	0	0	0	0	0	0	0	0	0
e194f7ad124d8c53e172047776d030e4	0	0	0	0	0	0	0	0	36	0	0	0	0	0	0
90cd8eb8bc92334db94dafe76601290f	0	0	2	0	0	0	0	0	0	0	0	0	0	0	0
4a5990129063dda458ff491482e4a74b	0	0	0	0	0	0	0	0	0	0	0	0	0	68	0
1549836312ba07066ff155781d532ab5	0	0	0	0	0	0	0	0	0	0	0	0	19	0	0
8a7c22d24786cb69e62015d3cef642e1	0	0	0	0	0	0	0	0	6	0	0	0	0	0	0
a7096424bd05feb47591b99e5871d3b3	0	0	0	0	0	0	0	0	0	0	0	0	15	0	0
50072d8f493d49c14376a231fd496ca2	0	0	0	8	0	0	0	0	0	0	0	0	0	0	0
42a32acee8b77b971033f93437ac200c	0	0	0	0	0	60	0	0	0	0	0	0	0	0	0
627277a84f58c57e1383d8ea0c503e56	0	0	0	0	0	0	0	0	0	0	0	0	5	0	0
c3292d7092833d5cd7d68d200041441e	0	0	0	0	0	5	0	0	0	0	0	0	0	0	0
f9c085e3f0982dfd5dbac3b049e521d0	44	0	0	0	0	0	117	0	0	0	0	0	0	0	0
2d13448095b2fe5ddb6ac6d809f1579c	0	0	0	0	0	0	0	0	0	0	0	26	0	0	0
b9b4fe034285219f26bd82e360e92685	0	0	0	0	0	0	0	0	0	0	0	0	0	0	21
1b9791fb5f9b2cc6d5bdd9538d1f4f5f	0	0	0	0	0	43	0	0	0	0	0	0	0	0	0
7949dd412b8ea125615dcfb004db2bd0	0	0	0	0	0	0	0	0	0	109	0	0	0	0	0
a9ab264853f1ec9524b82883749d3a3c	0	0	0	0	0	0	0	0	0	353	0	0	0	0	0
a047f7a669bfc535fa21d67c7bbd826b	0	0	0	0	0	0	0	0	0	0	0	0	0	23	0
819d8ae58e161038c2e1d463ef5052ad	0	0	0	0	0	0	0	0	0	0	0	0	0	0	4
349db3ae501740b2a097669a142648e5	0	0	0	0	0	0	4	0	0	0	0	0	0	0	0
becf542c091cd8efcf3a661accfc688b	0	0	0	0	0	0	0	0	0	0	0	47	0	0	0
53010c66d976bf451cbb036c21aad142	0	0	0	40	0	0	0	0	0	0	0	0	0	0	0
c5340e80391eb5ed93f90bbff8939d52	0	0	0	0	0	0	0	0	0	0	0	0	66	0	0
d07881f3fe5df290e64679276940db80	0	0	0	0	0	0	0	0	0	0	0	0	0	0	60
a3ae51f1dac686d95657a8369a25f0d2	0	0	40	0	0	0	0	0	23	0	0	0	0	0	0
851fb58f63a1c7cca15b67df9f0e0fc1	58	0	0	0	0	0	0	0	0	0	0	0	0	0	0
e773c9b3dd3febc01c4a6b9c5ee873ea	0	0	0	0	23	0	0	0	0	0	0	0	0	0	0
588939d0d39227891acdaf58b752ab39	0	0	0	0	0	0	0	0	0	0	0	0	0	16	0
ebf90a1aecc5f239f1fe005ef7303a4a	0	0	0	0	0	0	0	0	0	0	0	0	7	0	0
286b8486c6630795bb139d296342be25	0	0	0	0	0	0	36	0	0	0	0	0	0	0	0
1346eb8fe1c9a5f59327b178fde6fae9	0	0	0	0	0	0	0	0	0	0	0	33	0	0	0
4ee2285dbca5b6d98ff532f18c1b47a0	0	0	0	0	0	0	0	0	0	0	0	0	39	0	0
1ba72c601618e783786b83666e910eab	0	0	0	0	0	0	0	0	0	0	0	0	0	42	0
9dd20945812cae093969d2bc75bb0c7e	0	0	0	0	0	23	0	0	0	0	0	0	0	0	0
51af18d32755736c72ac8301fdd9a584	0	0	0	0	0	0	0	12	0	0	0	0	0	0	0
79d8eb39ce7aa2076d922466aefb7a61	0	0	0	0	0	0	0	0	11	0	0	0	0	0	0
4af686d47ae34266e64fdd2589fb6010	7	0	0	0	0	0	0	0	0	0	0	0	0	0	0
9bd81e739722dbf5a7e9d95380b0f015	0	0	0	97	0	0	0	0	0	0	0	0	0	0	0
bb0170ee34bf5b6bf1d6cad6aaeed596	0	0	0	0	58	0	0	0	0	0	0	0	0	0	0
9dd0b61bb145d37217ffd63d95c29fb2	0	0	0	0	0	95	0	0	0	0	0	0	0	0	0
244429890d20bc8646fb105949f13127	0	0	0	0	0	0	0	0	0	0	0	0	43	0	0
0d1a31da092b0b364c9031b136efeb52	0	23	0	0	0	0	0	0	0	0	0	0	0	0	0
0d05163693fbcbef9e5068230c6cd711	0	0	0	0	0	0	69	0	0	0	0	0	0	0	0
5b9097b0b6dc5a12b09f773550ea1f0b	0	0	0	9	0	0	0	0	0	0	0	0	0	0	0
45d7423e0b67bd1782087ce2e0482e83	0	0	14	0	0	0	0	0	0	0	0	0	0	0	0
ee5f0e52806e6674a6640cd2439ae23f	0	0	0	0	0	0	0	0	4	0	0	0	0	0	0
3734ff843cf322b623f8658bc0aedc9c	0	0	0	0	20	0	0	0	0	0	0	0	0	0	0
5ae6c3940950a797fea37710c0dc9f4d	0	9	0	0	0	0	0	0	0	0	0	0	0	0	0
0010b766ecb823e80d2a30e4117b383f	0	0	0	0	0	0	21	0	0	0	0	0	0	0	0
78a424b8a6be5e150b7c26009178349b	0	0	0	0	27	0	0	0	0	0	0	0	0	0	0
a8e755ed36a9ee636c687978284e0bd5	0	0	0	0	0	0	0	0	24	0	0	0	0	0	0
76667d6cc0af0361c99aca07eaae02e3	0	0	0	0	0	0	0	0	0	0	0	14	0	0	0
cff8adce10917b43033b7038984b1ba2	6	0	0	0	0	0	0	0	0	0	0	0	0	0	0
75547bf84f59e8f3ee08d207aadfb606	0	0	0	19	0	0	0	0	0	0	0	0	0	0	0
2c56c48b400be9c090f5ddb7e399bf91	25	0	0	0	0	0	0	0	0	0	0	0	0	0	0
d28ee3e1547821cb826f36792b4fb678	0	0	17	0	0	0	11	0	0	0	0	0	0	0	0
d0f99c078fcd269ed32015fb9ae7f044	0	0	0	0	0	0	0	0	0	0	0	0	0	0	17
e20233c3ad9e8549dda9e12594d807d4	0	0	0	0	0	0	0	0	0	0	0	0	0	20	0
8f78ba366297e4a0190c66d600f4bea4	0	0	0	0	0	0	0	0	16	0	0	0	0	0	0
6ecc40fd3740ee4072b83f6f1e4bbc1c	0	0	0	0	0	9	0	0	0	0	0	0	0	0	0
e875d2c696874df6d371cc335a981d2c	0	0	0	23	0	0	0	0	0	0	0	0	0	0	0
23a646d7a529a7cdfe761f70adcae4c3	0	0	0	0	17	0	0	0	0	0	0	0	0	0	0
9531e1e3c5f297382c70fd7c8eaca940	0	0	0	0	11	0	0	0	0	0	0	0	0	0	0
16ca423a26b450b5e462ae0b8aaf5c8f	0	0	0	0	0	0	0	0	0	0	0	0	0	20	0
af1f1af06e83709c48bd81e47285cfbc	0	0	0	0	0	0	0	0	0	0	0	0	0	5	0
461f593ec2df54d9aa1a81b343a6b4a0	0	0	0	0	0	0	0	0	0	0	0	13	0	0	0
3a9cd82d238d55e5c1562a064062508b	243	0	309	0	423	0	0	293	409	0	0	0	0	0	0
9b5e481f2c487408444133d5bc0d2982	0	0	0	231	0	0	0	0	0	0	0	0	0	0	0
a8821f581e06dd12b2afa5cbcaa5f561	0	0	0	0	0	0	0	0	0	0	0	0	0	466	0
da80c4d9c9dfbe005eb4774dbd6f103f	0	0	0	0	0	0	0	0	0	0	0	599	0	0	0
c2d32e0b6124b4fe57f757e80a5460b3	0	0	0	0	0	398	409	0	0	0	0	0	0	0	0
50b58cc23508fc2cd1747ca3f5f413b5	0	335	0	0	0	0	0	0	0	0	0	0	0	0	0
3b43139d529bb0eac0e7152cfd5e9fee	0	0	0	0	0	0	0	0	0	0	0	0	166	0	0
58f1a60c98c82f7b3a3d105c3f5247c2	0	0	0	0	0	0	0	0	0	0	0	0	0	0	288
441c0f187e4062e547098ea23b7af3a9	0	51	0	0	0	0	0	0	0	0	0	0	0	0	0
9e7ab8cad094548aac5088f2ecc0f88d	0	0	0	0	0	0	103	0	0	0	0	0	0	0	0
0c132dfd508600498d779820306e0802	0	0	0	0	0	0	0	0	0	0	0	0	0	87	0
4dc44f3e64e723f1260f25e2eccf3996	0	0	0	0	0	0	0	0	0	0	0	0	12	0	0
cb924f1c2f29e5dcd354382cd8e23114	0	0	0	10	0	0	0	0	0	0	0	0	0	0	0
42e88e10c8d21ffb9e9c6aab3eb96d88	21	0	0	0	0	0	0	0	0	0	0	0	0	0	0
bd9edaee799cb932ab21ecdd012c10a7	0	0	0	0	0	0	0	0	0	0	0	0	0	54	0
af93129c2d3d498f565f1b15d50eba67	0	36	0	0	0	0	0	0	0	0	0	0	0	0	0
9425a23a9dacf9591060b0719d81de67	0	0	0	0	0	58	0	0	0	0	0	0	0	0	0
df888d96b2f4ae2f9431d543ef5cf7ba	0	0	0	105	0	0	0	0	0	0	0	0	0	0	0
848b7af93a4155d2992f901542175a3b	0	0	0	0	0	0	0	0	0	0	0	0	180	0	0
f866b10c113784260373fc1b2ae95f69	0	0	0	0	0	0	0	0	0	0	0	0	0	52	0
dea0519edbfd4888970a1757e4309da0	0	0	0	0	42	0	0	0	0	0	0	0	0	0	0
de0c613839836f6f7e95ac6adfa9fcd0	0	0	0	0	0	0	0	0	15	0	0	0	0	0	0
652d467ad9b6856e37d1175206878fca	0	0	34	0	0	0	0	0	0	0	0	0	0	0	0
6487456608875557ccc4a5f174686951	0	0	0	0	0	0	0	0	0	0	0	0	0	0	12
9c9168faa190291c1d90090b19cb8999	9	0	0	0	0	0	0	0	0	0	0	0	0	0	0
a614aac79bfb429cf5ac970aad299be2	0	11	0	0	0	0	0	0	0	0	0	0	0	0	0
76c1f8e49a3baad44df37e3959b3202c	0	0	6	0	0	0	0	0	0	0	0	0	0	0	0
977b15da094944c520d5900765e686d2	0	0	0	0	0	0	0	0	0	0	0	6	0	0	0
b2cb7c503229d6fff6cea1d2194661c3	0	0	0	0	0	0	0	0	0	0	11	0	0	0	0
8c72a9b2c16f1dcba19b5ecf196d31c7	0	0	0	0	0	0	0	0	0	0	954	0	0	0	0
b1133a0bd2faad8e2fea92f5b0005005	0	0	0	0	0	0	0	0	0	0	0	0	0	0	27
04afbe7295e656e1968d680681e9960e	0	0	0	0	0	0	0	0	0	0	0	0	0	34	0
25cd57900868520111fd849d7992d116	0	0	0	0	32	0	0	0	0	0	0	0	0	0	0
daea90d79ae1f86beea9e114929e2b6f	0	29	0	0	0	0	0	0	0	0	0	0	0	0	0
be22fca52231df5c9dace6ba9931aa9f	0	0	0	0	0	7	0	0	0	0	0	0	0	0	0
8a36d68e8e45171d26d0d24b6697181c	0	0	0	0	0	0	0	0	0	0	0	0	0	17	0
f2399d71c4316449aa24d2177c530e7b	0	0	0	0	0	12	0	0	0	0	0	0	0	0	0
809277595bbfbc4a37920ea0255e13eb	0	0	0	0	0	0	0	0	0	1017	0	0	0	0	0
0c7e92912150f18c0e5b278218fe2035	0	0	0	0	0	0	0	7	0	0	0	0	0	0	0
e4b9593e3c4198d9f5783b6de9e5eb99	0	0	0	0	0	0	0	7	0	0	0	0	0	0	0
3e005b8233dc49668cca1c2833089dca	0	0	0	3	0	0	0	0	0	0	0	0	0	0	0
9ed9201eb91cdd7adc61134ffc6f9952	0	0	0	0	0	0	0	0	0	0	791	0	0	0	0
093297267bf1cec0221d2e6f7518ae03	0	0	0	0	0	0	0	0	0	0	0	0	0	11	0
bfdff6568c12f845bef73a3a041891a7	0	0	0	0	0	0	0	0	0	0	0	0	0	24	0
faea5c06bebb62daf915c5684590a7d2	0	0	0	0	0	0	9	0	0	0	0	0	0	0	0
d9c40b314bc97607ded6999ccaf13446	0	0	0	0	0	0	0	0	0	0	0	0	29	0	0
05b138209b42e5113d903482271cfb7c	0	23	0	0	0	0	0	0	0	0	0	0	0	0	0
745a2a147fa825d27427f8b5d9fbd7a1	0	0	0	47	0	0	0	0	0	0	0	0	0	0	0
d2166dec8ea1176b39b72ed58bedcc81	0	0	0	0	94	0	0	0	0	0	0	0	0	0	0
6814020713d429deffaaacc1bac4465f	0	0	0	0	0	0	90	0	0	0	0	0	0	0	0
6c1c55bb4e3f26691a9a23767b925d47	0	0	44	0	0	0	0	0	0	0	0	0	0	0	0
c781ffd47d77bed36eb1c271ead2d5cf	0	0	0	0	0	0	0	0	0	0	0	0	0	111	0
a94c811aab8500a16a2a5d947ec72fe0	0	0	0	0	0	29	0	0	0	0	0	0	0	0	0
8cd378d4cf3922ebffe7954ca122271f	0	0	0	0	0	0	0	0	0	0	0	0	0	0	61
e26fd4c6ab1ceaadbda40001209d924e	0	0	15	0	0	0	0	0	0	0	0	0	0	0	0
812a5e0f9643863efc208d9b9e0c3ef7	0	0	0	0	0	0	0	0	10	0	0	0	0	0	0
9bd9d31ccce80131dfc04ee8f31da95f	0	0	0	0	0	0	0	0	0	0	65	0	0	0	0
9890b74e393d6e0ada5ef48b078bfab8	0	0	0	0	0	37	0	0	0	0	0	0	0	0	0
372d5c978070f28eb169f87a79dc0407	0	0	0	0	0	0	0	0	0	0	87	0	0	0	0
b34e949a4fa6b475575d5e20c8531881	0	0	0	2	0	0	0	0	0	0	0	0	0	0	0
c3bf702bf3544dacbeabbf1b70826969	0	0	0	0	0	0	0	0	0	0	0	0	0	12	0
6d66150e96d493c5fdecefa7277c3a7f	0	139	0	0	89	0	0	0	0	0	0	212	0	0	112
ade51e8bb662ad42190aff1b898d216f	0	0	0	0	0	68	0	0	0	0	0	0	0	0	0
6e3fda60f0304546860df3f5463d2062	0	0	33	0	0	0	0	0	0	0	0	0	0	0	0
aba697eaee7624919a2bb29b4a46a78a	0	0	0	0	0	0	0	0	0	0	0	0	16	0	0
48b63063dfcebdd1ee59a2f0a06ac71f	0	0	0	0	0	0	0	0	0	0	9	0	0	0	0
363b86adaf6e7c1fc27b38a9864c34e4	0	0	0	0	0	0	0	69	0	0	0	0	0	0	0
af2e91010e63720984885ef83bba863d	0	50	0	0	0	85	0	0	0	0	0	0	0	0	0
c9e9a5aa0a6ad25ae8c1ac4550cdf842	0	0	0	0	0	0	30	0	0	0	0	0	0	0	0
c2dc187ada365f94f71cc34d6f3ff55d	0	0	0	0	0	0	0	0	0	0	0	119	0	0	0
31c5a018b54da445e185904032bd1806	0	0	0	0	0	0	0	0	0	0	0	0	77	0	0
5ec710ef81ca7eea1acedf4389c9891c	0	0	0	19	0	0	0	0	0	0	0	0	0	0	0
9b25dec16fd66b3842ee2187866e7b2d	0	0	0	0	0	0	4	0	0	0	0	0	0	0	0
1321e06ee04d362a75f1232540202ed0	0	0	0	0	0	0	0	0	0	0	0	83	0	0	0
92f1c4bf778d665c5a39d21829ce559c	0	0	0	0	0	0	0	28	0	0	0	0	44	0	0
627deee3b4c9481267e2baa5730e11d2	0	0	0	0	0	0	0	0	30	0	0	0	0	0	0
1f7884748d06cd19bfeba475b7311965	0	0	0	27	0	0	0	0	0	0	0	0	0	0	0
1577696cc3e7a15565d33986f160e1f2	0	0	0	0	0	0	0	0	0	136	0	0	0	0	0
a03c8f5bf2f2afd3784ba1387321b473	0	0	0	0	19	0	0	0	0	0	0	0	0	0	0
b0e68b275141b87f54eb730f52e2d694	0	0	0	8	0	0	0	0	0	0	0	0	0	0	0
5b95e0e4f1a74e7e19104cdbb805977a	0	0	0	0	0	0	0	0	0	0	0	27	0	0	0
a1aff4413df297bbe3b299ba60d98329	0	0	0	0	0	0	0	0	0	149	0	0	0	0	0
5aa3ba426b9fc49dc9d534312a3d50be	17	0	0	0	0	0	0	0	0	0	0	0	0	0	0
e344b4b5ca60c17dac2090fbe41956ab	0	0	5	0	0	0	0	0	0	0	0	0	0	0	0
317357f5b7655a614f19d328868ec263	0	0	0	0	0	59	0	0	0	0	0	0	52	0	0
2f7f9b9e7cbb089c165c40315db1df10	0	0	0	0	0	0	77	0	0	0	0	0	0	0	0
04cc9d755c03650c8e55e4183530d13d	0	44	0	0	0	0	0	64	0	0	0	0	0	0	0
d330630316c350b9e36f6de4034df4e8	0	0	0	0	0	0	0	0	0	0	0	0	0	0	87
178b9806992f6c8431a48ed1f69385f4	0	0	0	0	0	0	0	0	0	0	0	0	28	0	0
e4de8bbb5142825728d9b95dc0c09874	15	0	0	0	0	0	0	0	0	0	0	0	0	0	0
8064470190b9c81b4875d7fd08b7b1f4	0	0	0	0	35	0	0	0	0	0	0	0	0	0	0
06e9e3df28700da6027839be7a37f8b4	0	0	0	0	0	0	0	0	0	0	0	0	0	0	32
6a5c69ea17e0a9dd3704e69cea537340	0	0	0	0	0	0	0	17	0	0	0	0	0	0	0
5edc8602e4f9eb76a13f5014a4890e98	0	0	0	0	0	0	0	0	11	0	0	0	0	0	0
3ddd95a295a2f65ab6f9ee5258658e3b	0	0	0	0	0	22	0	0	0	0	0	0	0	0	0
073237b97a5dcbc68a837320778d29fe	0	0	0	0	0	22	0	0	0	0	0	0	0	0	0
73a00d41359157f750e5fd65a7ad1669	0	0	0	0	0	0	0	0	0	0	0	0	0	0	18
984938c63670defea5f87eccc2dd1549	0	0	0	0	0	0	0	0	0	0	0	0	23	0	0
ce6dc1c9255165eabf6dbd327666b092	0	0	0	0	0	0	0	0	0	0	0	0	14	0	0
82f22e69711e296bae80ccba1a6212d4	0	0	0	0	0	0	0	0	0	0	0	0	9	0	0
31562e0cccf424385fb340151915ee92	0	0	0	15	0	0	0	0	0	0	0	0	0	0	0
48e9e2def54c07fca12b9a5454f6a8dd	0	0	0	3	0	0	0	0	0	0	0	0	0	0	0
99cd7f41722746791c4e58bb489cdaa7	0	0	0	2	0	0	0	0	0	0	0	0	0	0	0
957c6aa7dd604137ca1bd3767a66a828	0	0	129	0	0	0	0	0	0	0	0	0	0	0	0
1b9f13de62c329b3b1189d3a19d560b3	0	0	0	0	0	0	0	0	0	0	0	0	0	0	91
5b0fa20e4166a9568316ac1d12086441	0	0	10	0	0	0	0	0	0	0	0	0	0	0	0
7e5777929e7454632859093861b95e16	0	0	0	0	0	0	0	0	0	0	0	77	0	0	0
cdd9bc0810d078bdb621fd019d8330db	0	48	0	0	0	0	0	0	0	0	0	0	0	0	0
0511dd8da6d8c932dfb56acb6f6d02d6	46	0	0	0	0	0	0	0	0	0	0	0	0	0	0
3740cc3b5e69c4e6ea5df900bdb729c3	0	0	0	0	0	0	0	0	55	0	0	0	0	0	0
77d9ccc8b6d44431ff22c2d4c4a775db	146	0	0	0	0	0	176	0	0	0	0	0	113	0	0
39fa561ae8ce311996b242835ae0cd39	0	0	0	0	0	276	0	0	0	0	0	0	0	0	0
b16276fa29ebe240bb26182e470b2f4e	0	0	0	0	133	0	0	117	0	0	0	0	0	0	0
5e8854b19094ff97b4f1c5b74b8549de	0	0	0	0	0	0	0	0	0	0	0	0	0	122	0
47c12cebbaf8a496d21396ca4f5779d3	0	0	0	0	0	0	0	0	124	0	0	0	0	0	0
ebb4f868c9c21a507f5abd8e9d7a78a8	0	0	0	0	0	0	0	10	0	0	0	0	0	0	0
5e8e1d74a047fd12c8daba044c2673e6	0	0	0	0	0	0	17	0	0	0	0	0	0	0	0
4e35852c19369449b2168fdffad5ad85	0	0	0	0	0	27	0	0	0	0	0	0	0	0	0
2918562e11f19ee89931447213b4e902	0	0	0	0	0	0	0	0	0	0	0	0	13	0	0
560dc04769314aa12a9021f2573d3529	7	0	0	0	0	0	0	0	0	0	0	0	0	0	0
dc39db78050502e72aa4a7e571f34a8b	0	0	0	38	0	0	0	0	0	0	0	0	0	0	0
bc036d8b746a227f574b752eb8676591	0	0	0	0	0	0	0	0	0	0	0	0	0	0	27
5e500866f70e51c01c25650eb0826bfd	0	0	0	0	0	0	5	0	0	0	0	0	0	0	0
5580ae1457c4f479e280b2d2f6542dac	0	0	8	0	0	0	0	0	0	0	0	0	0	0	0
399debae5773e740b8f4d3de575e280e	0	0	5	0	0	0	0	0	0	0	0	0	0	0	0
870bce11af8bb78912a48508533e0c33	0	0	0	0	0	0	0	0	13	0	0	0	0	0	0
716f8f9b8670579fa5685aef3f86c8e1	0	0	0	0	0	0	0	57	0	0	0	0	0	0	0
951afaf35904625896e4812aa3abc121	42	0	0	25	0	0	0	0	0	0	0	0	0	0	0
363745c241403f15c2236ef053c24c51	0	0	0	0	0	8	0	0	0	0	0	0	0	0	0
fccbd7e174f71a4095ee29980bf47792	0	0	0	2	0	0	0	0	0	0	0	0	0	0	0
90628cd9f44469041ded8e315b971d4a	0	0	0	4	0	0	0	0	0	0	0	0	0	0	0
c2fc8665cace64c02f5155631570d496	0	0	0	0	0	0	0	0	0	0	0	0	14	0	0
fde5df75451e51c2c27d0ca4aeeb85f0	0	0	0	0	0	0	0	0	0	0	0	0	10	0	0
8658adcd7d63c7e3ace76ff9c1a1aa09	0	0	0	0	0	0	0	0	0	0	0	19	0	0	0
919b564a168e01414228a802b2e8f665	0	0	0	0	0	0	0	13	0	0	0	0	0	0	0
42b222f262cedf5cbff75a4ae98e7cd8	0	0	0	0	0	52	0	0	0	0	0	0	0	0	0
8f42ac783a5723468d497ba94c18d4e2	0	60	0	0	0	0	0	41	0	0	0	0	0	0	0
9e6a18226684d5e27bd253eb30551934	0	0	0	0	0	0	0	0	0	0	0	66	0	0	0
4fba31f9b4790dfcfbfecd2978d44e3f	0	0	0	0	0	0	56	0	0	0	0	0	0	0	0
f9a9b022ce53f972f6ece09907978540	0	0	0	0	0	0	0	0	0	0	0	0	0	0	85
43622e1cc520540cf37738fa8a15d464	0	0	0	0	56	0	0	0	0	0	0	0	0	0	0
d31f26e2aff8d3399ad5c86f69aad6bd	0	0	0	10	0	0	0	0	0	0	0	0	0	0	0
8c933a5661fd93cd27bbd85bed9d7747	0	0	0	0	0	0	0	0	0	0	0	11	0	0	0
0e685b350e8403e83aa145e2c4b31706	0	0	0	0	0	0	0	0	0	0	0	10	0	0	0
b612fed66402405e20bf624b3eb0600d	0	0	0	22	0	0	0	0	0	0	0	0	0	0	0
3c814fc8b6aea3b9c8bba711b2b23b9a	0	0	0	0	0	0	0	0	0	0	0	0	0	0	7
25f9561f7cbd0006f0d9764cbd0594d2	0	0	0	0	0	18	0	0	0	0	0	0	0	0	0
a3677998d364856785a2fc75c3411b0f	0	0	0	0	0	7	0	0	0	0	0	0	0	0	0
4c507fed9819c70b7615ac02b55eda5f	0	0	0	0	0	0	0	0	0	0	0	0	0	0	25
61c341ccedb4079cd865ea19e98d818a	0	0	0	27	0	0	0	0	0	0	0	0	0	0	0
d2bea238b5a50b4d6886e7d06b6f1d01	0	0	0	0	0	0	0	0	0	0	0	0	0	14	0
9d89916f877dc56f28a7b7e9768e4d95	17	0	0	0	0	0	0	0	0	0	0	0	0	0	0
097535d8d03fd08353902375cc78829a	0	0	0	0	0	13	0	0	0	0	0	0	0	0	0
d134dbe5560836ca8b29b6f737ed0cbc	0	0	0	14	0	0	0	0	0	0	0	0	0	0	0
16a01defa61b97a992e6edb0c19dd2c2	0	0	0	0	0	0	0	0	0	0	0	0	43	0	0
075f4e87b2cf3665deb95576ffc84456	0	0	0	0	0	0	9	0	0	0	0	0	0	0	0
383f83e669c826d66b2e0ed2d4b6e077	0	0	0	0	0	0	0	0	0	0	0	17	0	0	0
80ab9a8a16b74dce08f34647c6ea2679	0	0	0	0	0	25	0	0	0	0	0	0	0	0	0
7de8d0242a1782207aa0892b18e3cde5	0	0	0	0	6	0	0	0	0	0	0	0	0	0	0
eacae8263aeb196eebd5adb1df3732dd	0	0	0	0	15	0	0	0	0	0	0	0	0	0	0
523355b054a1f2c4fce753306d9f2165	0	0	0	0	0	0	0	0	0	0	0	0	0	0	9
263415c40b7b5710072c59c0974fc2e6	0	0	0	0	26	0	0	0	0	0	0	0	0	0	0
4ccd61e572b2d8e40943a0e65e7b6032	0	0	0	0	23	0	0	0	0	0	0	0	0	0	0
fe2bbbb3e702f6583c08c8964d9a4bfd	0	0	0	0	0	0	0	0	0	0	0	0	1	0	0
fdaf4ba88ae70af4911230f5725131e6	0	0	2	0	0	0	0	0	0	0	0	0	0	0	0
2903e054861a3c06d1ec1cb185dc33da	0	0	0	0	0	21	0	0	0	0	0	0	0	0	0
046e8ff7d4f1a6c9e641e53c32090946	0	0	0	0	0	0	13	0	0	0	0	0	0	0	0
e51d6ae1af955911d10bd44456319ae4	0	3	0	0	0	0	0	0	0	0	0	0	0	0	0
b1cc96956c893b54d71945527bc05da1	0	0	0	5	0	0	0	0	0	0	0	0	0	0	0
7e357f6767f45a1995fb9d3100387f16	0	0	0	4	0	0	0	0	0	0	0	0	0	0	0
4900f966c32472e46001dc24f5fd4513	0	0	0	0	0	0	0	0	0	0	0	0	7	0	0
73445d2373d70c505bee85176c6eede8	0	14	0	0	0	0	0	0	0	0	0	0	0	0	0
3310d1f1bd4bce7767346d9283907970	0	0	0	0	0	6	0	0	0	0	0	0	0	0	0
0a8e5bb8b633908aeadc03d7ed69ce29	48	0	0	0	0	0	0	0	0	0	0	0	0	0	0
14e99fc61bae8c2ed711162042741ce2	0	0	0	0	0	10	0	0	0	0	0	0	0	0	0
358808d017de62f8e34dc1f7e3b61243	0	79	0	0	212	0	0	0	0	0	0	0	0	0	0
915750073038261dae1d64f6272d80bc	0	0	0	0	0	0	125	0	0	0	0	0	0	0	0
5fb1ab89641ebdfb028473e51d7e54b2	0	0	0	0	0	0	0	63	0	0	0	0	0	0	75
20ef4f01f210dc9737a1612889ad0760	0	0	0	0	0	0	0	0	0	0	0	181	0	0	0
2f674b060b645a9e499fbf045f958bf1	0	0	59	0	0	0	0	0	0	0	0	0	0	0	0
b79e37d45d8d3306456fe31f4d1c6719	0	0	0	0	0	0	0	0	0	0	0	0	126	0	0
49a9e6409f362cb52036b11b2b520d75	0	0	0	45	0	0	0	0	0	0	0	0	0	0	0
e16749fd506dc28fb99bdc89f6dc072a	0	0	0	0	0	0	0	0	0	0	0	0	0	23	0
9076b1f86ae3aafc224b55439b3ecb8d	8	0	0	0	0	0	0	0	0	0	0	0	0	0	0
c493807a167d93c4aa5b53e072f7ce41	0	0	11	0	0	0	0	0	0	0	0	0	0	0	0
93a7f6eb5b7c8532f797ba82cfb56716	0	6	0	0	0	0	0	0	0	0	0	0	0	0	0
f96e676d8b28e30094789f628c3b5e03	0	0	0	49	0	0	0	0	0	0	0	0	0	0	0
de7f8f9ed68932b60dffd98fcbe03a53	0	0	0	0	125	0	0	0	0	0	0	0	180	0	0
9424855372910ae5b8bbd54aa68e034d	0	0	0	0	0	0	0	0	155	0	0	0	0	0	0
f3b357bb4f34603b17d2d156326435ef	0	105	0	0	0	0	0	0	0	0	0	0	0	0	77
e8e20cd45acfa5c5482ddfabb1b51e20	0	0	0	0	0	0	0	140	0	0	0	0	0	0	0
fa015903d3a0e9936b3384f30a77a0c8	0	0	0	0	0	0	0	0	0	0	0	0	0	109	0
087acae3a3beeef110401e0612d38fc7	102	0	0	0	0	0	0	0	0	0	0	0	0	0	0
17f806df2caf24b7cc39a6f5cc55c57e	0	0	0	0	0	0	170	0	0	0	0	0	0	0	0
71c0980aea33668f88d16b4990b39ed0	0	0	0	0	0	57	0	0	0	0	0	0	0	0	0
3404da97319e4df635c8b9b215bde6e5	0	0	23	0	0	0	0	0	0	0	0	0	0	0	0
ee1deb96866d59c61030a6b9c01b5997	0	0	0	0	0	0	0	0	0	132	0	0	0	0	0
a70e9c95e7edc69253f4182a240e5c3e	0	0	0	0	0	0	0	0	0	0	0	11	0	0	0
e3b3b2ab96901b5477436589085eae80	0	0	23	0	0	0	0	0	0	0	0	0	0	0	0
7f5498b0ec8f729baee5a2ed6e253f3a	0	0	0	0	0	0	0	0	0	0	0	9	0	0	0
5caac79e203863ec3ba44d92deded658	7	0	0	0	0	0	0	0	0	0	0	0	0	0	0
4ffed47657e23d25d286ad2386d3835e	0	0	0	0	0	9	0	0	0	0	0	0	0	0	0
adad67fc512a7a21101abbfaa6633883	0	0	0	0	0	0	0	0	0	0	0	0	16	0	0
9bb96f5a57e9f449f17038bd546662ed	0	0	0	8	0	0	0	0	0	0	0	0	0	0	0
191ea94d1a64f722da220f8a403f792b	0	0	0	0	0	0	0	8	0	0	0	0	0	0	0
dd367ee8fc6ae53af604168ca1394554	0	0	0	0	0	0	0	0	0	0	0	24	0	0	0
1553932bcf61b23eaa4e8e66bb096599	21	0	0	0	0	0	0	0	0	0	0	0	0	0	0
c940a4abdc03a679e7aed5351c50d508	0	0	24	0	0	0	0	0	0	0	0	0	0	0	0
0919ce18e2050567d5cf0ba33ef851ce	0	0	0	0	0	8	0	0	0	0	0	0	0	0	0
80f6d635a45832194325fa3bb29e11fb	0	0	0	0	0	6	0	0	0	0	0	0	0	0	0
8916c745e67d5f8867117c12360d21d1	7	0	0	0	0	0	0	0	0	0	0	0	0	0	0
f70f21219b7844822075f18e51101765	0	0	0	0	0	0	0	18	0	0	0	0	0	0	0
0a1c5c6d1fc638eddc4b1c159a7a33a6	0	0	0	0	0	0	0	0	0	0	0	0	28	0	0
f706a646f1f0107d940d050a513920a6	0	0	0	0	0	0	0	0	0	0	0	0	0	34	0
9f609797bbe012aab51f90e3e364a5e1	0	0	0	0	0	11	0	0	0	0	0	0	0	0	0
e8a80ee772cf1f44c19b44c95a5ef1eb	0	0	0	0	0	0	0	0	0	0	0	146	0	0	0
648fccb718f2e2b66ddf9faba20bc23d	0	0	0	0	0	0	0	30	0	0	0	0	0	0	0
40d76f7fdaab81ab926562670e9dbad9	0	0	0	0	7	0	0	0	0	0	0	0	0	0	0
fec4fb83e61388d3d6528358df0695da	0	0	0	0	0	0	0	0	0	0	0	12	0	0	0
544a9522280a66caefa2711f3aebf8b0	0	0	0	0	0	31	0	0	0	0	0	0	0	0	0
68b119cf13dfee34d8ead5bd1fc9afee	0	0	0	0	0	0	0	0	0	0	0	0	12	0	0
26707e03377494972b6cb7027876410f	0	0	0	0	0	0	0	0	0	0	0	8	0	0	0
b06796f8d7732caf50bb1621b3a6d817	0	0	0	0	0	0	0	0	16	0	0	0	0	0	0
7c586ad91a30de278e10685e829417ce	0	0	0	0	0	0	0	24	0	0	0	0	0	0	0
9f40f025e75bf062d3484389a14b353a	0	0	0	0	0	0	0	0	0	0	0	0	0	9	0
0502c1efe784b4f32a65baf180f0342d	0	0	0	0	0	0	0	0	0	0	0	0	0	15	0
b64eaa321cb4b41141c1b79be452d111	0	0	0	0	7	0	0	0	0	0	0	0	0	0	0
f7e1344e3c4e4a3b00e820fc16e9d928	0	0	0	0	13	0	0	0	0	0	0	0	0	0	0
4ab547b0792175972ee0155c9ecc616d	0	0	0	0	0	0	11	0	0	0	0	0	0	0	0
7c30defb27f398c7e1b612a16ca4554e	0	0	0	0	22	0	0	0	0	0	0	0	0	0	0
e7ce1a3b6d0fb4674e7fa5a659b3dd6e	0	3	0	0	0	0	0	0	0	0	0	0	0	0	0
974024d3b179ec9e45c6e51538ba30f9	0	0	0	0	0	0	16	0	0	0	0	0	0	0	0
4f912c5832f094bb436b73f4d398f65a	0	0	0	0	0	0	0	0	0	0	0	0	0	0	7
8d646e3a747e24e9874313fb8fe4b646	0	0	0	0	0	0	0	0	0	0	0	0	0	91	0
ec1e2dc8b815f96100e2fa99d800d96d	0	0	0	0	0	88	0	0	0	0	0	0	0	0	0
66e30d7adf6ddf8a477be018995f6695	0	0	0	0	0	0	137	0	0	0	0	0	0	0	0
a529de21867b15c4b1a7c9e8ce15ee1e	0	0	0	0	0	0	0	0	0	0	0	0	0	0	56
264736f5793d8db68377c5f9ab115454	43	0	0	0	0	0	0	0	0	0	0	0	0	0	0
e7fa666fdd7bcc755b58ba3ede79a87a	0	0	0	0	101	0	0	0	0	0	0	0	0	0	0
6aa78f5d5b8c3a5e9e0dfae7894ead02	0	0	0	0	0	0	0	0	0	0	0	0	72	0	0
7e8ffd08b2d1a6299173e516c98d0043	0	0	0	0	0	0	0	0	0	0	0	0	16	0	0
79cffeaf5d23ee675473ba1d3bc434d7	0	0	0	0	0	7	0	0	0	0	0	0	0	0	0
e6751f8bc048fe5193a28c9f2a90190d	0	0	0	0	0	0	0	0	0	0	0	0	0	0	38
e9d680ef1215319deb2a8091bdfb60e1	0	0	0	0	0	0	0	0	0	0	0	121	0	0	0
382ffc79ef833302d3cefaf5bf77d297	0	0	28	0	0	0	0	0	0	0	0	0	0	0	0
5679d71d935568afa9bc9d38b8ab14fc	0	0	0	0	0	0	0	0	48	0	0	0	0	0	0
53ea3a45460e3504e83e992c1e89f5f9	0	0	0	0	0	0	0	0	0	279	0	0	0	0	0
ddbcc5fe157b4941e567d1dd541144b0	0	33	0	0	0	0	0	0	0	0	0	0	0	0	0
de48638bfeedae12193da4675a3472d1	0	0	22	0	0	0	0	0	0	0	0	0	0	0	0
1f4be890a859ea528377e741c40cafb1	62	0	0	0	0	0	0	0	0	0	0	0	0	0	0
b075dfc74ae47dfa57aedb21b8273075	0	0	0	0	0	0	0	0	0	0	0	0	0	0	66
37c2d272cdd541d3afcded1bafe52bf3	0	0	0	0	0	0	0	0	37	0	0	0	0	0	0
e56bb8320cb41359b461c1f04675222f	0	0	0	5	0	0	0	0	0	0	0	0	0	0	0
36304e6749a0799f9fb9ee108794386f	0	0	0	0	0	0	0	0	0	0	0	0	0	0	36
39f7323d23b10c66981c40404170c03d	0	0	0	0	0	0	0	0	0	0	0	0	0	32	0
101a0d01db7fe544664e0e1f4ca856fd	0	0	0	0	0	40	0	0	0	0	0	0	0	0	0
eb0bfe06327fc2b173d703d4c4793005	0	0	0	0	0	0	0	0	0	0	0	0	62	0	0
170bef0bad9948576c98f1c58c158fef	0	0	0	0	0	0	0	0	0	0	0	49	0	0	0
3f8216024c6725f5ccf6fbd1f9f1e958	0	0	0	0	0	21	0	0	0	0	0	0	0	0	0
89d90ae1cff823feaa7a8020c71d7932	0	0	0	0	0	10	0	0	0	0	0	0	0	0	0
8a7f7ed4e7217ca48fec61d5ccfdbee4	0	0	0	0	0	0	0	9	0	0	0	0	0	0	0
03d44982db6ece502c69662f74384d8a	0	0	0	0	0	1	0	0	0	0	0	0	0	0	0
c0d2262c38b01769d00206660f48ee19	0	0	6	0	0	0	0	0	0	0	0	0	0	0	0
88b86286d8f46090c9d835c8c8597f6a	0	0	0	0	0	0	0	0	0	0	0	0	6	0	0
c7634f574c769ec70a75a834b827364c	0	0	0	0	0	0	27	0	0	0	0	0	0	0	0
5ed4924c5d9b5ec2fde192c40c57b0b6	0	0	0	0	0	0	0	0	0	0	0	0	12	0	0
042ea559c77cb46eef82b4cd39ed9e59	0	0	0	0	9	0	0	0	0	0	0	0	0	0	0
b4f32938e90b6707dd9b68dd6f459317	0	0	0	0	0	0	0	0	0	0	0	15	0	0	0
7f3e1e6918891427f8cbf325d6f8e9b6	0	0	0	0	0	0	0	0	0	0	0	0	12	0	0
76b5eb388d3eb47227f44d852cb21fc6	0	0	0	11	0	0	0	0	0	0	0	0	0	0	0
78679c8b2da7f07e5485923ccc92824c	0	0	0	0	0	0	0	0	0	0	0	0	0	14	0
5e3b887acdfdd3ac766314d6eca9aedf	0	0	0	0	17	0	0	0	0	0	0	0	0	0	0
d131b9a34da0361c7b79131ca667dff9	0	0	0	0	0	0	0	0	0	0	0	0	12	0	0
22c140a98d46557242172de56d188c4e	0	0	0	8	0	0	0	0	0	0	0	0	0	0	0
65b42acd06987bb316b0c2b12700dd4c	0	0	0	0	0	0	0	0	0	0	0	0	0	10	0
9079e0edbe940a86467241f9fb199102	33	0	0	0	0	0	0	0	0	0	0	0	0	0	0
2f30a2d181e2006ebec441770141b4a0	0	0	0	0	0	0	0	0	20	0	0	0	0	0	0
62817487d064f7b199be749cd75357db	0	1	0	0	0	0	0	0	0	0	0	0	0	0	0
2b14690a158b9c933a552afda4f45409	0	24	0	0	0	0	0	0	0	0	0	0	0	0	0
8837b5ec1e2162c2f99ff7a724c0234b	0	0	6	0	0	0	0	0	0	0	0	0	0	0	0
66f132c83db13e82f01c3adf66ce709d	0	0	45	0	0	0	0	0	0	0	0	0	0	0	0
0c45d44a49e4eee385bdf5e493e841dc	0	0	0	0	0	39	0	0	0	0	0	0	0	0	0
336f522dee8a08d42908e7e9ede7c2f1	0	0	0	7	0	0	0	0	0	0	0	0	0	0	0
1f8f50772e9500dc0012dcf670749991	0	0	0	0	0	0	0	0	0	0	0	0	0	41	0
b3dacbd62d6ff1d06d28b824cd61a38f	0	0	0	51	0	0	0	0	0	0	0	0	0	0	0
3404492a4f503d4c5258469eac827503	26	0	0	0	0	0	0	0	0	0	0	0	0	0	0
2aa71b5df93e81e07d07f218d39e32e1	0	0	36	0	0	0	0	0	0	0	0	0	0	0	0
3341fc364fab0cd98ac3b18343b9ac24	0	0	0	0	0	0	0	41	0	0	0	0	0	0	0
a9dc783f15bdc435e2d618eac73ab8c8	0	0	0	0	0	0	0	0	76	0	0	0	0	0	0
d9df0e66bea075e75c8deb5219a82cef	0	0	0	0	0	0	73	0	0	0	0	0	0	0	0
8863480f30e160ebd4566176f76de8a6	0	0	0	0	0	0	0	20	0	0	0	0	0	0	0
7cce7fd280a0f327f04c57e440f7fe4d	0	1	0	0	0	0	0	0	0	0	0	0	0	0	0
7a66fab453e4cb62ffcf621f198a1800	0	0	0	0	0	0	0	10	0	0	0	0	0	0	0
6d018bf44958da51ec11718e806e7d01	0	0	0	0	0	0	0	0	0	0	0	0	10	0	0
bd04419c7e6ab34177c2b7703e1b706d	0	0	0	0	0	0	70	0	0	0	0	0	0	0	0
2a2b90ca8fd17a2aff916722acc3b66b	0	0	0	0	0	36	0	0	0	0	0	0	0	0	0
2827fbe602fbffae7e92df44456a4ace	0	0	0	0	0	0	0	53	0	0	0	0	0	0	0
2c84e3a888df40301ab2b6474c54008c	0	0	0	0	0	0	0	0	0	0	0	63	0	0	0
a9dd51015d2c3b837fa4e4bc3ceefb29	0	0	0	0	0	0	0	0	58	0	0	0	0	0	0
f7cd180ebdb718885db08a5a02adfd08	0	0	0	0	44	0	0	0	0	0	0	0	0	0	0
edefd9b676bbe531c183546cc4ecf721	0	0	0	0	0	0	0	0	0	0	0	0	0	0	14
9c736ec6d66f1a0101f26d6e8a1990b7	0	40	0	0	0	0	0	0	0	0	0	0	0	0	0
7947290ee3e9bd47d3cb9a2ac7d0cceb	0	0	0	0	0	5	0	0	0	0	0	0	0	0	0
b594eacf2016bc7bfd580061c08e5df4	0	0	0	0	0	0	12	0	0	0	0	0	0	0	0
121f9b72800ef640d7111e450fd250e3	0	0	0	0	0	0	17	0	0	0	0	0	0	0	0
af03537d01592ea0cf10ab7a31dfb9a6	0	0	0	0	0	12	0	0	0	0	0	0	0	0	0
99c858a3cf96a3c3bd64476f9145792a	0	0	0	0	0	0	0	0	0	0	0	0	19	0	0
2cc2b1bcc2fdbace718074472d46807f	0	0	0	0	4	0	0	0	0	0	0	0	0	0	0
34aa66bd8be967b21d39f2f4a6d9ff89	0	0	4	0	0	0	0	0	0	0	0	0	0	0	0
7e381fe2e026190f94741999b36d9402	0	0	0	7	0	0	0	0	0	0	0	0	0	0	0
21ccc166dd2f99efabc63ceac75b4998	0	0	0	0	0	0	17	0	0	0	0	0	0	0	0
12b84ca386896c59d575486313d94dba	0	0	5	0	0	0	0	0	0	0	0	0	0	0	0
b8a5ecda5e6e9af3c33f6452eedf2a44	0	0	0	8	0	0	0	0	0	0	0	0	0	0	0
1801760c1db82824e74d66f57d53e60a	0	0	0	0	0	0	0	0	0	0	0	0	0	10	0
03910ef5d9fb9ec98ffc47dea7180849	0	0	0	0	8	0	0	0	0	0	0	0	0	0	0
221e305116df1dbde7b0f3c602af2e7a	0	5	0	0	0	0	0	0	0	0	0	0	0	0	0
5a387843d3f901d181640471cf20fd1b	0	0	0	0	0	0	0	0	0	0	0	0	16	0	0
096b3003b43c06fe571cc4f1f4e19b73	0	0	0	0	0	0	0	0	13	0	0	0	0	0	0
356395734189429f11d73f8356fd31a8	0	0	0	0	0	13	0	0	0	0	0	0	0	0	0
de548811ccf8035f28fce38599c16b8f	0	0	0	0	10	0	0	0	0	0	0	0	0	0	0
0575f16ce9bc67e9d6d0bc76d340454e	0	0	0	0	63	0	0	0	0	0	0	0	0	0	0
6aeee63315dc9a21aaf05450faf58e4c	0	0	0	0	0	0	0	0	0	138	0	0	0	0	0
06414852b02c815ab5b0a578e96ea1c1	0	0	0	0	19	0	0	0	0	0	0	0	0	0	0
dd665968d23dd8da8be0b000d845fe4f	0	0	0	2	0	0	0	0	0	0	0	0	0	0	0
bdbbb4bd0f8d2fd91ba505c60895b5f2	25	0	0	0	0	0	0	0	0	0	0	0	0	0	0
601db91d050b0c66a234a02b0991a9d6	0	0	0	0	0	0	0	0	15	0	0	0	0	0	0
50ef9bfcec828e4ef997e1588917b6d1	0	0	0	0	0	20	0	0	0	0	0	0	0	0	0
99a72db817d420d68a8a21dcf9a77763	0	0	19	0	0	0	0	0	0	0	0	0	0	0	0
b006f9ad15038e0c30cf203f1ff8a0d5	0	0	0	0	44	0	0	0	0	0	0	0	0	0	0
61f2c85da21faef55e4e4612f6cabb24	0	0	0	0	0	18	0	0	0	0	0	0	0	0	0
30faeb2dc433866f930e0325b97f4e2c	0	0	0	0	29	0	0	0	0	0	0	0	0	0	0
d3e8fa14e42da1d1b0da1a9e497c1a93	0	0	18	0	0	0	0	0	0	0	0	0	0	0	0
75596fe479ead34063435eee9a0c0d21	0	0	0	0	0	0	0	0	0	0	9	0	0	0	0
9762f87070c5d2330379a28c9738962b	0	0	0	31	0	0	0	0	0	0	0	0	0	0	0
0cc54a587d21b2e151283e8f0446111a	0	0	0	10	0	0	0	0	0	0	0	0	0	0	0
700062d6e5fedc2e7c0bb464bbd6145b	0	0	0	0	0	0	0	0	0	0	0	0	50	0	0
16a4ebad044d60476a65fdc4961ab376	25	0	0	0	0	0	0	0	0	0	0	0	0	0	0
216697419fa80c2143fc3679a75ebd2c	0	0	0	34	0	0	0	0	0	0	0	0	0	63	54
c1ac0978fed29b21550b966c923e0737	0	0	0	0	0	0	139	0	0	0	0	72	0	0	0
1051e8e7d7be0aa703a56980d67fd463	0	0	0	0	0	0	0	32	0	0	0	0	0	0	0
4bc7ff29c7d27a9024d839639c294e75	0	0	62	0	146	0	0	0	0	0	0	0	0	0	0
c435cb6eb49535f8befd4e2dce4ac13a	0	0	0	0	0	0	0	0	0	0	0	0	37	0	0
c11d045eeb8d9780c931cfc3c84a6f69	0	0	0	0	0	77	0	0	0	0	0	0	0	0	0
56384b3f27c8668c6457b38b47a9090c	0	55	0	0	0	0	0	0	0	0	0	0	0	0	0
8a29cf455198e2143fc03bd50c49e052	0	0	0	0	0	0	0	0	54	0	0	0	0	0	0
42a3f2cb3bea7c49c2713104ef7e02de	0	0	0	0	0	0	0	0	0	0	0	0	11	0	0
ac0dfd6a861f0b2fa91faa51f94e3cbc	0	0	0	11	0	0	0	0	0	0	0	0	0	0	0
95d9993d518ad865f2cebb0f04fa9759	0	0	0	0	0	0	0	5	0	0	0	0	0	0	0
3aa0425798d70c37c4524416843d0b41	0	0	0	0	0	0	0	0	0	0	0	0	5	0	0
cf0ec728ad99abea907bda3690ce8dcf	0	0	0	0	0	11	0	0	0	0	0	0	0	0	0
c8676151cc73382a85a746820ffca5ef	0	0	0	0	0	0	0	0	0	0	0	0	12	0	0
6078aa211739899bcce27a931227ed34	0	0	0	0	25	0	0	0	0	0	0	0	0	0	0
d6f2998079347f3453f1a000bd6c92ef	0	0	9	0	0	0	0	0	0	0	0	0	0	0	0
a1845d471d5d436515ebb1210d575847	0	0	21	0	0	0	0	0	0	0	0	0	0	0	0
d705f19fa5d2a58e295179427c9bb5c9	0	0	0	0	0	55	0	0	0	0	0	0	0	0	0
1834c876da09bd5668ee8730f069d23d	0	0	0	0	0	0	79	0	0	0	0	0	0	0	0
2f33eb2383fe8045d1fa6a4f823a5980	0	13	0	0	0	0	0	0	0	0	0	0	0	0	0
c23cefb83d51c4dcceaf77be7c8397b9	0	0	0	0	0	0	0	9	0	0	0	0	0	0	0
30b5b5e26ad3145591db1ca93fd147b0	0	0	0	0	7	0	0	0	0	0	0	0	0	0	0
87506904357effdbba654445581a7505	0	0	0	0	0	0	0	0	0	0	0	0	8	0	0
5bdb260c80bc16aac3ea49f932653468	0	0	0	0	0	0	0	0	0	0	0	0	28	0	0
115954e4897d5cf621eb15a84ea8ff9c	0	0	20	0	0	0	0	0	0	0	0	0	0	0	0
fba88d7f0805821fe805d8ac18f5ad42	0	0	0	0	0	0	0	0	0	0	0	0	12	0	0
777899b87f0069f2a3d3fa3c4dc62a24	0	0	0	0	0	0	0	4	0	0	0	0	0	0	0
34733a3c5e79b513eee4f681aec51ca7	0	29	0	0	0	0	0	0	0	0	0	0	0	0	0
bd800ec0164061a4452aea5839f068c5	0	0	0	0	0	0	0	0	0	0	0	14	0	0	0
3713f17ac94b63a6886f6985757a3b9c	0	0	0	0	0	0	0	0	0	0	0	0	0	36	0
8eabe4fd8a1a18a0d25701074f115245	0	0	0	0	0	0	20	0	0	0	0	0	0	0	0
b10d2aa281474520f18799c7e4f2e518	0	0	0	0	0	0	0	0	0	0	0	0	0	0	43
2e56fde4a495813ae0d3dc83982e528f	0	0	0	0	9	0	0	0	0	0	0	0	0	0	0
848d5f1b81cd1f6a275b13c7ab9419dc	0	0	0	11	0	0	0	0	0	0	0	0	0	0	0
567dc53e1391693b42d9e4fdf7f0c741	7	0	0	0	0	0	0	0	0	0	0	0	0	0	0
652cb8697e34e0b0c36db205e1ce84f5	0	0	0	0	0	0	0	0	0	0	0	0	0	7	0
052bf8396518e402086199bcb85fb619	0	0	11	0	0	0	0	0	0	0	0	0	0	0	6
6b06eda03508d618ff4f75ad72c8111f	0	0	0	0	0	0	0	0	1	0	0	0	0	0	0
472c3c6c8614adac2795936aaf598e00	0	0	0	0	0	3	0	0	0	0	0	0	0	0	0
9de563b8e4e7f4ccbcfffd0cf4f48b35	0	0	0	0	0	0	0	0	0	0	0	38	0	0	0
68c42b4e46632c6c694293452d8fa023	0	486	227	0	0	0	0	400	276	0	0	340	0	0	309
0c7fd6e998ee3a1022883867297476f0	238	0	0	0	0	0	0	0	0	0	0	0	0	0	0
8f1c46075a80c2b1e489fc68d9288004	0	0	0	0	0	0	0	0	0	0	0	0	0	222	0
fdc6786621e44312da8a87fe5007d662	0	0	0	0	0	0	410	0	0	0	0	0	0	0	0
94f577fb63908c65506a889c214c05c5	0	0	0	0	0	0	0	0	0	0	0	0	0	62	0
8d917adee026ed282ffb483bd39107ac	0	0	0	0	0	0	30	0	0	0	0	0	0	0	0
1a8835bc552fe628c217de01a25343a3	817	531	737	518	967	269	811	0	1017	0	0	1188	639	611	797
92fff7c0e7259d46b07339b139585349	300	0	425	321	447	638	0	681	502	0	0	0	145	371	458
88b9d21593f187f0e3679d4d976e33ed	0	0	521	766	342	102	0	0	0	0	18	0	769	507	198
0c8c69f07664fd7e4b29ae7df5a997a6	0	3	0	0	0	0	0	0	0	0	0	0	0	0	0
6629242134649f1099e688bd9ff86af0	0	0	0	0	0	0	0	0	0	0	0	0	0	73	0
b58bbfa0968c0774c002cf7fe17c6d38	0	0	0	0	0	8	0	0	0	0	0	0	0	0	0
def89095056e8dfc2e0c59e651d630c7	0	0	7	0	0	0	0	0	0	0	0	0	0	0	0
3939e5f1e8223e86852cbc77eb54a61d	0	0	0	18	0	0	0	0	0	0	0	0	0	0	0
c3a2a8255b12ff4650e01336aaed26da	0	0	0	0	0	0	0	0	23	0	0	0	0	0	0
4c7576e71ca647d05fd8ea38fcf14964	0	0	0	0	0	0	0	0	0	0	0	0	22	0	0
9acbf6aa8f438257e7522891d1ad2b09	0	0	0	0	0	0	0	0	0	0	0	0	13	0	0
de50385f236326586b8921f1825d9c47	0	0	0	0	0	0	0	0	0	0	0	0	50	0	0
5bac37bf28268a6fccdc7a1f875c5850	0	0	0	51	0	0	0	0	0	0	0	0	0	0	0
16a1dbcdda1d39d11bce345cb5ad8ce7	0	6	0	0	0	0	0	0	0	0	0	0	0	0	0
7b79f93d790b4920e69104dd5164b0dd	0	0	0	0	0	0	0	0	0	0	0	0	34	0	0
61a3ea96ccaedf64a9449677edaf1319	0	0	0	0	0	0	0	0	0	0	0	0	0	17	0
1ae91f1a00c0724efb232e361e78c9d9	0	0	0	0	0	0	0	0	0	0	0	0	0	0	18
d3c9f27b22c4e26dc39a2d3900073349	0	0	0	0	0	22	0	0	0	0	0	0	0	0	0
659d406b45cdfec935e62b356a8bff40	0	0	9	0	0	0	0	0	0	0	0	0	0	0	0
e9df389be079399ff8ed75dfcad3c2a2	0	0	0	0	0	0	0	0	0	264	0	0	0	0	0
aa803508b676efe6824bd72196336d7e	0	0	0	0	15	0	0	0	0	0	0	0	0	0	0
54aea07a9eaa04b8b3d31b5ae49d0c87	0	0	0	0	0	0	0	15	0	0	0	0	0	0	0
340b0750b833861ac4585e04dccb041f	0	0	0	5	0	0	0	0	0	0	0	0	0	0	0
d7d5a18c31e991de111e909d6fad2474	0	0	0	0	0	0	0	0	0	0	0	0	10	0	0
b06dbe23a72774fafa2a2998da1d72eb	0	0	0	0	11	0	0	0	0	0	0	0	0	0	0
eabc2921446615c504e2fa920e697714	0	0	0	0	0	0	0	0	0	0	0	0	19	0	0
2c7d3809688fb5ccf5edfde9c9254865	0	0	0	0	0	0	0	15	0	0	0	0	0	0	0
e16a57bcc8e00517d607d28a1bfc24c4	0	0	0	17	0	0	0	0	0	0	0	0	0	0	0
75bbd3c527616ff5f7b047f3627568a6	0	0	0	0	0	0	0	0	0	0	0	0	8	0	0
05ecb60b1d406948611d5b2094b84f13	0	0	0	0	7	0	0	0	0	0	0	0	0	0	0
f4e9af7baff9f1c33e4acf8eb91ef795	0	0	0	0	0	11	0	0	0	0	0	0	0	0	0
c8231cafecee59eafd7ac8b4cb2e506d	0	0	0	8	0	0	0	0	0	0	0	0	0	0	0
78f3e09f30a7973074c4045f20df2158	0	0	0	0	0	0	0	0	0	0	0	0	0	16	0
78456489d51d11000c83fce7b46b76b7	0	0	0	0	0	0	0	0	0	0	0	0	0	0	13
0bec67f24aeeefbf797d5b2413ccb759	0	0	0	0	0	40	0	0	0	0	0	0	0	0	0
35f3946cae75806bebdb3cca255f9641	0	0	0	0	0	0	0	0	0	0	0	0	0	0	27
c533091a3dd038a856c0cd4f0a4faa53	0	0	0	0	0	0	0	0	0	0	0	0	0	13	0
827a194e6b8ed719051417cda2faba8e	0	17	0	0	0	0	0	0	0	0	0	0	0	0	0
ddff01efcf722623c83b737b1acc90cb	0	0	0	0	0	0	0	0	0	0	0	0	9	0	0
20e51117d9869bb2f82cc705089a35d4	0	0	0	0	0	0	0	0	0	0	0	13	0	0	0
b88d118d1d10ee64a49be571a05b233b	0	0	0	0	0	0	0	0	34	0	0	0	0	0	0
c2ceb518b087cc66bc220e953c372e0d	0	4	0	0	0	0	0	0	0	0	0	0	0	0	0
862426eddb748bc9b0d585bfa77a0400	0	0	0	0	0	9	0	0	0	0	0	0	0	0	0
8c7cce8934d9b75f8a3e35b2f631a192	0	0	9	0	0	0	0	0	0	0	0	0	0	0	0
8ba853ed291217e4f247f35971f2bc92	0	0	0	0	0	0	0	0	0	0	0	0	0	0	42
248cf9d41e87d4cb1f7b7bc372a77436	0	0	0	0	0	0	0	0	0	0	9	0	0	0	0
d6de413df0241e06f9ee79f6995edead	0	0	0	0	0	0	0	0	0	0	0	0	0	11	0
ecd015988341288d2a8b64814fec4cb8	14	0	0	0	0	0	0	0	0	0	0	0	0	0	0
64aa5e2bad5dbb2d36e18cc185734ae3	0	0	0	0	0	0	0	0	0	0	0	0	0	0	10
e76af6e079a822d0de76168849908161	0	0	0	0	0	4	0	0	0	0	0	0	0	0	0
bd3246e74de56c8d2c0bb1c8be1ed7db	0	0	0	0	0	0	0	0	0	0	0	0	20	0	0
0d0e65d4186c5a813bcc2495f6996d44	0	0	0	0	0	0	0	0	0	0	0	0	11	0	0
5ba0a95fb48027f1b3ae2996ef2a564b	0	0	0	0	0	0	0	0	0	0	0	0	0	0	14
e23e590d3ef30d592e576f076c280f97	0	0	0	0	0	0	0	0	0	0	0	0	11	0	0
b7b1210ebb1a29325051410708daa5b0	0	0	0	0	0	0	0	0	6	0	0	0	0	0	0
d79e9f89bb34a955505a00fd08189000	0	0	0	0	11	0	0	0	0	0	0	0	0	0	0
0f0d8fa4eae5761ffcfe5341596b40df	0	0	0	0	0	0	0	0	0	0	0	0	0	0	26
56253b71029946aacdd3ad6c0ca534ea	0	0	0	0	0	0	0	26	0	0	0	0	0	0	0
36a39c5efdf5f61e20c4a8c6e280ae66	18	0	0	0	0	0	0	0	0	0	0	0	0	0	0
2eb8dc9b1f539ad8e1453c0d14d0a299	0	0	0	0	0	0	16	0	0	0	0	0	0	0	0
a5cfc277f6bba5ff6186a9eb2935d44a	0	0	0	0	0	0	0	0	0	0	0	0	17	0	0
0a2e2c915345a3c9b7ab8c4a69e5456c	0	0	0	0	0	0	0	0	24	0	0	0	0	0	0
d869b9da35e8adc44988d1da1f9519a5	0	0	0	0	0	21	0	0	0	0	0	0	0	0	0
f4887fd630c039fa2f268326d75cdb37	0	0	0	0	0	0	0	0	0	0	0	15	0	0	0
3897e1f6bcd6ba0f11e968710f923924	0	0	0	0	0	0	0	0	0	0	0	0	0	11	0
f80c0ad103f281fd8583369448630bad	0	0	0	0	0	0	0	0	0	0	0	0	0	0	8
566ff245d85c57695265ad2d47879456	0	0	0	0	0	0	0	0	0	0	0	23	0	0	0
c24415ec3ee1be7e8bf877cc8a483477	0	0	0	0	0	0	0	10	0	0	0	0	0	0	0
7274114ea74b557287334a7eac0b6013	18	0	0	0	0	0	0	0	0	0	0	0	0	0	0
79fa7f2cf2003f7308e85c6689012e0d	0	30	0	0	0	0	0	0	0	0	0	0	0	0	0
42f2e4e45350b68e1712cd817af9e70e	0	0	0	0	11	0	0	0	0	0	0	0	0	0	0
42836a3081edbef3aa454dabff33b35d	0	0	0	0	0	0	0	0	22	0	0	0	0	0	0
30b814511f1779d610eaa10b0aa9c7b6	0	0	0	29	0	0	0	0	0	0	0	0	0	0	0
2823bd1cf7df6f64568e02e4d0728741	0	0	0	0	0	0	0	0	0	0	0	0	0	7	0
462969c59ccc329c2ec2a49eb058f076	0	0	0	0	0	13	0	0	0	0	0	0	0	0	0
244167a4a56914f4b67b07e5d33294fa	0	0	0	0	0	0	0	6	0	0	0	0	0	0	0
cb2c23cfd19ab6987315257a16fba55a	0	0	0	0	0	0	0	0	0	0	0	0	0	10	0
88f20a98761f60e53c5b91928e4a2495	0	0	0	0	0	0	0	0	0	0	14	0	0	0	0
c1e1602a3f55b94ce590280849dca577	0	2	0	0	0	0	0	0	0	0	0	0	0	0	0
096aa72f447fcdf59f8bf8abe774fcb6	0	0	0	0	0	0	24	0	0	0	0	0	0	0	0
97d9bceae885a1c30bdd89f07887a73c	0	0	0	0	0	0	0	0	25	0	0	0	0	0	0
b2b2ae88bbb5f246102d8bb519e4c50b	0	0	0	0	0	0	0	14	0	0	0	0	0	0	0
8b132e9c6a670b30cbd72b29ec242c05	0	0	0	7	0	0	0	0	0	0	0	0	0	0	0
0f8884cf15c6f8fca890253cb7914e21	0	0	0	5	0	0	0	0	0	0	0	0	0	0	0
eafcc43f93142222e87cb33aee51a535	0	0	0	2	0	0	0	0	0	0	0	0	0	0	0
5c7febc4bfceed8c03f820b04682aa34	0	0	0	20	0	0	0	0	0	0	0	0	0	0	0
d3e95a59c307c9ec2002d981fb735616	0	0	0	0	0	0	0	11	0	0	0	0	0	0	0
f2a512b71a812592cd02a420cefb22fc	0	0	0	0	0	0	61	0	0	0	0	0	0	0	0
93409f326db61a47fcff1e2ba57493d8	0	4	0	0	0	0	0	0	0	0	0	0	0	0	0
eefa39c1b2f8bd424428c71ec76e4c3d	0	0	0	0	0	0	0	0	0	102	0	0	0	0	0
27e1dfd073b48ab8f3550211553e8f2e	0	0	0	0	0	0	0	0	0	0	0	0	11	0	0
cf481814b073a3a43d7b1a1620eddfdc	0	0	0	0	0	0	0	0	0	0	0	0	0	18	0
92bfbed99a868b7bbb6c19b8603b2e26	0	0	0	0	26	0	0	0	0	0	0	0	31	0	0
c1ebc395b01b39685c1df6f59df38f8e	32	0	0	0	0	0	0	0	0	0	0	0	0	0	0
7f5a7324e0e6dcd4b752a965c5954c41	0	0	0	0	0	0	0	0	0	0	0	0	0	39	0
ba466cba9b2ddec9a2e2a208d9591864	0	0	0	0	0	0	0	0	0	0	0	0	0	0	9
358d21f73e11c77534190c371e8a6dde	0	0	0	15	0	0	0	0	0	0	0	0	0	0	0
a114b922005cd9b300ef48c214dd896b	0	0	0	0	0	0	0	0	0	0	0	0	18	0	0
9cc1168eb7447af3217be3da19bfe853	0	2	0	0	0	0	0	0	0	0	0	0	0	0	0
f8712b3e7d8d6591f555d46a8081ba7d	0	0	0	0	0	0	9	0	0	0	0	0	0	0	0
9c3d52f9d88889152552512475db38a5	0	0	0	0	0	0	0	0	0	0	0	0	13	0	0
53af6da27cad46867ca161485f7886d9	6	0	13	0	0	0	18	0	0	0	0	0	0	0	0
f4813e8088726e3c80a1baa0e4cf6771	0	13	0	0	0	0	0	0	0	0	0	0	0	0	0
7bf53152896e106abe18ca5001a06c84	8	0	0	0	0	0	0	0	0	0	0	0	0	0	0
a20cb87d44e6058d0d4f087ed46f72a3	0	0	0	0	0	0	0	0	0	0	0	26	0	0	0
4c9c063aad4d580583356b893d860d82	13	0	0	0	0	0	0	0	0	0	0	0	0	0	0
c399d60bd761da7c5aa3c3cf42fe5bfd	0	0	0	0	0	16	0	0	0	0	0	0	0	0	0
bef983be4c1f131acbc7225af2177693	0	0	0	0	0	0	0	0	0	0	0	9	0	0	0
3e6a4e9d754ca3f2db8d5312e3eed843	0	0	0	0	0	20	0	0	0	0	0	0	0	0	0
7bc9e81f14d53a33b381fdc3c700901c	0	0	0	12	0	0	0	0	0	0	0	0	0	0	0
06fc5a6ce8ea1f88aa317a7eceb8ce72	0	0	0	4	0	0	0	0	0	0	0	0	0	0	0
03eeab1c5157baaa96640014e0a8750d	0	0	0	0	10	0	0	0	0	0	0	0	0	0	0
5e5c7546a9ec377df1f530fb96555f4c	0	0	0	0	7	0	0	0	0	0	0	0	0	0	0
c9ad90a077213f43e47e5eaf12a2e1f9	0	0	0	0	0	0	0	11	0	0	0	0	0	0	0
5c09da35665cd834cafe8c83d0b5e147	0	0	0	0	0	0	122	0	0	0	0	0	0	0	0
27475dedb423cc0cbc9f022986695980	0	0	117	0	0	30	0	0	0	0	0	0	0	0	0
ca5a79f99c601077492e1f8a32f74b78	0	0	0	0	85	0	0	0	0	0	0	0	30	0	0
93ba54f9cb37c82c41c9ecabc919ff66	0	0	0	101	0	0	0	0	0	0	0	0	0	0	0
1ab98c919a2982703b65019df7f46575	0	0	0	0	0	0	0	0	53	0	0	0	0	0	0
785c5607d968d0a98eade2781f2460b7	0	60	0	0	0	0	0	0	0	0	0	137	0	0	0
e2fc54223c2d4fe37a97783dd03bd66c	70	0	0	0	0	0	0	0	0	0	0	0	0	0	0
943fe749dd1393b133a1ca38a46e3616	0	0	0	0	0	0	0	10	0	0	0	0	0	0	0
ad64a0e622275e62e55b522e735c3577	0	6	0	0	0	0	0	0	0	0	0	0	0	0	0
d40521b8ee2cacdc19283ae5c9114cbe	0	0	4	0	0	0	0	0	0	0	0	0	0	0	0
00604ddc43fbdb29ceba916f179163de	0	0	0	0	0	0	0	0	0	0	0	0	0	11	0
9dfa998b9384b9372dec1d1c2eea6c18	0	0	0	0	0	0	0	0	0	0	0	0	4	0	0
e2b43116b0f266a3a22cc82f09500065	0	0	0	13	0	0	0	0	0	0	0	0	0	0	0
cca32b8bad45d46d1809922093c94f6b	0	0	0	11	0	0	0	0	0	0	0	0	0	0	0
afff81394adc676f152a7b715ab39148	0	0	0	0	0	0	0	0	10	0	0	0	0	0	0
57cdf5937deeac8859636ac456101fae	0	0	0	0	0	0	0	0	0	0	0	0	0	3	0
782137a84af7029e7d4aae8a9517d461	0	0	0	0	0	0	0	0	0	0	0	0	19	0	0
938c5cba9d89bde7279517ee3fb3007c	0	0	0	0	0	0	19	0	0	0	0	0	0	0	0
be6674c101126478dd83b005e2cbd5ef	0	0	0	0	0	0	0	0	0	0	0	12	0	0	0
2b89812794e3c3d7bd03deb5ab644bcb	0	0	0	0	0	0	0	0	0	0	0	0	0	54	0
b86fa7082348ee4c658bbd803d147ded	0	0	0	0	132	0	0	0	0	0	0	0	0	0	0
6666c044ec9faed5edb7bb72bd4894b7	0	0	0	0	0	0	0	0	61	0	0	0	0	0	0
4a2c7b963f92fe8656320d9f9b4406e3	0	0	0	0	0	0	0	49	0	0	0	0	0	0	0
eaec1f34d2b82351855d28958fb36376	0	0	0	0	0	0	0	0	0	0	0	0	73	0	0
ae30dc74133447070194dd057b1b8ba4	50	0	50	0	0	97	61	0	0	0	0	0	0	0	0
baad58e5c214f2b2781564317f831fb5	0	0	0	0	0	0	0	0	0	0	0	125	0	0	0
6ea78113b601e676a73a8092a931de04	0	0	0	15	0	0	0	0	0	0	0	0	0	0	0
f982750e485bc9468ddb9c0539251e1a	0	80	0	0	0	0	0	0	51	0	0	0	0	0	0
9a2c63ccf023f887beff5fa7c472930b	0	0	0	0	0	0	0	0	0	0	0	89	0	0	0
9d6e038af22167d72dc113a6b7de5465	0	0	0	0	0	0	0	0	0	0	0	0	0	0	31
b0e7b971062597e71d6bf8ec377de11b	0	0	0	0	0	0	0	30	0	0	0	0	0	0	0
2832449dc25cb441db7ec507dc3733ac	0	0	0	0	0	0	0	0	0	0	0	0	81	0	0
d8949a18e374e407fdec3138975cbf5a	89	0	0	0	0	0	0	0	0	0	0	0	0	0	0
09c2bc8b2ac6860c3a8ee2a2e458ecc1	0	0	19	0	0	0	0	0	0	0	0	0	0	0	0
2f6e31aadd133a2b9c74a500a8c73bb0	0	0	0	17	0	0	0	0	0	0	0	0	0	0	0
4a8b4bc4e78d50527c7990f5d55514fe	0	0	0	0	0	0	0	13	0	0	0	0	0	0	0
31c4b96adbcaab133972e035621553fa	0	0	0	0	0	0	0	0	0	0	0	0	0	0	9
6138e921855251fab83e9c42921ccd3a	0	0	0	0	0	0	0	0	0	0	0	0	13	0	0
9371559e0532c20d52b5effea310185f	0	0	0	0	0	0	0	0	2	0	0	0	0	0	0
1db2b1b11741be0f4cbf586f49ecd9a4	0	7	0	0	0	0	0	0	0	0	0	0	0	0	0
c3b1818f31f7d2997b376e70ebb1eb65	0	0	0	0	0	10	0	0	0	0	0	0	0	0	0
a6a1d7511911f073f3199ba28d8b6df6	0	0	0	12	0	0	0	0	0	0	0	0	0	29	93
a5bf0a1766d2fbde7403dfbd1ab2cf34	0	0	0	0	0	61	0	0	0	0	0	0	0	0	0
9da113a4dcf657f464a6c590b2165181	0	46	0	0	0	0	0	0	0	0	0	0	0	0	0
8bf688a34ef872a81c57cad0a4370bd8	0	0	0	0	48	0	0	0	0	0	0	0	73	0	108
5cee04567de32865d6e78270543955a2	0	0	53	0	0	122	0	0	0	0	0	0	0	0	0
d9ac79a59bb98851ca88c175e8170f8a	0	0	0	13	0	0	0	0	0	0	0	77	0	29	0
49be258c4348be85bc6c32636b35761d	0	0	0	0	0	0	0	59	78	0	0	0	0	0	0
61300037fa77203033936d007f407531	63	0	0	0	0	0	0	0	0	0	0	0	0	0	0
8eb5f8a841d8bbe2f7a95f56db34ba78	0	0	0	0	0	0	40	0	0	0	0	0	0	0	0
cd7c4b3585290e3c06bd557efa148402	0	46	0	0	0	0	0	0	0	0	0	0	0	0	0
89ce5248d16a0af000055373d156c70f	0	0	0	0	0	0	0	0	0	0	0	0	28	0	0
d5402ce79fb610448f7a2426b99cba00	0	0	0	0	0	0	15	0	0	0	0	0	0	0	0
4e16385714aa1a48ced82c5b29a31634	7	0	0	0	0	0	0	0	0	0	0	0	0	0	0
8015b89bcfac7504e2095eac8893872b	0	0	7	0	0	0	0	0	0	0	0	0	0	0	0
3d629e9391ba0eaabc65678b82b13e43	0	0	0	0	0	0	31	0	0	0	0	0	0	0	0
e3d5d32234319c78b454c3735a209e94	0	0	0	0	42	0	0	0	0	0	0	0	0	0	0
5e9456d58b6087aa4f4ca2b02d670aa4	0	0	0	0	0	0	0	0	0	0	0	59	0	0	0
f54e5bf34c270cbac7efa04938b412e8	0	0	0	0	0	0	0	0	0	0	0	0	4	0	0
a5cf26bc027302b36ee0703145ffa57e	0	0	0	0	0	0	0	0	0	0	0	58	0	0	0
87bb45a487931b818c40e1d934d538e0	0	0	0	0	0	0	0	0	0	0	32	0	0	0	0
a4e4aea1add65bfaa2ef5c9d0f16f955	0	0	0	0	0	0	0	0	0	0	43	0	0	0	0
76024f9a6e315256711b0b0dae41871d	0	0	0	0	0	43	0	0	0	0	0	0	0	0	0
a99c80bdef7db000e5e173fe7650518a	0	0	0	0	0	0	24	0	0	0	0	0	0	0	0
9898e38d2e17f8cef7dd18022ef2e0b0	0	0	0	5	0	0	0	0	0	0	0	0	0	0	0
560bd81af23a93b6af00dbe5154a81e4	0	0	0	5	0	0	0	0	0	0	0	0	0	0	0
0e2a0e43be7b2cee8c7967353e3cd4d1	0	0	0	0	0	0	0	0	0	0	1	0	0	0	0
0c86285a60b8d1ced8415e72ec772542	0	0	0	0	0	0	0	0	0	128	0	0	0	0	0
0654aa6f0cf89f9cf5d032fd0736b243	0	2	0	0	0	0	0	0	0	0	0	0	0	0	0
9d65bc190b108f8cc5bf50cb60ec39d6	0	0	0	0	0	82	0	0	0	0	0	0	0	0	0
1a31c1f3767dd7f013367e8b7c5f3997	0	0	0	26	0	0	0	0	0	0	0	0	0	0	0
9038c0fdc616381be4a24beb77df6841	0	0	0	0	0	0	0	0	59	0	0	0	0	0	0
28be27ea6a30b07c9eff8399a1d5b47a	0	0	0	0	0	0	0	12	0	0	0	0	0	0	0
4d066d118f5bcd4b70b347182ee869cf	0	0	0	0	0	0	0	0	0	0	0	58	0	0	0
9597fede6c671c44ba47be748c154cb9	0	44	0	0	0	0	0	0	0	0	0	0	0	0	0
f2f5995136a84ba765c59f8728e91fac	0	0	0	0	0	0	34	0	0	0	0	0	0	0	0
8e71f07a3130d5762d8181f063905a2a	0	0	54	0	0	0	0	0	0	0	0	0	0	0	0
a181e44af5c74961fa79910c808e98fb	0	0	0	0	0	0	0	11	0	0	0	0	0	0	0
157f4e23aba4a9b1217ebe1e46fef194	0	0	0	0	0	57	0	0	0	0	0	0	0	0	0
12fed8407ace47ad44d6710fcbba5837	0	0	0	0	0	0	0	0	0	0	0	0	91	0	0
d314a17474caa56fc10883ceca1037e6	0	0	0	0	0	0	0	0	0	0	0	0	0	115	0
f15465f0a116f09574482db243db5a85	0	0	0	53	0	0	0	0	0	0	0	0	0	0	0
44d7d671044bbbaf974db4235f9e1f3c	0	0	0	0	71	0	0	0	0	0	0	0	0	0	0
6a1c24e133b9d8e6da50c7ff6dc98691	0	0	0	0	0	0	0	0	0	0	0	71	0	0	0
f319f2ba5d24ff69c597ad69db2d3675	0	37	0	0	0	0	0	0	0	0	0	0	0	0	0
00b55e02ef525bd51cf7a7d39e337f19	0	0	0	0	0	0	0	0	72	0	0	0	0	0	0
cee897eb4806f1e1d108d6acbf5c49e1	0	0	0	0	0	0	5	0	0	0	0	0	0	0	0
dc31e2623ed00e9d3e899ebf1e077f3b	0	0	0	0	0	0	0	0	0	0	0	0	0	0	72
e7e3283f8fb5a7ba76e117adcc9735f8	0	0	0	0	0	0	0	0	0	0	0	39	0	0	0
2217c9476a02e0105b8659ddda7a8abf	0	0	0	0	0	0	0	0	0	0	0	0	0	0	40
f45927df785983000a2a0d5c20138c57	0	0	0	0	0	0	0	0	0	0	0	0	0	24	0
8c720b576f1b9eb219ad6ba2ad0cbeea	0	0	0	0	0	17	0	0	0	0	0	0	0	0	0
15ac4e59f8a8d98a4aee043a81f3d805	0	0	0	0	0	0	11	0	0	0	0	0	0	0	0
6df740ecfdbf1f1169230d025f89acdb	0	0	24	0	0	0	0	0	0	0	0	0	0	0	0
4dcfd598df7ce9cd3832068cbea1e493	0	0	0	0	0	0	0	0	0	0	0	10	0	0	0
e23c5141ee1840a2c2de67ed8b024802	0	0	0	0	0	0	0	0	0	0	0	0	6	0	0
6a16e30849b3c4e1a84c64bacae97711	0	0	0	0	0	0	0	0	0	0	357	0	0	0	0
f3f414917b91cf7de9d550a845598ca5	0	0	0	0	0	0	0	0	0	0	73	0	0	0	0
fe86f7148983ca309f3e9c01be275c2f	0	0	0	0	0	0	0	0	0	0	35	0	0	0	0
854195488d4be3d268220f9c3875ff8f	0	0	0	0	0	0	0	0	0	0	118	0	0	0	0
6fc2575c4cad51ca6587e5bf6566f8cf	0	0	0	0	0	0	0	0	0	0	469	0	0	0	0
d1c99ce8f2e0ea4d3a04927a3e04b8d1	0	0	0	0	0	0	0	0	0	0	131	0	0	0	0
e76fdc25c5e476760d150665224640a0	0	0	0	0	0	0	0	0	0	0	0	0	12	0	0
8a91582d7637d4e79d9f9f8555a5acc4	0	0	0	0	0	0	0	0	0	0	144	0	0	0	0
4ed7584b051d6bd012e78261737a8b62	0	0	0	0	0	0	0	0	0	0	0	0	37	0	0
df768b04f0fe452222d16a4b9526d371	0	0	0	0	0	21	0	0	0	0	0	0	0	0	0
3da6d27649333d0658773ba8ad333caf	0	0	0	0	0	0	0	0	0	0	0	0	0	0	1
de50aa5e333c937729df0e58ff21c439	0	0	0	0	0	19	0	0	0	0	0	0	0	0	6
e6b1816fbb3ad0343df24568dba6deda	0	0	0	0	0	0	0	0	0	0	59	0	0	0	0
f93d4e701642d32be7a4d3cd8a3fa754	0	0	0	0	0	0	0	0	0	0	47	0	0	0	0
bed6867f8cd23157ad2e603fb113afab	0	0	0	0	0	0	0	0	0	0	186	0	0	0	0
587419c29b38d22d34c73d6cd3fd119f	0	0	63	0	0	0	0	0	0	0	0	0	0	0	0
86979a3a759db0c4726e57eec8fe3017	0	0	0	0	0	0	0	0	39	0	0	0	0	0	0
9eeaf9f2e39d1270ebea6454fb93a0a5	0	50	0	0	0	0	0	0	0	0	0	0	0	0	28
ed0c19b441beff9d897d89dd5a264c8c	0	0	0	0	91	0	0	0	0	0	0	0	0	0	0
6f6d37a87a862e4e9027c8b339d6b26e	0	0	0	0	0	0	0	34	0	0	0	0	0	0	0
63f4233bf3e2eb6d13a066cfb7c9adcc	0	0	0	0	0	0	0	0	0	0	0	0	0	72	0
a477f95e120833abee1451a5d77f067b	0	0	0	0	0	0	56	0	0	0	0	0	0	0	0
2d4b7186550fe88b5708eec5f7a3b25f	68	0	0	0	0	0	0	0	0	0	0	0	0	0	0
6fff006480d108f74d6efa96fb61e097	0	0	0	20	0	0	0	0	0	0	0	0	0	0	0
917994d8dda118a2fb6f28581065cc0e	0	0	0	0	0	0	0	0	0	0	0	0	38	0	0
d3494231f2cb10ffcb10753aa42a735e	48	0	0	0	0	0	0	0	0	0	0	0	0	0	0
14e45f39a38b05cd168dda0b09491e79	0	0	0	0	0	0	0	81	0	0	0	0	0	0	0
66f22652d92f87e1cbd931731dc8e235	0	83	0	0	0	0	0	0	0	0	0	0	0	0	0
84f0ebc284c8dd6931fd112aadb54e5c	0	0	0	0	102	0	0	0	0	0	0	0	0	0	0
f307627a83fc21e6075c676034c2f128	0	0	0	0	0	0	81	0	0	0	0	0	0	0	0
4714f5623c9b6290536ee2f50d1c4393	0	0	0	0	0	156	0	0	0	0	0	0	0	0	0
fd370f2111c8db06bc71a9ab97f77536	0	0	0	0	0	0	0	0	0	0	0	0	118	0	0
4edd41409c22a45972675870e09d9f07	0	0	0	0	0	0	0	0	0	0	0	0	0	0	135
ef80bec8cc2232fb82b6c169ed76cda2	0	0	0	0	0	0	0	0	0	0	0	0	0	24	0
383b85b579b3acaff745485c7388000f	0	17	0	0	0	0	0	0	0	0	0	0	0	0	0
06843ad324af14b1a01c621f0063dcc7	0	0	0	0	6	0	0	0	0	0	0	0	0	0	0
d13450da8dee9ac28c8dff6cc080c29b	0	0	0	0	0	0	0	12	0	0	0	0	0	0	0
25310449185f6b144f4b474be94fe3bc	0	0	0	0	0	0	0	0	6	0	0	0	0	0	0
2dbf152f92110881bc8933f5fc420684	0	0	0	0	0	0	35	0	0	0	0	0	0	0	0
56c850b5c6e8f9ff87362eee015af86c	0	0	0	0	0	0	0	0	0	0	0	0	0	34	0
b6ff778a3ed28aef1fc420ca455038e9	0	0	0	0	0	0	37	0	0	0	0	0	0	0	0
31a7be37ca179cbe632ad4a4bdede76e	0	0	0	0	0	0	29	0	0	0	0	0	0	0	0
8c1db2c2ceee88c07d36f9df8da56979	0	0	0	0	0	27	0	0	0	0	0	0	0	0	0
70be4bf7d6cbf723bb3205b505453222	0	0	0	0	0	0	0	0	0	0	0	10	0	0	0
78b699a3c5d917785119574095065f40	0	0	0	0	0	2	0	0	0	0	0	0	0	0	0
c648102b346afb22a304081aeefefd85	0	0	0	0	19	0	0	0	0	0	0	0	0	0	0
1707a160760ab858d7a75a551464a7e5	0	0	0	0	0	0	0	0	0	0	5	0	0	0	0
aa124152c2f4bef5a17b2027ec6591f4	0	0	0	0	0	0	0	0	0	0	5	0	0	0	0
616e6a82ea5d8f74a58e39f6879c83ad	0	0	0	0	0	0	0	0	0	0	5	0	0	0	0
c106638d499552e6f7ffb42b91237ab6	0	0	0	0	0	0	0	0	0	0	0	49	0	0	0
75b268629451a559180f69d6c08504a4	0	0	54	0	0	0	0	0	0	0	0	0	0	0	0
2fe35b74220a7a1406658eb1618c0638	0	30	0	0	0	0	0	0	0	0	0	0	0	0	0
7849cd5a2f0f8aa0ef79860dbbe8d997	86	0	0	0	0	0	0	0	0	0	0	0	0	0	0
7c000ebaddfe78e8cf929cb8d624bdeb	0	0	0	0	0	0	0	0	85	0	0	0	0	0	0
c9e8582f12f47a6e93d84b451cb715b5	0	0	0	0	0	0	0	0	0	0	0	0	24	0	0
0997298c1b4ce329e83a45b521a4f793	0	0	0	0	50	0	0	0	0	0	0	0	0	0	0
1cf06ce79282a3eade585af8c494a651	0	0	0	0	0	12	0	0	0	0	0	0	0	0	0
adff287284d67b77d3f7ef028db791ee	0	0	0	0	0	0	0	0	0	0	43	0	0	0	0
db4a18554aa3060e7ae02a1071232d9b	0	0	0	52	0	0	0	0	0	0	0	0	0	0	0
5d16400bd277ad07f6034d80dd36f06b	0	0	0	0	0	0	0	14	0	0	0	0	0	0	0
e2fb8abc3921b3b9a91a805c35af7660	0	0	0	0	0	0	0	0	0	0	0	0	9	0	0
4558fd0a8c4158702d9af1a5d50b2e8c	0	0	0	0	0	0	0	0	0	0	0	0	0	0	24
401ec8dd41c8156776d4b46d4a4d1cee	0	0	0	0	0	0	0	0	0	0	0	24	0	0	0
73619fee86c8de93e87474315ef3215e	0	0	0	0	0	21	0	0	0	0	0	0	0	0	0
524cbaf87891bfef59cdbb596dd69a0f	0	0	0	0	15	0	0	0	0	0	0	0	0	0	0
8fa2178ebe3ff44d624728a686cc1fd6	0	0	0	0	0	4	0	0	0	0	0	0	0	0	0
aec4a358c8ee2b07eb4908a2d3b9c22f	0	0	0	0	0	0	0	0	0	0	0	0	3	0	0
2b1885163b55618abc3a6d49f9711667	0	0	17	0	0	0	0	0	0	0	0	0	0	0	0
bc71b04fe19f8de294cf41f0b277c8a4	0	0	0	0	0	13	0	0	0	0	0	0	0	0	0
200419ee81bc4f017419cb12afbfa0e1	0	0	0	0	0	0	0	0	0	0	0	0	0	15	0
33c2824446ff9741906b51627c97c401	0	0	0	0	0	0	0	0	0	0	0	0	0	0	11
3ac199ae7d67f80e9253a9a002bf6520	0	0	6	0	0	0	0	0	0	0	0	0	0	0	0
cf9f8ecd4dea44b3443f8afc5872893f	0	0	0	0	0	0	0	0	0	0	0	0	0	14	0
f3ae58c43d7355ea1c10a2f9ac5e8ff0	0	0	8	0	0	0	0	0	0	0	0	0	0	0	0
899f1e3f1f8252e9e2c4b6549cfe7ce3	0	0	0	0	0	0	0	0	0	0	0	0	0	1	0
4dc8bd808fc1efc28a119dc4e5cc0485	3	0	0	0	0	0	0	0	0	0	0	0	0	0	0
19cd7c614e070aac7426112a32718e4b	0	0	0	0	0	0	0	0	0	0	0	7	0	0	0
05b2cced4ea282fe80dbc8b739f9d5e3	0	0	0	0	0	0	0	0	0	0	409	0	0	0	0
059f1053c788b25134468937e4aa43f5	0	0	0	0	0	0	0	0	0	0	31	0	0	0	0
6cf04f5bc3f24c1371b26f075f220dd6	0	0	0	0	0	0	0	0	0	0	47	0	0	0	0
7f6bbcee4cebda12eec0508155e37e07	0	0	0	0	0	20	0	0	0	0	0	0	0	0	0
70af0a10bdc47a0d0c7eb7b3aa809150	0	0	0	29	0	0	0	0	0	0	0	0	0	0	0
f10e7ea5645e62b25e655e2691004dcd	0	0	0	2	0	0	0	0	0	0	0	0	0	0	0
110c5045e1ffcdecea959485d1fea1d3	0	0	0	0	0	0	0	0	0	0	0	0	13	0	0
1c62c9c4b28415343daedc00e9321452	0	0	0	3	0	0	0	0	0	0	0	0	0	0	0
24b95a9c52ca5af7103d4c801d78b672	0	0	0	0	0	0	0	0	0	0	16	0	0	0	0
cf42ecdd9aaa0c0f5a882a35735a2315	0	0	0	0	0	0	0	0	0	0	19	0	0	0	0
2aaf86909b58ab1c8ba8028c6143b249	0	0	0	0	0	0	0	0	0	0	21	0	0	0	0
677866662af5166bdd326ae589d81464	0	0	0	0	0	0	0	0	0	0	571	0	0	0	0
1aacba724ced75093a137d1a0598613d	0	0	0	0	0	0	0	0	0	110	0	0	0	0	0
aad23ada9c166f7c24c1c317c40e27c7	0	0	0	0	0	0	0	0	0	0	21	0	0	0	0
e3130c0d1269a9e6b690df536e1ba936	0	0	0	6	0	0	0	0	0	0	0	0	0	0	0
eb20eee37ee022564f97206ec1762a9e	0	0	0	11	0	0	0	0	0	0	0	0	0	0	0
ffa036c8b0890a080e8507e1f87d3ad6	0	0	0	0	0	0	0	0	0	0	0	0	0	21	0
615d9054106f44ef338fa83f6f4ad487	0	0	0	0	0	0	0	0	0	0	28	0	0	0	0
a5b23a0b3a3e553aafa10b54a16cf2ad	0	0	0	0	0	0	0	0	0	0	0	0	10	0	0
a4dac8cf3892b9df8b3be38a613c718f	0	0	0	0	0	6	0	0	0	0	0	0	0	0	0
2a3538cd2b0c71367edfdc276732d67b	0	0	0	0	0	0	0	0	0	0	22	0	0	0	0
67c41e0a9060cf9d85b02b795763a5d5	0	0	0	0	0	0	0	0	0	0	7	0	0	0	0
1a7ce7c5ac5a0f777e61a7485a77303b	0	0	0	0	0	0	0	0	0	0	67	0	0	0	0
52019b2011ac8bd986d6014fbd5c5929	0	0	0	0	21	0	0	0	0	0	0	0	0	0	0
3a02faaf63a268e79bf98bac576add1a	0	0	0	0	0	0	0	0	0	0	0	0	0	8	0
89a582cbbc9c8cd6e253522faef35cdf	0	0	0	0	0	0	0	0	0	0	0	0	11	0	0
8acd2392a27a1544e9fb3b2f18ca328b	0	0	0	0	0	0	0	0	0	0	0	0	0	8	0
ff42085bdbff4875aeb77e90f8b68df5	0	0	0	0	0	0	0	0	0	0	0	62	0	0	0
d3339a37e730833af2d9db7b1de8899d	0	0	0	0	0	0	0	0	0	0	0	0	0	0	33
af0484fe032dddc1cd13ab097efe1b99	0	0	0	0	0	0	0	0	0	0	0	0	0	16	0
567dd9ec23664a177f9b2b8b258ab6db	0	0	0	0	0	0	0	9	0	0	0	0	0	0	0
6f68bd8debab557e09122f433eba1bf7	0	0	0	0	0	0	0	0	0	0	0	0	17	0	0
659e91205db2f64cd51aed47e4d267d9	0	0	0	0	0	0	0	0	0	0	0	15	0	0	0
0c27196b38c561e3cc6bb844049e86a8	0	0	0	20	0	0	0	0	0	0	0	0	0	0	0
eebb9e2741b8f879632216857a2b0136	0	20	0	0	0	0	0	0	0	0	0	0	0	0	0
d74da3e67507384119edf47797bf3e6d	0	0	0	0	0	0	80	0	0	0	0	0	0	0	0
ca07ab696f550a8ccee616e67089bb08	0	0	0	0	0	13	0	0	0	0	0	0	0	0	0
d40dec1241de85b496fe8c63a67ee1b5	0	0	0	12	0	0	0	0	0	0	0	0	0	0	0
e97b7619d11426bd899b5ad315339c59	0	0	0	0	0	0	0	0	40	0	0	0	0	0	0
0abf29affa707d86f49ed0c7c4de75e4	0	40	0	0	0	0	0	0	0	0	0	0	0	0	0
05556e6107c1327a1674ff72400a8112	19	0	0	0	0	0	0	0	0	0	0	0	0	0	0
b3af2498cfe24400b83af0e9c9d9747a	0	0	0	0	27	0	0	0	0	0	0	0	0	0	0
ae6f452d23fc2b50b3d9735ddb99b1b7	0	0	0	0	0	8	0	0	0	0	0	0	0	0	0
60108e2adf505a2cad3fccf54baf3273	0	0	0	0	0	0	0	0	0	0	0	0	0	62	0
e3a607f5328dc7eb269f6d4f7b3c277d	0	0	22	0	0	0	0	0	0	0	0	0	0	0	0
7006ca207d32f221910f7aa7d01775c7	0	0	0	0	0	0	0	0	0	0	0	15	0	0	0
a4c5be7aac956f3d2ad3bd695dc65d1d	0	0	64	0	0	0	0	0	0	0	0	0	0	0	0
16d39663fc2151e33bde67d9de4d825d	0	0	0	0	0	0	0	0	0	0	0	23	0	0	0
a290c1140d69ec0ef8a6be5d2916723b	0	0	0	0	0	0	0	0	54	0	0	0	0	0	0
512972345f06924b89768c869a19668d	0	0	0	0	0	0	0	84	0	0	0	0	0	0	0
2d059e29760d12ec272753e5b6f4cf19	0	0	0	21	0	0	0	0	0	0	0	0	0	0	0
534e727474391070ed420192044c1638	0	0	0	0	0	0	0	0	0	0	0	0	11	0	0
a603effdafacc93cf110f6bf4bab7f10	0	0	0	0	0	0	0	0	0	183	0	0	0	0	0
f0d0406452197bf624fbb187a9f6bf02	0	0	0	0	0	0	0	0	0	0	0	0	0	0	12
ec60375840664f0ff354932782c879ca	0	0	0	0	0	0	0	0	0	0	0	0	0	12	0
814502835b65df45e408dcd4dee4cba4	0	0	0	0	0	19	0	0	0	0	0	0	0	0	0
c09357a0f3975582c453578f69c75170	25	0	0	0	0	0	0	0	0	0	0	0	0	0	0
bac97914adc578f56cbd6e7cd19a5690	8	0	0	0	0	0	0	0	0	0	0	0	0	0	0
33153f3fd6e1cb037744811717c47148	0	0	0	0	0	0	0	0	0	0	465	0	0	0	0
ad6d53ccc85dfeb3605621bd2b9d5cd7	0	0	0	0	0	0	0	0	0	0	0	0	0	23	0
3d6331cc92c9b141de0f0d786389de41	0	0	0	0	0	25	0	0	0	0	0	0	0	0	0
4e87cce737360503e840f7fb7a1bdf30	0	0	0	0	0	0	0	0	0	0	0	0	33	0	0
7b40296ff49d565967264fdda9698e72	0	0	0	0	0	8	0	0	0	0	0	0	0	0	0
cf6b2c445849e9f849c26daf0b21d23f	0	3	0	0	0	0	0	0	0	0	0	0	0	0	0
af9935e8531150e3379da6e55a2fee0e	0	0	0	0	0	0	0	0	0	0	0	4	0	0	0
a00b195fe6695388475fb156584c17ae	0	0	0	0	0	0	0	0	0	0	112	0	0	0	0
e68f3be31829ae9371ef6a5f958820cd	0	0	0	0	0	0	0	0	0	0	663	0	0	0	0
f65d6456ef1e29c04f04fcc4c980eb05	0	0	0	0	0	0	0	0	0	0	0	0	16	0	0
c5449d763f4d0226aa52cada13fc16d7	0	0	0	45	0	0	0	0	0	0	0	0	0	0	0
17db810aa92dc0e8cc6dd6a9e02f7181	0	0	0	0	40	0	0	0	0	0	0	0	0	0	0
397602baecf98f8ed387abcfc85c6da5	0	0	0	0	0	0	0	0	60	0	0	0	0	0	0
203397f657ac3685b0fb0c4982683211	0	0	0	0	0	0	0	0	0	0	0	0	0	0	144
3257f773f3a886fd4d6719d029d4e119	0	0	0	0	0	0	91	43	0	0	0	0	66	0	0
29ad25836a46b9a1bdf7ea8c0e51cb65	0	0	0	0	0	0	0	0	0	0	0	0	0	52	0
e337735c5eb6c0cea7bfc95ba14751d6	0	0	0	0	0	0	0	0	0	0	0	50	0	0	0
ecc8d6bbd2e6e0dedc9c621cc21db886	0	0	0	35	0	0	0	0	0	0	0	0	0	0	0
99f995454a30d65318a8426eaa4806a0	0	0	0	0	0	58	0	0	0	0	0	0	0	0	0
02edea9ced2049bf091a1a82ebda950d	0	90	0	0	0	0	0	0	0	0	0	0	0	0	0
af58bde9a89ef8a7d99fd0872953b72a	0	0	62	0	0	0	0	0	0	0	0	0	85	0	0
e73a4c9f3abe00c40911a332cbff28c3	56	0	0	0	0	0	0	0	0	0	0	0	0	0	0
320f3224d583dfb786f97376b418dd3d	0	0	0	0	0	17	0	0	0	0	0	0	0	0	0
06d7e68965d483fb407856c65545e8f5	0	0	0	0	0	0	0	0	2	0	0	0	0	0	0
a2b423f1ff9033531289036a3ea4dc2d	0	0	0	0	0	0	0	0	0	0	0	0	0	0	45
ea5b812c0f2c717170199e8d0362bbc5	0	0	0	0	0	22	0	0	0	0	0	0	0	0	0
8f704fcc4d722495f80170016046b3a0	0	7	0	0	0	0	0	0	0	0	0	0	0	0	0
865c536702c02341bcaa9283d727b450	0	0	0	0	0	7	0	0	0	0	0	0	0	0	0
444a21460a82a6a34ac4b439a3da1aae	0	0	0	0	0	19	0	0	0	0	0	0	0	0	0
b6d9efe6ffe999fa0e7d3e3dc1a89d7b	0	3	0	0	0	0	0	0	0	0	0	0	0	0	0
49d9086f02c270cae285b87ae8fcbafb	0	0	0	0	0	0	0	0	0	0	0	0	0	21	0
8d4160fc886aad6a0760a9916fef53d9	0	15	0	0	0	0	0	0	0	0	0	0	0	0	0
87e0588d5a86e9286f6d413460cf2092	0	0	0	14	0	0	0	0	0	0	0	0	0	0	0
733a0bff1708346fd078db3c286dc36d	0	0	0	0	0	0	0	0	0	0	0	0	3	0	0
cc01c6550bfe846dd413962e5f6809a4	0	0	0	0	0	0	0	0	0	0	0	0	3	0	0
a3223b4ce73c977661a762d4dc74a831	0	0	0	0	0	0	63	0	0	0	0	0	0	0	0
d4494ed97bc1c04884a8229fc29c96d3	0	52	0	0	0	0	0	0	0	0	0	0	0	0	0
943b6545f8744deeae119a29435d7fac	0	0	0	0	0	0	0	0	0	0	0	0	13	0	0
e14f16ca43cd1e4b57432067aed80b18	0	0	0	0	0	23	0	0	0	0	0	0	0	0	0
3eb94f68dac23b1c05da40c5ef4398aa	0	0	0	0	0	0	0	0	0	0	0	0	0	0	14
20bc2f7ecfdd463b663c973f4287ea58	0	0	0	0	6	0	0	0	0	0	0	0	0	0	0
fa0de524a2aa4575c4b60e1067970b39	0	0	0	0	0	0	20	0	0	0	0	0	0	0	0
fcfdf19fca57f1f0b967ac7d251a5132	0	0	0	0	0	0	0	0	0	0	0	0	0	18	0
105f4f7757676c57dd3619884f5e13c4	0	0	0	0	0	0	7	0	0	0	0	0	0	0	0
3278191356c4d4e4303e6a3512668875	0	0	0	0	0	0	0	0	0	0	1	0	0	0	0
05f01945a87fbe68d4090214aa71a99e	0	0	0	14	0	0	0	0	0	0	0	0	0	0	0
780e61672921ed576d474158ba5da331	0	0	0	0	0	0	0	0	0	0	20	0	0	0	0
bc7a647bcb87f8321d8126deb4a04150	0	0	0	0	0	0	0	0	0	0	56	0	0	0	0
0635597282b8926e38dac4d9bb9deb62	0	0	0	0	16	0	0	0	0	0	0	0	0	0	0
f5be278d2713d376ca43108287868287	0	0	41	0	0	0	0	0	0	0	0	0	0	0	0
643610e53b1820b2078858a192ca6db4	0	0	0	0	0	0	0	0	18	0	0	0	0	0	0
09782bb0555bd7cd334a010d21647b44	0	0	0	0	0	0	0	0	0	0	0	0	0	17	0
188daaede326c026703ad3aa67d37384	0	0	0	0	0	36	0	0	0	0	0	0	0	0	0
04fdaa96cbb4baab367aa603eecc2df4	0	0	0	0	0	0	0	0	0	0	0	0	71	0	0
a05f28bd84ed0504eb3d3a25ec2973b8	0	0	0	0	0	0	0	0	11	0	0	0	0	0	0
217df8165daa26c608d6d17a7d52a18d	0	0	0	0	0	0	0	0	0	0	0	0	12	0	0
94c4a8263569ee53bf0dd3fd9e2dc688	0	0	0	0	0	0	26	0	0	0	0	0	0	0	0
7164177acbf48f6b0ad477ec77523377	0	0	0	0	0	0	0	0	0	0	0	0	50	0	0
194b11b5a80a109a3227b13d15176807	0	0	0	0	0	0	0	0	0	0	0	106	0	0	0
1ed6443f38adb888e76badcf7604fc75	58	0	0	0	0	0	0	0	0	0	0	0	0	0	0
46c882556caeeb309fdae3cccd47ae5f	0	0	0	0	0	0	0	0	0	0	0	0	0	0	39
4c6aa6ec3af20360cc3c59bd099dbc38	0	0	0	0	0	0	0	0	0	0	0	17	0	0	0
43ca4c274bdbf03848effc9570724e77	0	0	0	0	0	19	0	0	0	0	0	0	0	0	0
72841889a49435620454b15ee5493c89	0	0	14	0	0	0	0	0	0	0	0	0	0	0	0
fd11dfce7c62ba133f71af9b7a7362d0	0	0	0	0	0	37	0	0	0	0	0	0	0	0	0
84e98b67377532c8856234c735ed91d7	0	0	0	0	0	0	0	0	0	0	0	0	0	48	0
e3d99747240065e5822cb99b2c310f61	0	0	0	0	59	0	0	0	0	0	0	0	0	0	0
908eb0511ca224e80f6e0189a767b49f	0	0	0	0	7	0	0	0	0	0	0	0	0	0	0
b9c5c3895f61a863524041ca5b164847	0	0	0	0	0	0	0	0	0	0	0	0	18	0	0
24994d1ef7ebda1930e0ef9be307e0e7	0	0	0	6	0	0	0	0	0	0	0	0	0	0	0
4a7e6e539a94cea2b017a5d6a425b639	0	0	9	0	0	0	0	0	0	0	0	0	0	0	0
f1c22242ca0576bc87774c78561d9451	0	5	0	0	0	0	0	0	0	0	0	0	0	0	0
2d176bf117eb96166c3de024c54bef70	0	0	0	0	0	0	0	0	0	0	0	0	0	30	0
5405dfb031ed295255d0c204aaa4db00	0	0	13	0	0	0	0	0	0	0	0	0	0	0	0
eec59e8cc94dbb089076ffa1e5d0eb98	0	0	0	0	0	0	0	7	0	0	0	0	0	0	0
981eb618b574609e3eb64ec6915732a4	0	0	0	0	0	0	0	0	17	0	0	0	0	0	0
e5680c33ac0fe2809ba58191313ab35c	0	0	43	0	0	0	0	0	0	0	0	0	0	0	0
a2f64386bf9b31f4174e4a9e338afe6a	21	0	0	0	0	0	0	0	0	0	0	0	0	0	0
49ca911dfe997551e057f6e2a7b4fd47	0	0	0	0	0	37	0	0	0	0	0	0	0	0	0
89db8cb996f3852257326f451ab2aa46	0	0	0	0	0	0	0	0	0	0	0	45	0	0	0
32e984d898c0953410e995261ed9db76	0	0	0	0	0	0	0	0	0	0	0	0	0	46	0
4892feef437b96c0bfe05b3d1495f6a8	0	0	0	0	0	0	0	0	0	0	0	0	0	0	20
5e2776c917ceff09fbaa039b02c9e1d5	0	41	0	0	0	0	0	0	0	0	0	0	0	0	0
b7452b0dca676ed4b9512300d45a501c	0	0	0	0	0	0	35	0	0	0	0	0	0	0	0
99cfe9ddee013a1ff44af121fc7e0c9b	0	0	0	0	0	0	0	0	0	0	0	0	0	0	25
e01abdb26abda41aabe87ec108ba6e76	41	0	0	0	0	67	91	0	0	0	0	0	0	38	0
885ad144f99faa2cb4838caf794eaaad	32	0	0	0	0	102	0	0	0	0	0	0	0	0	0
fe8c303113785735321db072ca875e44	0	0	0	0	0	15	0	0	0	0	0	0	0	0	0
f1bc18105bf8e092aac22903a966183e	0	0	0	0	0	0	0	0	0	0	0	52	0	0	0
043cae10ccaadaed3316679784e31eae	0	0	0	0	0	0	0	20	0	0	0	0	0	0	0
c16c34a3c742f434d37bf1c955eb2363	0	0	0	0	0	0	0	0	46	0	0	0	0	0	0
285501bcdaed5596319dab373a5a71e3	0	0	0	0	0	0	0	0	0	0	0	0	36	0	0
9a09f9fe99c6a6c90bb63eb0468af03f	0	0	0	0	0	0	0	0	0	0	0	0	0	54	0
a2a3d4980a1fde6147b00222e7194f35	0	0	0	0	0	0	0	0	0	0	0	0	0	0	17
8ebcc762dfc09db76c35cbc1f0e93722	52	0	0	0	0	0	0	0	0	0	0	0	0	0	0
f1cd6209c52200369e2ad835cef4a50d	0	0	0	0	0	28	0	0	0	0	0	0	0	0	0
82a7748f1ba39d6248195dd2fc2d0cb8	0	0	0	0	0	0	0	0	0	0	0	0	0	21	0
afcbe7079c6763e78b59b7b983f6b33c	0	0	0	0	0	0	0	0	0	0	0	0	0	0	14
d09b02606414bb3d8177a2cb91aab416	0	0	0	0	0	0	40	0	0	0	0	0	0	0	0
aadc93612ecd0628e27d64f74a76c2d0	0	0	0	0	0	0	0	0	0	0	0	0	0	34	0
2c3295c2f4ec80e37fc6f93e133f2b59	0	0	0	6	0	0	0	0	0	0	0	0	0	0	0
fa71613bbaa24a77d25d09b501d8037a	0	14	0	0	0	0	0	0	0	0	0	0	0	0	0
23930a343995d61f40602fdf9d8155e0	0	0	0	0	12	0	0	0	0	0	0	0	0	0	0
cb987f6ecbdba167f5a68bbdf5765481	0	0	0	0	0	0	0	0	0	0	0	33	0	0	0
02d8ab91dcf402834bb90de98ab1032f	0	0	0	0	0	0	0	0	0	10	0	0	0	0	0
8d4f283ffcfa09e0856a38edff8bf0ab	0	0	0	0	0	0	0	0	0	0	0	0	3	0	0
f78f2b613e1a69d3ee528c2f7df1b310	389	374	512	0	414	0	712	401	564	0	0	558	0	0	681
15271032cb31c79de523484726745dc1	0	0	0	0	0	0	0	0	0	133	0	0	0	0	0
de972f09b19a9da7b58363cae57564cb	0	0	0	232	0	0	0	0	0	0	0	0	0	0	0
574e417a990b84c2e805e2d5dd17a450	0	0	35	0	0	0	0	0	0	0	0	0	0	0	0
d293bf21b7ec45c0120e20ad4fa3ae8d	0	0	0	0	0	0	0	0	0	0	0	0	0	23	0
b7c9b094fac6af01fa1d6a12dd9d20c3	0	0	0	0	25	0	0	0	0	0	0	0	0	0	0
f822b8b8a733520b26d3f82e23ebd81f	0	0	0	0	0	42	0	0	0	0	0	0	0	0	0
d1f04e8758b57751dbb4925429d915ce	0	0	0	0	0	0	0	0	0	0	0	33	0	0	0
74d971b9b2cc4a11e76b8e23cdf87fad	0	0	0	0	0	0	0	0	0	123	0	0	0	0	0
ba47b5007e19e966e6d9ac39e9f2a3c0	0	0	0	0	0	0	0	0	0	0	0	0	9	0	0
b7e73ba08259b681f405449ad65b0cd5	0	0	0	0	0	0	0	0	0	0	0	0	0	21	0
8ddd99f6cfe62cf82512b2a1fb0dad57	0	0	0	0	0	0	0	0	0	0	0	0	7	0	0
49ee7006b7283bf3157c4141a9395896	0	0	0	0	3	0	0	0	0	0	0	0	0	0	0
ae870d2153fb046012dd120953f3e7d4	0	0	0	0	0	0	0	0	0	0	0	0	7	0	0
d4962bb3c207c0934da3916d02d4716c	0	13	0	0	0	0	0	0	0	0	0	0	0	0	0
a62d2b664371dab12a6378e2c655e7c9	0	0	0	0	0	13	0	0	0	0	0	0	0	0	0
096ae7d88738683e2595a95487631fe5	0	0	0	0	0	0	0	0	0	0	493	0	0	0	0
25cd5de125aff8daf973228993b9b848	0	0	0	0	0	0	0	9	0	0	0	0	0	0	0
d5e9f51a0d62aba34998ed8402b9b893	0	0	0	0	0	0	0	0	0	0	0	0	16	0	0
b08cb4d715d00e02696a708e047fddf8	0	0	7	0	0	0	0	0	0	0	0	0	0	0	0
0b5dae8bcf32d49bb37a0bb29eff4e40	0	0	0	13	0	0	0	0	0	0	0	0	0	0	0
3e10ee5941d8add9debb4ff14fa6c01d	0	0	0	0	0	11	0	0	0	0	0	0	0	0	0
4eff4a845b25fdc65b4210c0edee8a5d	0	0	0	0	0	0	0	13	0	0	0	0	0	0	0
9400185a280951e952c5c1e5dd638201	0	0	0	2	0	0	0	0	0	0	0	0	0	0	0
784849299ef422937d6feae66faa2c7b	61	0	0	0	0	0	0	0	0	0	0	0	0	0	0
6a6eea1ca07819f53fd936fadea8d2f3	0	0	0	0	0	0	0	0	0	0	20	0	0	0	0
1a57367a0b1e0ee2538f9c32e5abb314	0	0	0	0	0	17	0	0	0	0	0	0	0	0	0
9f40c450959619a26db95c77e8f50fb0	0	0	0	0	0	0	0	0	0	0	0	0	0	20	0
90e0eca324812b50492005dfd8a4919b	0	0	0	0	0	0	0	25	0	0	0	0	0	0	0
d3c75a6e74c2b4495706a11742f945d6	0	0	0	0	0	0	0	0	25	0	0	0	0	0	0
5442f3b3f58b9764a0ee70668ade9d9c	0	0	0	0	0	0	0	0	0	0	0	0	37	0	0
f2f2da7c218fb55a0510e1e4bdd0db35	0	0	0	0	0	0	0	0	0	0	0	0	10	0	0
14204d6723dc7d999723b31060117eca	65	0	0	0	0	0	0	62	0	0	0	0	0	0	0
1bb3f33239ffbab270f888bba4c8374e	0	0	0	0	89	0	0	0	93	0	0	0	0	0	0
24de074cc5e87fd3b7488a3d4ff5e4db	0	0	44	0	0	0	0	0	0	0	0	0	0	0	0
e49862ac3640e0f4c8c336dbd4faf97a	0	0	0	0	0	0	0	0	0	0	0	0	0	16	0
03c453f97bb1c96685b8726b3cbd0d2e	0	41	0	0	0	0	0	0	0	0	0	0	0	0	0
a85966bf5e618743b111622cc1bcaed9	0	0	0	16	0	0	0	0	0	0	0	0	0	0	0
3189792e00bb3447246726690e2663dc	0	0	0	0	0	0	0	0	0	0	0	0	0	8	0
51dd2020b62628bece195d2428b2cf88	0	8	0	0	0	0	0	0	0	0	0	0	0	0	0
c314aeff9f18cbd1abe810ba3a50f3e9	0	0	0	0	0	0	0	0	0	155	0	0	0	0	0
663a04f532c31bf4bc09b53cc19620bd	0	0	0	0	0	0	25	0	0	0	0	0	0	0	0
fe031506e01cfea436f8bd319456be39	0	0	0	0	0	28	0	0	0	0	0	0	0	0	0
4dd421565613338293fb0257a2da799e	0	0	0	0	0	0	0	0	0	0	0	16	0	0	0
dc4749c7a4f5c8219dfaaf4b6cf85d49	0	0	0	0	0	12	0	0	0	0	0	0	0	0	0
dffa25dddafb7fad4a3dd663d263b28a	0	0	0	0	0	0	0	0	0	0	0	0	0	9	0
b4af2725477d04073aa8171933a5321d	0	0	0	0	0	11	0	0	0	0	0	0	0	0	0
a566fd284c6be4e3a8e713ea14015fae	0	0	0	0	0	0	0	0	0	0	0	0	0	12	0
01793bd41cc376df411613bd63f59be1	0	0	0	0	0	0	0	0	0	0	0	0	0	8	0
df0dfaaa54bff5fc12e5c499c9e3c88c	0	0	0	0	0	0	0	0	0	0	0	0	0	21	0
26e89d0c4c4481310c090fe371c20895	0	0	0	0	0	0	3	0	0	0	0	0	0	0	0
e775774b274d254d62eb2059aad77f6d	0	0	0	0	0	17	0	0	0	0	0	0	0	0	0
67dc95727cdb6dd08b2edd3cbf2d50d7	0	0	0	0	0	0	39	0	0	0	0	0	0	0	0
36a34cdac384285922e37ec25a46a46e	0	0	0	0	0	0	0	0	0	0	0	0	0	0	14
a8a8b28361c2881880671dcdc687d47a	0	0	0	0	0	21	0	0	0	0	0	0	0	0	0
928fff282c7cba157d34b21b5e096b4c	0	0	0	0	0	0	0	0	0	0	0	60	0	0	0
592fa0618ed7cc24148dafb67f5a0eaa	0	0	0	0	0	0	0	0	0	0	0	0	0	75	0
e220218b1c2306195ddb3f33ec3f4c1a	0	0	0	0	0	0	90	42	0	0	0	0	0	0	0
5babbd73ac1aa692ec1d4b0bf98276e2	0	0	0	0	0	0	0	0	0	0	0	0	0	0	47
6d6faa93e1c63901d0b35f79bd264ce6	91	0	0	0	0	0	0	0	0	0	0	0	0	0	0
7c0d9eb53d3fe54b8b25c95eaff3d0d5	0	0	0	0	0	0	0	0	80	0	0	0	68	0	0
c4022d5ff8321dd6794726b34ebde902	0	0	0	0	68	0	0	0	0	0	0	0	0	0	0
ef2bcdff9b6f60e033d5667fa322777d	0	0	0	0	0	0	0	0	0	0	0	0	14	0	0
43e54c1d849628e25f50ca2dde95c636	0	0	0	9	0	0	0	0	0	0	0	0	0	0	0
471f8675bb61053188e74b5c880fa40f	12	0	0	0	0	0	0	0	0	0	0	0	0	0	0
ba46b93065ce3d14ccbb451dd84a2768	0	0	0	0	0	0	0	0	6	0	0	0	0	0	0
f5ba0344c971020154ad49ecf8289350	0	5	0	0	0	0	0	0	0	0	0	0	0	0	0
9c89337a00b48e78a6dc2f8103afe9ff	21	0	0	0	0	0	0	0	0	0	0	0	0	0	0
c610a88f3edd24401de6dad7c963cfd0	0	18	0	0	0	0	0	0	0	0	0	0	0	0	0
a0176e1676daf5ca2ffa8e76ce7498c0	0	0	0	0	0	0	0	0	0	0	0	0	31	0	0
0ea2085895de66567b038b4aa9aa41a3	0	0	0	0	0	0	0	0	0	0	0	0	12	0	0
4affa6eaa26adc390bc7539f6015da41	0	0	0	0	0	0	0	0	0	125	0	0	0	0	0
2dfc45174ebf8cd1fb8d8d2868b9202a	0	0	0	0	0	0	0	0	0	0	0	0	26	0	0
dcfa985100bb78bc8fb788a875171a98	0	0	0	0	0	31	0	0	0	0	0	0	0	0	79
0099327e03ff8b3745220eeda99e64b3	0	0	0	0	0	0	0	0	0	0	0	33	0	0	0
45fa39137015cbf00cba566adb2489fe	0	0	0	0	0	0	0	13	0	0	0	0	0	0	0
7071c23c1127ff307b558da64f81dc2c	0	0	0	0	0	0	0	0	0	0	0	0	0	5	0
24a452a849ce06b9d49baef8ad69837b	0	0	12	0	0	0	0	0	0	0	0	0	0	0	0
18480aaeba7459fb624cc271ad9d5132	0	0	0	0	0	0	0	0	0	0	0	0	0	20	0
b16839a32371d95cea9412a514613e09	0	0	0	19	0	0	0	0	0	0	0	0	0	0	0
3854d57ef7e6b70426cd072597dce04f	0	0	0	0	0	0	7	0	0	0	0	0	0	0	0
64768cad30506bfeefa4cae2497ef108	0	0	50	0	0	0	0	0	0	0	0	0	0	0	0
77455a322a2156ab40a43b7372859ccb	0	0	0	0	0	0	74	0	0	0	0	0	84	0	0
60b2b0fce71f5225de78fcb01d09833b	0	0	0	0	77	0	0	81	0	0	0	0	0	0	0
91ac5eeb87a7532dfc4e6259068cdbdf	0	0	0	0	0	130	0	0	0	0	0	0	0	0	0
edaa7dc9d1ae246b0faa1b110fe6fde7	0	61	0	0	0	0	0	0	0	0	0	0	0	88	67
2c449aedc929feaf17794ba2b6d8be7c	29	0	0	0	0	0	0	0	0	0	0	0	0	0	0
7ed3dbc69a066bade05b68a3eb075240	0	0	0	0	0	0	0	0	70	0	0	0	0	0	0
684dc11b9955ba6a7b74ff2cb0d9a879	0	0	0	0	0	0	0	0	0	0	12	0	0	0	0
947cf85332412447f82f23fa6e725b3c	9	0	0	0	0	0	0	0	0	0	0	0	0	0	0
ed4d65f75f050297e82f948d8a976c88	0	0	0	0	0	0	0	0	0	0	0	0	0	37	0
e5b359c8ce4e8e1111555f81604ffc8b	0	0	0	0	0	0	0	0	0	0	0	0	0	0	14
9b1ebc0aa5bc968a83eaf49eaa35aa0e	0	8	0	0	0	0	0	0	0	0	0	0	0	0	0
efe0131d3838aeec26f45a570a89701d	0	0	0	0	0	0	165	0	93	0	0	0	0	0	0
4a9467e04ca87e404d2b937b6e8c7582	119	0	0	0	0	0	0	0	0	0	0	0	0	0	124
5b18368f2028dc359553f8bebefafe28	0	0	0	72	0	0	0	0	0	0	0	0	0	0	0
49fd22f407ba4f2d582bbfb2bcb7d9cc	0	93	0	0	0	0	0	0	0	0	0	0	0	0	0
018a01882d29206127b74feb7fd0e581	0	0	0	0	0	38	0	0	0	0	0	0	0	0	0
5bf065c14ebb8a213ffbd1b092087cd8	0	0	0	0	0	0	20	0	0	0	0	0	0	0	0
e50200b6ca44087bece48f35dceebb2f	0	0	0	0	0	0	0	0	5	0	0	0	0	0	0
c62b986138a888e1927c3f3cb007ac37	0	0	0	0	0	9	0	0	0	0	0	0	0	0	0
a9479e1a7af6de26c0eb5c31dfec50d5	8	0	0	0	0	0	0	0	0	0	0	0	0	0	0
6a2c5efa30c61cf99865b2fd5b9f902d	0	0	0	0	0	0	0	0	16	0	0	0	0	0	0
3e12673b6b548586fea305aad72fce11	0	0	0	0	0	0	0	13	0	0	0	0	0	0	0
d1020ac88e24cc969049cda284b55d25	0	0	0	0	34	0	0	0	0	0	0	0	0	0	0
223c6551e9fe76e2ff366b077dc75e39	54	0	0	0	0	0	0	0	0	0	0	0	0	0	0
2bbffae87dc7afdf2298acb235e02038	0	0	0	0	0	0	0	0	0	0	0	39	0	0	0
d6feaef25a29eeb314b316f972d5dd95	0	0	0	0	0	0	0	0	0	0	0	0	39	0	0
98dbacb9956a433e44223f71948496ee	0	76	0	0	0	0	0	0	0	0	0	0	0	0	0
fc78f4a9808c40e2a80e6d035c5e02b6	0	0	0	0	0	0	0	0	0	0	0	0	0	59	0
9aa636bb675dc4194047af017e43019c	0	0	0	0	0	0	0	0	47	0	0	0	0	0	0
e9922a19de15722d6f116cd868d1ddfe	0	0	0	0	0	0	0	10	0	0	0	0	0	0	0
506ca152adc97e2c08ca45cdc18da35a	0	0	0	0	19	0	0	0	0	0	0	0	0	0	0
3846a740c3e8fc877ccb4186105d1a83	0	0	0	0	0	0	0	0	0	0	0	0	27	0	0
bc01a59b3c3162a2d126f5f8cc73bef7	0	0	0	0	0	0	0	0	0	0	0	20	0	0	0
f2a63621e385f2a772dad4675679d13f	58	0	0	0	0	115	63	0	0	0	0	0	0	0	0
79e88192e27595bf6fb60ba5e5e3a598	0	0	0	5	0	0	0	0	0	0	0	0	0	0	0
3a9924a1293b1b75b3f4ea9abf6bf6b3	0	0	0	0	0	0	0	24	0	0	0	0	0	0	0
691084ecf66db4b2bc658f14489aedf0	0	0	0	0	0	0	0	0	0	0	0	32	0	0	0
3f270ab5a6ba8c37b2bfbf3cfa670ceb	0	0	0	0	0	0	0	0	0	0	0	0	0	24	0
cbf5b6c965692c5a72084b8e7bf1cd2b	0	0	0	0	0	0	0	0	0	0	0	19	0	0	0
7ce5916db71163fceed87a34b68acb3d	0	0	0	4	0	0	0	0	0	0	0	0	0	0	0
a4d288c2e4aaabe9038078cebc7a992d	91	0	0	0	73	0	0	0	0	0	0	0	0	0	0
009134905a356ce19057c23d4c2f2e5a	0	57	0	0	0	0	0	0	0	0	0	0	0	0	0
9f540642d7303d763bf55b5738393300	0	0	0	0	0	0	84	0	88	0	0	0	0	0	0
1617d320c511c746f047376e2ab585ff	0	0	0	0	11	0	0	0	0	0	0	0	0	0	0
3678035a7a04c0d90708659b8ad3d02e	0	0	0	0	0	0	0	0	0	0	0	7	0	0	0
0e97eadb638ed1129d0a286fbc715350	0	0	0	0	0	0	0	0	0	0	0	0	38	0	0
637361c411f2522efc53adb1ea14482a	0	0	0	0	0	0	41	0	0	0	0	0	0	30	0
fdb082f32d4da455661bdaffc6cb530b	0	20	0	8	0	0	0	0	29	0	0	0	0	0	0
44e451c22f02a84c8baff8489a84d940	0	0	0	0	0	0	0	0	8	0	0	0	0	0	0
90b92978d1606a9109858ce0a9f855f6	0	0	0	0	0	0	0	0	0	0	0	0	58	0	0
f7d6300b991f64fa04f0532515ba4230	0	0	0	0	0	0	0	18	0	0	0	0	0	0	0
6259c9a0768678f26a7b9a0a55b97d22	0	0	0	0	0	0	0	0	39	0	0	0	0	0	0
891045fe444fc0e06380bf6914aa56b0	0	0	0	0	0	0	46	0	0	0	0	0	0	0	0
f7cce9a5cf11e6f48b9a7c83e61c8680	0	0	0	16	0	0	0	0	0	0	0	0	0	0	49
38bd940ae501d3e08ce9ea4ed26a93d3	0	0	0	0	0	28	0	0	0	0	0	0	0	0	0
3b53cf92b60ac6daad8bcba0f497fc67	0	0	0	2	0	0	0	0	0	0	0	0	0	0	0
de7fcaa4dc9155b856610947ea423f9a	0	0	0	7	0	0	0	0	0	0	0	0	0	0	0
9b1386949f70118ff434771d0be55d9e	0	0	0	0	0	0	0	0	0	0	0	0	8	0	0
cffbfa7e52f054c93869206a7dc6f587	0	0	0	0	0	0	0	0	1	0	0	0	2	1	4
aa33e1fb4aee44c5cc8b4a4e38c3af9b	0	0	0	0	0	0	0	0	0	144	0	0	0	0	0
a7784614e866d594a5d155c0da65a4b9	0	0	5	0	0	0	0	0	0	0	0	0	0	0	0
45a4f01a91a411d4fb70602c781a6219	0	0	12	0	0	0	0	0	0	0	0	0	0	0	0
e7ad4657b28e5afe08c16676d090a685	0	0	0	0	0	0	0	0	0	0	0	0	0	0	16
4a240e2cc7543e78f8f6d78023f65b5e	0	0	0	0	0	0	111	0	0	0	0	0	0	0	157
ba45cf161f3316a1c48560a5cd7b6ae8	0	0	48	0	0	0	0	0	0	0	0	0	0	106	0
d9a0591e9b1a2d648b484dabcbc86bce	0	0	0	39	0	0	0	0	0	0	0	0	0	0	0
c5baf7a0cb90e478efc62c1b62087f8b	0	0	0	0	0	92	0	0	0	0	0	0	0	0	0
d0b377071e01a7a4ea28639d43c7fffc	0	0	0	0	0	0	0	13	0	0	0	0	0	0	0
fac25934133fdf6497f419333ef08fdf	0	79	0	0	0	0	0	0	0	0	0	0	0	0	0
5285744f942c29071857cf830b303571	0	0	0	0	0	0	0	0	0	0	0	0	70	0	0
27833eb2245a56f7b5dc6753dd57a657	0	0	0	0	154	0	0	0	0	0	0	0	0	0	0
95074f3efa90b6c2903096e75d630147	0	0	96	0	0	0	0	52	0	0	0	0	0	141	0
3ce3d8d35506915fb7f9ea18cec59a03	0	0	0	0	0	0	0	0	0	0	0	0	128	0	81
1f41788d65e871309eaab4dcfaf93fc6	0	0	0	0	0	0	0	0	0	0	0	116	0	0	0
2cc6dd1230c7938d200df2baedadf213	0	0	0	0	0	0	0	0	0	0	0	0	0	0	13
8612544608d7a4e6da25c8e5e2712aa2	0	0	0	0	0	13	0	0	0	0	0	0	0	0	0
add53948a7c7cbbc9f857e64e3f3d425	0	0	0	0	0	0	0	0	0	0	0	8	0	0	0
d0965c2b0e460a8eb499040cce64ef54	0	0	0	4	0	0	0	0	0	0	0	0	0	0	0
d7af9efdcdb88b2806eb04339f733967	0	0	0	0	0	0	0	0	0	0	0	0	11	0	0
34d2784d78660b7a94b227f17e2b1458	0	0	0	0	0	0	0	0	0	0	0	0	0	0	14
beb0c8378356555cd8d70fdda27a04cb	0	0	0	0	0	0	0	0	0	0	0	17	0	0	0
52b8c0faf9c8260970956690f0251871	0	0	0	0	0	0	0	0	0	0	0	0	0	3	0
55b1dcef63a1eb92ad61d5e5597db1bb	9	0	0	0	0	0	0	0	0	0	0	0	0	0	0
a4725568f1ba0ea8aa86f22742ce2f64	0	0	0	0	0	0	55	0	0	0	0	0	0	0	0
4d9117463083d6315e9831544195fd6d	31	0	0	0	0	0	0	0	0	0	0	0	0	0	0
b159debb09ddc9caf0eadaa4b9a97c7b	0	0	0	0	0	0	0	0	0	0	0	0	0	68	0
34deb3b6b72abdcfac862379eb1aadb2	0	0	0	0	0	132	0	0	0	0	0	0	0	68	0
f304e34687d4197bb2c9315656ee2277	0	0	0	0	0	0	0	0	0	0	0	0	56	0	0
8354be71534111dcf535aab1271ada1e	0	0	0	0	0	0	58	0	0	0	0	0	0	0	0
4d882dba06a623031dc0a6074653a6f2	0	0	0	0	0	0	0	0	0	0	0	0	0	0	24
ed5424d1eaae649ff5f92ab245ff48e3	0	0	0	0	0	0	0	0	0	0	0	0	0	0	18
97af409101df3bd27f4b1f683f3c5f11	0	0	11	0	0	0	0	0	0	0	0	0	0	0	0
c58b128ed6296c40be6a6aa95063dee5	25	0	0	0	0	0	0	0	0	0	0	0	0	0	0
3c41b840e37f9612f0ff031934690ac3	0	0	0	0	0	0	54	0	0	0	0	0	0	0	0
0ef6021dbdbeae23e349b20a59fa2c84	0	0	0	0	0	0	0	52	0	0	0	0	0	0	0
6811ae3b88df521505bebd98cced981d	0	0	0	0	60	0	0	0	0	0	0	0	0	0	0
b5b1b4a54cfa45e68dab6690358bedeb	0	0	0	0	0	0	0	0	0	0	0	79	0	0	0
e04c0ad6e8fda89049a9344f9b25c5a2	0	0	0	0	0	0	0	0	8	0	0	0	0	0	0
aa36e2de8e88da7d1a3446fe124edda5	0	0	0	0	0	0	0	0	0	0	0	26	0	0	0
79ca0215ff3774b86bb1e66d1267179d	0	0	0	0	0	0	0	0	0	0	0	0	0	0	17
8cba5f4ad4471575ef1281f1efde22bf	0	0	0	0	0	0	0	0	0	0	0	0	5	0	0
96b26d78878725a0f1d84aef7fada46d	0	0	0	0	0	0	0	0	0	0	0	0	19	0	0
19025985c4831a1104572aaeb62e2be7	0	4	0	0	0	0	0	0	0	0	0	0	0	0	0
29ca0bd11920aa3841fc5637dbeb74d9	0	0	0	5	0	0	0	0	0	0	0	0	0	0	0
11439cadc3016414a6dc38e960de8108	0	0	0	0	0	0	0	0	0	0	0	0	41	0	0
1047318d0106cd05ccadf6e6a9a0cdf6	0	0	0	0	0	0	0	0	0	0	0	0	0	35	0
f0ba90b7d5a18437d9adcc5db70b7925	0	0	0	0	54	0	0	0	0	0	0	0	0	0	0
b22053c55877f532de8b30d709c88d80	0	33	0	0	0	0	0	0	0	0	0	0	0	0	0
c835cfa5d4deb073625a21041f44cf6e	0	0	0	0	0	0	0	0	0	0	0	0	0	0	50
76bde9a233cada42c0aa84689c407844	0	0	0	0	0	0	0	0	0	0	0	7	0	0	0
67a7731022d1213761bf87882ed72944	0	0	0	0	0	0	0	0	0	0	0	0	0	0	31
081b9e74f5ff71cb690ef196b268c8d1	0	0	0	0	0	0	27	0	0	0	0	0	0	0	0
7932a13054039b8a16fbad580469598d	10	0	0	0	0	0	0	0	0	0	0	0	0	0	0
5aa6b9ccb851aae12854a0ec4eebb7c3	0	0	0	0	0	5	0	0	0	0	0	0	0	0	0
f66319b4e1cd391092dc350e8ca6f525	0	0	0	0	0	0	0	0	21	0	0	0	0	0	0
4333c264ec45ea3aaaf933c31bf77afe	0	0	0	8	0	0	0	0	0	0	0	0	0	0	0
b01eb258184a12cc1cfa66a515789cc8	0	0	0	0	13	0	0	0	0	0	0	0	0	0	0
db46592b2a5afc7b244edacd49a2b5e3	0	15	0	0	0	0	0	0	0	0	0	0	0	0	0
55edefa17af9b7fedc3d847c8ad7aad4	0	0	0	0	0	27	0	0	0	0	0	0	0	0	0
f8652d7cf5b90f69a4a7b11a509d53bc	0	0	0	0	0	0	0	0	0	0	0	14	0	0	0
f6140b6d32cd5c936d2552821870326d	0	0	0	9	0	0	0	0	0	0	0	0	0	0	0
0245ce6eac380378534dd2daabd7bbbb	9	0	0	0	0	0	0	0	0	0	0	0	0	0	0
78391c5ad3f646e24d6e956bad9f50e9	0	0	0	0	0	0	0	0	0	0	0	0	0	0	11
1c0e10935ae83f125b0d3bc3ec693d00	0	0	0	0	0	0	0	0	0	0	0	18	0	0	0
9d5b87d43a507a9b5559f9bf894ce0cd	0	0	0	0	0	0	0	0	0	0	0	0	20	0	0
01fe79db5a0db8b41046ef876f6cb4a4	0	0	0	0	0	0	0	0	0	0	0	0	0	0	11
ed999622fe4983c9703d5994f6868b5f	0	0	0	0	15	0	0	0	0	0	0	0	0	0	0
eeead656149e55f35e7e43981d908638	0	0	0	0	0	0	0	0	0	0	0	0	17	0	0
77f46029361ad5e6e365b1c25fc20205	4	0	0	0	0	0	0	0	0	0	0	0	0	0	0
222b795323706e6e391194d1dcd02e49	0	0	0	0	0	0	0	0	2	0	0	0	0	0	0
cfbc45c4896b8d818fcab55061d641ba	0	0	0	0	0	12	0	0	0	0	0	0	0	0	0
21babe918ecb28c51dca03e6c32d4d47	0	0	0	0	0	0	0	0	0	0	0	0	0	0	18
76ca3f0615aa59e36c52cfef5a9ed17e	0	0	0	0	0	0	0	0	0	0	0	0	0	10	0
ac4f1773ad899c70c3f8940a2234c3e6	0	0	0	0	19	0	0	0	0	0	0	0	0	0	0
3a04e6a4abbaa5ad0b46cc7045e1fef2	0	0	17	0	0	0	0	0	0	0	0	0	0	0	0
2b324d2e5060777de505329eaf508a66	0	0	0	0	0	0	0	0	0	158	0	0	0	0	0
9addb2a8acea0fb8ff2cfe93434dadfd	0	11	0	0	0	0	0	0	0	0	0	0	0	0	0
668cc7edf36a159416b2ecd6c2a46596	0	0	0	0	0	0	0	0	0	0	0	0	0	15	0
316a00621cb5a0dcdeb92311c6b05738	0	0	0	0	0	0	35	0	0	0	0	0	0	0	0
f41e31b84b8f0023d95cac6fddba7fed	0	0	0	0	0	0	0	38	0	0	0	0	0	0	0
b87df15689121204b3c874639f1ecd1d	0	0	0	0	0	124	0	0	0	0	0	0	0	0	0
308e291512702e318534d26c4478a03d	0	0	0	0	0	0	0	0	0	0	0	76	80	0	0
3a0c1ca140006bd5dd3f7d3430c6ffb5	0	41	0	0	0	0	0	0	0	0	0	0	0	0	0
1f19471066f7bae40eccf954778292e7	0	0	0	0	0	0	54	0	0	0	0	0	0	0	0
b48610f0ee40a83f00b8b39c06732047	0	0	74	0	63	0	0	0	0	0	0	0	0	0	0
1d1d433f8d7d027a9afc36e90d206cd0	0	0	0	0	0	0	0	0	0	0	0	0	0	0	52
847aa8c9aea07074bf8f313fa233d02f	0	0	0	0	0	0	0	0	0	0	0	0	0	52	0
051a039f8540ebcf0e4b81c0a2d70478	0	0	0	26	0	0	0	0	0	0	0	0	0	0	0
b14fbd954771681b6f6db3287e3d2b27	0	0	0	17	0	0	0	0	0	0	0	0	0	0	0
15f598c482bf127d7d9ca7589bf2c824	0	0	0	19	0	0	0	0	0	0	0	0	0	0	0
0fdab10ed2de2bca51a0e3c8c11d729c	0	0	0	0	0	25	0	0	0	0	0	0	0	0	0
02eadaef498b3858449347265a7e3393	0	0	0	0	0	0	0	0	0	0	0	19	0	0	0
2e9d6e0493b408ff0635735346283977	0	0	0	0	0	0	0	0	0	0	0	0	0	7	0
0e916db6aab3ac41317dab4dd6d2c0a8	0	0	0	0	0	0	0	0	0	0	0	0	0	5	0
a2416e33c54d3306fa9d01cf0b51a93e	0	0	0	0	18	0	0	0	0	0	0	0	0	0	0
c7d6a68ca911b918b366a749f2dafb21	0	0	0	0	0	0	0	0	0	0	0	17	0	0	0
a40a78cad1c4359ec53eb235db20ccb4	0	0	0	0	0	0	0	0	8	0	0	0	0	0	0
4e1d0ed8dba9ea2ec96913ce97eb868a	0	0	0	0	0	0	0	7	0	0	0	0	0	0	0
f3594e412c0c41bf01c48bcf4fe13b0c	0	0	0	0	0	0	0	0	0	134	0	0	0	0	0
5a19d3638e6197b6ddd4bd9a3efedd82	0	0	0	0	0	0	0	0	0	0	0	0	0	32	0
184cb02f21e82a6c3ceb96e006247589	18	0	0	0	0	0	0	0	0	0	0	0	0	0	0
c8092b48c4ef685071a6e2106f3c4ca0	0	0	0	0	0	0	0	0	0	0	0	14	0	0	0
6d183a06a9e0dd2c58b3ffcb8092e857	0	0	0	2	0	0	0	0	0	0	0	0	0	0	0
c3e2e10de5af5418a5df9406af5a80ad	0	0	0	0	0	12	0	0	0	0	0	0	0	0	0
72700aa3fa4f74c7b024477596877b77	0	0	0	11	0	0	0	0	0	0	0	0	0	0	0
31d219afb5fa3cdcd1a686f55e323fc2	0	0	0	0	0	0	0	0	0	0	0	0	0	7	0
a5a413b9e9964e45f95a6383d64e1580	0	0	0	0	0	0	0	0	0	0	0	0	6	0	0
4ddf70dea653e402b5b533146181efcf	0	0	7	0	0	0	0	0	0	0	0	0	0	0	0
d80c5276533ea5ac4f3746f7f1354b06	0	0	0	0	0	0	0	0	0	0	0	0	18	0	0
2349e2cc87e915b36dd00aa702e3983a	0	0	0	0	0	0	0	0	0	0	0	0	0	0	14
701b4c00007055698fd4588a96fea2f2	0	0	0	0	20	0	0	0	0	0	0	0	0	0	0
203c9f1e40d47474ad1aa0498099ac3c	0	0	0	0	0	0	0	0	0	0	0	18	0	0	0
af78087e1ace34d7ee4690b127405798	0	0	0	0	0	0	0	0	0	0	0	27	0	0	0
501075fbdcefce78d2d0fcf511e43205	0	0	0	0	0	13	0	0	0	0	0	0	0	0	0
9de3c8d2e15766a97b0f1e32d2a6af37	0	0	0	0	0	0	0	7	0	0	0	0	0	0	0
181424a5c324872261751cde90467daf	0	0	0	0	0	0	0	0	0	0	0	0	0	0	13
302753b6907ca00250fec3a206751498	0	0	0	0	0	0	0	0	0	0	0	0	0	0	14
3b51483e2542d0f89b249418e0e5b044	0	0	0	0	0	18	0	0	0	0	0	0	0	0	0
6ac0813a91fb0019d69714715090ad04	0	0	0	0	0	0	0	0	0	0	0	0	0	20	0
5f072fa16eaf97afb936adc64aebf673	0	0	0	0	0	0	0	0	0	0	0	0	27	0	0
338eb78631119a084c862c2ae1c2b544	0	0	0	0	0	0	0	0	0	0	0	0	11	0	0
62b3562545cd3f13d325bef58b52205b	0	0	0	0	0	0	0	27	0	0	0	0	0	0	0
44099ebc03b320785de5c18b26b7ae84	0	0	0	66	0	0	0	0	0	0	0	0	0	0	0
8f563ade77d4e1028193baf96cff3bb5	0	0	0	0	157	0	0	0	0	0	0	0	0	0	0
60a24dcddc45858f53e2f4849fcc0140	0	0	0	0	0	59	0	0	0	0	0	178	0	0	0
4212d0bddcc343b6f5c79722a107c0e7	0	0	0	0	0	0	0	0	0	0	0	0	0	39	0
0b2f651b0fc5296802ccda2c97dded18	29	0	0	0	0	0	0	0	0	0	0	0	0	0	0
bd682c0fe1546ada083b377b811e75a0	0	0	0	0	0	0	0	39	0	0	0	0	0	0	0
7fb25607a85343beeec7b1b859ef3889	0	0	0	0	0	0	0	0	81	0	0	0	0	0	0
bac7ac29bcf2777b35104c76e6aa9bd7	0	0	0	0	0	0	56	0	0	0	0	0	0	0	0
651752418c07b375ee90876287f64a8f	0	0	80	0	0	0	0	0	0	0	0	0	0	0	0
bb01ad324b1f814acde3cfcbc2735f58	0	0	0	0	0	0	0	0	0	0	0	0	0	76	0
6b19e3a902e78fb7f49b63567806b620	0	0	0	2	0	0	0	0	0	0	0	0	0	0	0
5344e1e00e5f439e73f841e0db8eb848	0	0	0	0	0	0	0	0	0	0	0	0	3	0	0
791fc6a3995c030dc7cfeb54fe8c418c	0	0	0	0	0	0	0	0	0	9	0	0	0	0	0
5e70105428d290e71554909d76a24293	0	10	0	0	0	0	0	0	0	0	0	0	0	0	0
51b8af890e35e3e8ea04439da331de59	7	0	0	0	0	0	0	0	9	0	0	0	0	0	0
8701cb7dc46c0e2a5560d3c2df59a480	0	3	0	0	0	0	0	0	0	0	0	0	0	0	0
f1f46fd3acbf7757f60464e76f68a77b	0	0	0	0	0	0	22	0	0	0	0	0	0	0	0
4a8c468a1a21f41e070332c209ac5970	0	0	0	0	0	0	0	0	0	0	0	32	0	0	0
b7527b679c8ca01d563abfedb4c3f198	0	0	0	0	32	0	0	0	0	0	0	0	0	0	0
61078000eb329d2af22ee08ff58cecfa	0	0	0	0	0	19	0	0	0	0	0	0	0	0	0
8e42340870c2eba1c900f40eb20db60d	18	0	0	0	0	0	0	0	0	0	0	0	0	0	0
200840d4438d468d6ff181677a7f9144	0	0	0	0	0	0	0	0	0	0	0	0	0	3	0
23b44384627a77048828e7afc0a64dd7	0	0	0	0	0	0	2	0	0	0	0	0	0	0	0
92e15eb51e54226834fe70fcd0f6d795	4	0	0	0	0	0	0	0	0	0	0	0	0	0	0
0cc0b5d8e21dc1d37fa33d591431b3a5	0	0	0	0	0	0	0	0	0	0	0	0	12	0	0
369e10364bb40e53853e17b3321ce1ce	0	0	0	0	0	0	0	0	0	0	0	0	16	0	0
0c31af1f2edeaa9af56a8c126f0c9af4	0	0	0	0	0	0	0	0	0	0	0	0	9	0	0
9ab9974e70aaa82fae8d38974a0af5a7	0	0	0	0	4	0	0	0	0	0	0	0	0	0	0
b84f2bb058a060c406d0517163561f4d	0	0	0	0	0	9	0	0	0	0	0	0	0	0	0
3ada5067b4781baf74cfe3f21b9d48cd	0	0	0	0	0	8	0	0	0	0	0	0	0	0	0
13e1cf1068637732aed88322ec9c466a	0	0	0	5	0	0	0	0	0	0	0	0	0	0	0
54cc84bb969ce83f4bfb224bd1284546	0	0	0	0	0	0	0	0	0	0	16	0	0	0	0
ccd2936c85c2302f4876bee7754946a0	0	0	0	0	0	0	0	0	0	0	0	0	3	0	0
b507987c3bc6f85153a199bcff40f896	0	0	0	0	0	5	0	0	0	0	0	0	0	0	0
9538989292bd2b20d8aac30b134f0f5c	0	0	0	0	0	0	0	0	0	0	0	0	0	0	15
b9e6ed0245ab7a33c304f30bdb572a32	0	0	0	0	13	0	0	0	0	0	0	0	0	0	0
f21528278810a3c5696ea3d425f3957d	0	0	0	0	0	15	0	0	0	0	0	0	0	0	0
cd4bd4842f08180971e4024191b0eddc	0	0	6	0	0	0	0	0	0	0	0	0	0	0	0
bb7127f13ae4ab98d98d48b7ba9f79f7	0	0	0	0	0	0	0	0	0	0	0	0	11	0	0
4acb3004e986dbfa28320d61e667ec1b	0	32	0	0	0	0	0	0	0	0	0	0	0	0	0
163d153e9a0418b4bfa71ea0b2cab07c	0	0	0	0	0	0	0	0	0	0	0	0	13	0	0
2f166daf83c79cde1bce2e918a413d48	0	0	0	0	0	0	0	0	0	0	0	0	0	17	0
af1b151a28c87126d90b1620ca8c3518	0	0	0	0	0	0	0	0	0	0	0	0	0	0	10
cdfcfca948b43eb46bdb1e3b93d54141	22	0	0	0	0	0	0	0	0	0	0	0	0	0	0
22912ce8bb0ed3f2a9cbdb6caadd6310	0	0	0	0	0	0	0	0	0	0	0	28	0	0	0
e76c931cc221196c7848e6a3522a804e	0	0	0	0	0	0	0	0	19	0	0	0	0	0	0
de97a5baa29bd844f7a833e2c29950ec	0	0	0	0	0	0	0	4	0	0	0	0	0	0	0
6dd609a41ae1d3f6db5fd17211a352cd	0	0	0	0	3	0	0	0	0	0	0	0	0	0	0
12040bb921d2545191622d4d6fd92d31	0	14	0	0	0	0	0	0	0	0	0	0	0	0	0
6f53d7125e239b38d8db36c907e183a1	0	5	0	0	0	0	0	0	0	0	0	0	0	0	0
817c6f439118befb6f720748a0da237d	0	0	0	0	0	0	0	4	0	0	0	0	0	0	0
f53d76e3bbfe12ccaaa03716c277da39	0	0	0	0	0	21	0	0	0	0	0	0	0	0	0
71b7619ebb1134f59036836be3a3b0b3	0	0	0	5	0	0	0	0	0	0	0	0	0	0	0
d535745fd63a152585bf97068ac6a0bf	0	0	0	0	0	5	0	0	0	0	0	0	0	0	0
b7098d743a67b7e1fa9c3c86211d4a5d	0	0	0	0	0	0	0	0	0	0	0	0	12	0	0
b464c7b703847150e2ff75ecb28fb559	0	15	0	0	0	0	0	0	0	0	0	0	0	0	0
d2eae05e77ca3b299389a894fddb15a9	0	5	0	0	0	0	0	0	0	0	0	0	0	0	0
b3b31f1f140eb11f055f6eac48d0cb03	0	0	0	0	0	0	0	9	0	0	0	0	0	0	0
301b85e3f3f36a413a4b5e984f04308c	0	0	39	0	0	0	0	0	0	0	0	0	0	0	0
04c675dd7020282114b03b8e17c6bf2c	0	0	0	0	0	0	0	0	0	0	0	0	0	12	0
abb7f31f36acff1218b024b48bf9a402	0	0	0	0	0	0	0	0	0	0	0	25	0	0	0
08637029efbf3613b4975a428e93ca0b	0	0	0	0	0	18	0	0	0	0	0	0	0	0	0
ea7f008ef28df416580aa292aaf03654	0	0	0	0	25	0	0	0	0	0	0	0	0	0	0
b2003dbdca3c24e41b51a5822d149cb3	0	0	0	0	0	0	0	0	0	0	0	3	0	0	0
9bffc12d8baf98172b993c88ffb0c5d3	0	0	13	0	0	0	0	0	0	0	0	0	0	0	0
fd086d74382e38750d7e7a5fddc27700	0	0	0	0	0	0	9	0	0	0	0	0	0	0	0
d783ac1e3f063c5aa412c36075844560	0	0	0	0	0	17	0	0	0	0	0	0	0	0	0
2c17c41517e7d08c97c6b4647889803b	0	0	0	0	7	0	0	0	0	0	0	0	0	0	0
904511a8bf80753aea6d43cb25a70b4e	0	0	0	0	5	0	0	0	0	0	0	0	0	0	0
88e09979ca96c7e699a46ad594a3d935	0	0	0	0	0	0	0	0	0	0	0	0	16	0	0
98d98397587dfdb23c39b7f07b5796b0	0	0	47	0	0	0	0	0	0	0	0	0	0	0	0
61cab6e32a010e2aeecd2a9feba3b100	0	0	0	0	0	0	0	0	56	0	0	0	0	0	48
2c64e3c350a235674165355f3d40f25d	0	0	0	0	0	54	0	0	0	0	0	0	0	0	0
4f02bd7180e0f6f5449bde3e1da2215c	0	0	0	0	0	0	0	61	0	0	0	0	0	0	0
ae3c5ce52becc5e2da4c654bcb650dfa	24	0	0	0	0	0	0	0	0	0	0	0	0	0	0
b5b7796da7b2e65522f6ac41a4d086b2	0	90	0	0	0	0	0	0	0	0	0	0	0	0	0
a06c92c08e99454908cbbb28ecb33581	0	0	0	0	47	0	0	0	0	0	0	0	0	0	0
c321908a7773eb18ffc5273168682875	0	0	0	3	0	0	0	0	0	0	0	0	0	0	0
d528f6255613fd57e77dfaabed82c566	0	4	0	0	0	0	0	0	0	0	0	0	0	0	0
6bbba88698fb63e69a4ebd1c826e71b0	0	0	0	0	16	0	0	0	0	0	0	0	0	0	0
f635a43b0c0e1d0c7b4cc2a4bb06fde3	0	0	0	0	0	0	29	0	0	0	0	0	31	0	0
0e371cb203a4529f8a0e80ce7cabd23d	0	0	0	14	0	0	0	0	0	0	0	0	0	0	0
334910899a1865a28230484e89ed442b	0	0	0	0	0	0	0	0	19	0	0	0	0	0	0
2d607c0dfccf9c2d57b8f246ced6f0b6	0	0	0	0	0	0	0	0	0	0	0	0	0	0	11
3b517f89fb8535f740e5df2d9f57da8e	0	0	0	0	0	0	0	0	0	0	0	8	0	0	0
a90c9d601c9b1fea153f448a8db58271	0	0	0	0	0	0	0	0	0	0	0	11	0	0	0
b5c12092b7b3830f8819eadb3e8eca02	0	0	0	4	0	0	0	0	0	0	0	0	0	0	0
713cfb80aae59602e3a1b573f4354de7	0	0	0	0	0	0	0	0	0	0	0	10	0	0	0
6f6fb053701256bdd85ffaac323d11c6	0	7	0	0	0	0	0	0	0	0	0	0	0	0	0
b08766f514d945a041c9b4e20c06cbe5	0	0	0	0	2	0	0	0	0	0	0	0	0	0	0
b2e094c2e7c3be44f4b189e40642dbc9	0	0	0	0	0	0	0	4	0	0	0	0	0	0	0
bf569a0fa79ffecf02c90697fc81d2b3	0	0	0	0	0	0	0	0	0	0	0	0	0	0	5
e28d43465667a277e931a601d5b92b0b	0	0	0	0	0	0	0	4	0	0	0	0	0	0	0
c754ea0e748de7657a313027e2d2fd72	0	0	0	0	0	0	5	0	0	0	0	0	0	0	0
2dbfd4662de3d5ecacbf783842d8333d	0	4	0	0	0	0	0	0	0	0	0	0	0	0	0
8ff25a0bdd68f27d6e1114668d2153e0	0	0	0	3	0	0	0	0	0	0	0	0	0	0	0
adcac1d4a3ff748c8af1d06b0f0694f4	0	9	0	0	0	0	0	0	0	0	0	0	0	0	0
51b16b28b84f70ff316030706166d8b1	0	3	0	0	0	0	0	0	0	0	0	0	0	0	0
8b7a7ddfe4400fc61e0f61e578dfb037	0	0	0	0	0	0	0	0	0	0	0	33	0	0	0
f28727daa1f647bb239c4bb06c0c4524	0	0	0	0	0	0	0	0	0	0	0	0	0	31	0
253ca7ed32777d31399739ad76b41871	0	0	0	0	0	3	0	0	0	0	0	0	0	0	0
9d5a13bf394efd0aed46d7de10eed3a7	0	0	0	0	0	0	0	5	0	0	0	0	0	0	0
0d53f5481883497c8ca2a156a867f761	0	0	3	0	0	0	0	0	0	0	0	0	0	0	0
b4917835f70359803d7f129e6660ef05	0	0	0	0	0	0	0	0	0	0	0	0	0	0	26
f3a8ed670f393ac14d30c18ae991707a	0	0	8	0	0	0	0	0	0	0	0	0	0	0	0
63b14b2fb8c43ce9b47962910836e619	0	0	0	0	0	0	0	0	0	0	0	0	0	5	0
475eeb2197f385c100082487a12eb9f8	20	0	0	22	0	0	0	0	0	0	0	0	0	0	0
40a93a3b26188f6e7d1b477ce6fba0e6	0	43	0	0	0	0	0	0	0	0	0	0	0	0	0
4d3f02f8d541696a1a361af520acbb5d	0	0	0	0	0	4	0	0	0	0	0	0	0	0	0
45dcd320b5a283f87f985ade0aa3e69f	0	0	0	0	0	0	0	0	0	0	0	0	0	7	0
d6cb87e3857963c748d3e11fe4b428cf	0	0	0	0	0	0	0	0	5	0	0	0	0	0	0
7adc1b179e9516de11a52b9318b553b2	0	5	0	0	0	0	0	0	0	0	0	0	0	0	0
4da0d7fb32debca55fa98a07a1191f03	0	0	0	0	0	0	11	0	0	0	0	0	0	0	0
b8d81b77a352cfadd355028178e76edb	0	0	0	0	0	0	0	0	0	0	0	0	0	2	0
16c5817df3a7319dbff478123cadea78	0	0	0	0	0	0	0	0	0	0	0	0	0	0	5
9d478e26e8768b4f85e9c450a788ab86	0	0	0	0	0	0	0	0	0	0	0	8	0	0	0
e27267dc483b02690cbc1cf59ec85fef	0	0	0	0	0	0	0	0	0	17	0	0	0	0	0
369d354a502d1c68ab4cce95b2356b7e	0	0	0	0	0	0	0	0	0	0	0	6	0	0	0
50e8de06ea978dfe13b2f06fa4cd81de	0	0	0	0	0	0	0	0	0	0	0	0	0	63	0
f91e19aa5692f9d38eba25019b431ea4	0	0	0	0	0	0	0	0	0	31	0	0	0	0	0
1e3ea6c88614ce259af5745ac82ac320	0	0	0	0	0	0	0	0	0	0	0	16	0	0	0
8ece007d26ace4b282a9473248e7a5a0	0	0	0	0	0	0	0	9	0	0	0	0	0	0	0
202376b81cad63f3229be8c37df3be36	0	39	0	0	0	0	0	0	0	0	0	0	0	0	0
77f06813ef0585167848c4c44b4ff5c6	0	0	0	0	0	3	0	0	0	0	0	0	0	0	0
479e43d758cf4eba6a86187e80321879	0	19	0	0	0	0	0	0	8	0	0	0	0	0	0
58e3c31fc78bf43d6477ad01a6aadf48	0	0	0	0	0	0	0	9	0	0	0	0	0	0	0
8a8f199142cf49f4d03d6e0f209f0710	0	0	0	0	0	0	0	0	0	0	0	10	0	0	0
20890d8dd45bdbff39c4ef10db76946a	7	0	0	0	0	0	0	0	0	0	0	0	0	0	0
b911ff026c6bd9d2677acb4f427ce912	0	0	0	0	0	0	0	0	0	0	0	0	0	3	0
6980fc82fe8cf28532e91bf48a3af86c	0	0	0	0	0	0	19	0	0	0	0	0	0	0	0
db77915fdb2139abaa48c7c066f9b982	0	0	0	0	0	0	0	0	0	0	0	0	12	0	0
49862075a4edf25088f8a5d3b708b95a	0	37	0	0	0	0	0	0	0	0	0	0	0	0	0
62901e66439644c609515fa748187ba6	0	0	0	0	0	3	0	0	0	0	0	0	0	0	0
696d022607793648014fd176ea17284f	0	0	0	0	0	0	0	12	0	0	0	0	0	0	0
f236d947e6cbb1c2e643da7593896bf4	0	0	0	0	0	0	0	0	0	22	0	0	0	0	0
7653f1d7a02cb162f6cf53e2610311ef	0	0	0	0	0	0	49	0	0	0	0	0	0	0	0
4b7c249c3d4cf1747d840d6579d3d2cb	0	99	0	0	0	0	0	0	0	0	0	0	0	0	0
e1663ebf6b613e6f7dfabfad85ce66ce	0	0	0	0	4	0	0	0	0	0	0	0	0	0	0
2da1e4bd27b3aafe8aabba54b266e442	0	0	0	0	0	0	19	0	0	0	0	0	0	0	0
110fe07d47a02ee99c96fa64fa69a1e4	0	43	0	0	0	0	0	0	0	0	0	0	0	0	0
41f0d78f559b7456075ab2f6cd227b4d	0	0	0	0	0	0	0	0	0	0	0	0	0	2	7
cc7d4e31219b25603146334e6f539148	22	0	0	0	0	0	0	0	0	0	0	0	0	0	0
ca8428860783437c7e2cd02e80f83908	0	0	0	0	0	0	0	0	23	0	0	0	0	0	0
7f85c163b99c40be49520f037dfe2a01	0	0	0	0	0	0	0	13	0	0	0	0	0	0	0
7abec2f796580e7be218932718194f31	0	0	7	0	0	0	0	0	0	0	0	0	0	0	0
631f1f951895319c5d1090e7a87745b4	0	0	0	0	0	0	0	0	0	0	0	0	0	5	0
588829b532bdea155fd8e74851efd8bd	0	0	0	0	0	0	0	10	0	0	0	0	0	0	0
dea94a17762c39bef80cefa94c8eb818	0	30	0	0	0	0	0	0	13	0	0	0	0	0	0
278ed3e884d9921b74c8d99a26d0290f	0	0	0	0	0	0	0	0	0	5	0	0	0	0	0
8f6a46bd9e97536724b3181b21a2e4d5	8	0	0	0	0	0	0	0	0	0	0	0	0	0	0
880eb5afd8831fdf4f12b23d693d343f	0	0	0	0	0	0	0	0	7	0	0	0	0	0	0
179d08c8d3dd80d4dd8cf6b0e8589291	0	0	0	0	0	0	0	0	0	9	0	0	0	0	0
5fa22e0a7cd6d16c5fdc2b4e27039b50	0	0	0	0	0	0	0	0	0	0	0	0	0	0	7
0e5968452c0b42a393a34be77403642e	0	9	0	0	0	0	0	0	0	0	0	0	0	0	0
9d12635d5d6b16326b60d2f94f9c3829	0	0	0	0	0	0	0	0	0	0	0	0	0	21	0
877a51447f79805ccf216a9551bb03fc	0	0	0	0	0	0	0	0	0	9	0	0	0	0	0
64bcdd47b22471f3b0e0d218d46bcf3c	0	0	0	0	0	0	0	0	0	0	0	0	0	0	9
33cfc77a03d170606852df42f4a9d87a	0	0	0	20	0	0	0	0	0	0	0	0	0	0	0
f6aa5addde41b1249bf4452d3ef87e95	0	0	26	0	0	0	0	0	0	0	0	0	0	0	0
9f81f82431f698ea1ea441d32a7e8c9d	18	0	0	0	0	0	0	0	21	0	0	0	0	0	0
7cfb191c91cbb57e9137ecd5a4e27783	0	0	0	0	0	0	0	39	0	0	0	0	0	0	0
4394dc0e2be80dbc7077f995582f8163	0	0	0	0	0	0	0	0	0	0	0	5	0	0	0
ba20af475f855cdcc766fc0981fd6ea0	0	0	0	0	0	0	0	0	0	0	0	0	0	12	16
9c74ebd6a787411e9678a18984e14929	0	0	0	0	0	0	0	6	0	0	0	0	0	0	0
dbcb75368af15911e58e52b740eef17d	0	0	0	0	0	0	0	0	0	0	0	0	29	0	0
8ea8ac1a5b5761cadedaac1cf7af93ac	0	0	0	0	0	18	0	0	0	0	0	0	0	0	0
2ad40f59244e153395de8779464e7201	33	0	0	0	0	0	0	0	0	0	0	0	0	0	0
32b92a580a56692d9dacbcc4c887b518	0	0	0	0	0	0	0	47	0	0	0	0	0	0	0
4c2011daf958369fd91a8284648568ec	26	0	0	0	0	0	0	0	0	0	0	0	0	0	0
c2c0985291f2c864b97a25142be02d6c	0	0	0	0	0	0	0	0	40	0	0	0	0	0	0
bf2295240f89a8e27e8f6c0e6fdf4e11	0	0	42	0	0	0	0	0	0	0	0	0	0	0	0
6d1e7fe5080a65b0a26c614a7e7daa78	0	0	0	0	0	0	0	0	0	0	0	0	5	0	0
938a99debb7ef89d9b2a560b38396b1f	5	0	0	0	0	0	0	0	0	0	0	0	0	0	0
9adb9353f58b6d8fe7f3455e74d25859	0	0	0	5	0	0	0	0	0	0	0	0	0	0	0
7fe2292559c29f52d370d6818d9a58ef	0	16	0	0	0	0	0	0	0	0	0	0	0	0	0
e1b24bb76d99d99d30188d2245be07d1	0	0	0	0	0	0	0	12	0	0	0	0	0	0	0
20dbcccf5739da6538f07900217a7d38	0	0	0	3	0	0	0	0	0	0	0	0	0	0	0
65945b5a16e3b056c3064f662c321413	0	0	0	0	0	0	0	0	0	10	0	0	0	0	0
9d5e6287156b27595819ade7a6f8b2a9	0	0	0	0	0	4	0	0	0	0	0	0	0	0	0
101830da7767f741136889ae1e4c88f5	0	0	4	0	0	0	0	0	0	0	0	0	0	0	0
ccc95181e399cda8e2ecb2ed50430493	0	0	0	13	0	0	0	0	0	0	0	0	0	0	0
96790cedde822d2ade5ab7531512e75a	0	0	0	0	0	0	0	0	0	0	0	0	0	0	20
3ed781b1e4fd1f6866e103aa27e39e15	0	49	0	0	0	0	0	0	0	0	0	0	0	0	0
326e57b26c30de4ca63c92bb31498cfa	0	0	0	0	0	0	0	37	0	0	0	0	0	0	0
1fce09a9a2ccf71595e4ae65bb24b359	0	0	0	0	33	0	0	0	0	0	0	0	0	0	0
ced6d7817bd9d9b48d0e46c5760569e1	0	0	0	0	12	0	0	0	0	0	0	0	0	0	0
f03721e3cc55bc7ee1a8a942e6e816e7	0	0	148	0	0	0	0	0	0	0	0	0	0	0	0
d431b305b333d490a5a80a97ffd772d9	0	0	0	8	0	0	0	0	0	0	0	0	0	0	0
28db34c5b9247256b346104d4df99ead	0	0	0	2	0	0	0	0	0	0	0	0	0	0	0
0d85712856e483deffe4268471a157ba	0	0	17	0	0	0	0	0	0	0	0	0	0	0	0
695f73fc4f55933cec97309ec82b8ea4	0	0	0	0	0	0	0	14	0	0	0	0	0	0	0
87d020bbc4ee4dcdd27c129b35d166f4	0	19	0	0	0	0	0	0	0	0	0	0	0	0	0
cc9e58676658e02f10a1b225bf8d13fe	0	0	0	0	0	0	0	0	7	0	0	0	0	0	0
3eacdeafceaf8d25bb8168a972e4644b	0	0	0	0	0	6	0	0	0	0	0	0	0	0	0
1b8167949d15ff8302baa6459167b188	0	0	0	0	0	0	0	0	0	0	0	6	0	0	0
aa33f7358dd58c9ff1310f2b7547e385	0	0	0	0	5	0	0	0	0	0	0	0	0	0	0
d066755e8168ca617413c077f6f1a899	0	0	0	0	0	11	0	0	0	0	0	0	0	0	0
632dbf4c738d18820386f6457bb90a0e	0	46	0	0	0	0	0	0	0	0	0	0	0	0	0
eea46891e814513d4247a1e4bea8453d	3	0	0	0	0	0	0	0	0	0	0	0	0	0	0
50682f7cde4d5a4080e15a9ec1f7b5b6	0	24	0	0	0	0	0	0	0	0	0	0	0	0	0
79441f4e423b0362f39c4e1a87df8d07	0	21	0	0	0	0	0	0	0	0	0	0	0	0	0
4bed72048384bacb44c664f1f0a25115	0	0	0	0	0	0	24	0	0	0	0	0	0	0	0
bb6d7d345121cb928b4f415043938cd3	15	0	0	0	0	0	0	0	0	0	0	0	0	0	0
1688273ed3f4d910b0af324a139dc20b	0	0	0	3	0	0	0	0	0	0	0	0	0	0	0
f9c68cfb8cfcb3908288db6472ee6a0c	0	0	0	0	0	0	0	0	0	9	0	0	0	0	0
95d13869e7575693c5ef4bb30553f346	0	0	0	0	0	0	0	0	0	0	0	0	0	0	7
936effd3d5ce6b40840eee18dc8b27bc	10	0	0	0	0	0	0	0	0	0	0	0	0	0	0
fc8752f524c2ba35ae6eea946c822545	0	0	0	0	0	0	0	0	0	0	0	0	0	0	7
87bb2c67ca6614c68fa6be421900886d	0	0	0	0	0	0	0	0	10	0	0	0	0	0	0
ecf2f1b367c636f7b3f8194e8c71949b	0	0	0	0	0	0	0	0	0	0	0	9	0	0	0
7a61c10aae03d2a9151dda59eae56a50	0	62	0	0	0	0	0	0	0	0	0	0	0	36	51
6b3f078ed0f2d2932f775d4b1ce6dc87	0	0	0	0	0	0	0	0	0	0	0	0	3	0	0
0f0461b3bb10d7cb67c4220b6a3b104b	0	0	0	0	0	0	0	0	0	3	0	0	0	0	0
063a548418e4f161cf3ba10767f6eb59	0	60	0	0	0	0	0	0	0	0	0	0	0	0	0
64e45b2d6cf4f26451311e79401d6434	0	0	0	0	0	0	0	26	0	0	0	0	0	0	0
e50fcf78cfa65cc5bd2591bec7210d10	0	35	0	0	0	0	0	0	0	0	0	0	0	0	0
49ce225a053f4bfe320775741755f223	0	0	0	0	0	0	13	0	0	0	0	11	0	0	0
1813c582accf5e7bffa49ce68853cc8d	0	0	0	0	0	0	0	0	0	0	0	0	6	0	0
dd7554c4be8239d329f622bea57ff458	0	22	0	6	0	0	0	0	0	0	0	0	0	0	0
6afd6bc68247ab15419e0243f66fe206	16	0	0	0	0	0	0	0	0	0	0	0	0	0	0
5dc557c766e1b8b083e99534494d6745	0	9	0	0	0	0	0	0	0	0	0	0	0	0	0
1a462ba4e8b1deffc7c86b84379e93a9	0	0	0	0	0	0	0	0	6	0	0	0	0	0	0
9136b165ff8666cb7f6ecf159fe5e1e6	0	0	0	0	0	0	0	0	0	0	0	0	0	0	6
9572218c4219abe4d696b62d970031a6	0	0	0	0	0	0	13	0	0	0	0	0	0	0	0
b1085926109f8f9c6a31c83cdd9dd0dd	0	4	0	0	0	0	0	0	0	0	0	0	0	0	0
90f054df4ce460feef4d834940cbdfba	0	0	0	0	0	6	0	0	0	0	0	0	0	0	0
688c5bbe650d2711efccf23eb5c1b214	0	0	0	6	0	0	0	0	0	0	0	0	0	0	0
9e2b0c96be024397c8c1eb363685bff1	0	0	6	0	0	0	0	0	0	0	0	0	0	0	0
39293feb728de4b72ff46b253d96d658	0	0	0	0	11	0	0	0	0	0	0	0	0	0	0
e53091e0649c4cc674f34f335ba09754	0	0	0	0	0	11	0	0	0	0	0	0	0	0	0
c7c44f8330f20d8577402558fb211e2b	0	0	0	0	0	0	7	0	0	0	0	0	0	0	0
4a8aab05dcf6ab8fd0f01e6672b4c70a	0	0	0	0	0	5	0	0	0	0	0	0	0	0	0
d33b5e0d0979ad4f5d62ace0467793cc	0	8	0	0	0	0	0	0	0	0	0	0	0	0	0
167144eb2e71d1c18d3216105eff9c8f	0	0	0	0	0	0	0	0	0	2	0	0	0	0	0
1d81cea728572146f4e1b299b18cb20d	0	0	0	0	0	0	0	0	0	8	0	0	0	0	0
c34827acc3a74e9a3272f6465f1dc6f2	0	39	0	0	0	0	0	0	0	0	0	0	0	0	0
358d56c951834982725a4bc1914688d3	0	0	0	0	0	5	0	0	0	0	0	0	0	0	0
0c0e7ce796c655fd616ee31b355ee45c	0	0	0	0	0	0	22	0	0	0	0	0	0	0	0
6a9af483bb8a539a171cede7f550947b	0	0	0	0	0	0	0	0	14	0	0	0	0	15	0
8dafd2ee202c99423054adf511cb5449	0	0	0	0	0	0	0	0	0	11	0	0	0	0	0
4ab88597ae200b4551fa4f95e46f9145	0	56	0	37	0	0	0	0	32	0	0	0	0	0	0
b5eaa4da284b1cb6a5124b4efbe2dcb0	0	0	0	0	0	0	7	0	0	0	0	0	0	0	0
359a1dc5bbbf1b5ca459e53768eac649	0	0	0	0	0	0	0	0	0	0	0	12	0	0	0
d3a5376991ae009b649dd2ef6de69fd3	0	0	0	0	0	7	0	0	0	0	0	0	0	0	0
539c2f9823efe24ebb0d47dac98bcff0	0	0	0	0	17	0	0	0	0	0	0	0	0	0	0
0c9c86f120355158775f6d3f2a2d4d46	0	0	0	0	0	4	0	0	0	0	0	0	0	0	0
0abb07c8ab8854d40909825ced45a886	0	0	0	0	0	0	0	15	0	0	0	0	0	0	0
4a34a738e0bf4ef30953aae3ed604b47	0	0	0	0	0	0	0	0	11	0	0	0	0	0	0
7535ff4dc6c937a8cd15bc25be0986b2	0	0	0	0	17	0	0	0	0	0	0	0	0	0	0
a1b4b42e2c50f516d43e6a0f74ec87c0	0	0	0	0	0	0	0	0	0	0	0	0	14	0	0
33b89d800cad9dd13972898e83d0653f	0	0	8	0	0	0	0	0	0	0	0	0	0	0	0
07daa79b3622e5acd6040504db630ecb	0	0	0	0	0	0	0	0	0	4	0	0	0	0	0
5e67e0fdfc4fc55b84fb0bc5233f62a5	0	0	0	0	22	0	0	8	0	0	0	0	0	0	0
02e97d996599c562a09059b4113827b4	5	0	0	0	0	0	0	0	0	0	0	0	0	0	0
3c92adb89da7df57fe698f00fc301aad	0	0	0	0	0	0	0	0	15	0	0	0	0	0	0
56700cad1d70ca96773481cdf6a900a5	0	0	0	0	0	0	0	0	0	0	0	22	0	0	0
836cc575de5f4f2eccef793969706d35	0	0	0	0	0	0	0	0	0	0	0	0	20	0	0
c4414d714554747ff46cec7c812d463b	0	0	0	0	0	0	0	0	19	0	0	0	0	0	0
93dfa009779b23aa52b32699d1baa970	0	0	0	15	0	0	0	0	0	0	0	0	0	0	0
f39f966f669ac12992bad38a33c6a7e4	0	0	0	0	0	0	0	0	0	0	0	0	0	0	35
1dac1c6e8ecf809c04ed696535614ea0	0	0	0	0	0	10	0	0	0	0	0	0	0	0	0
d4091657d63439dbc960419ff7a341de	0	0	0	0	0	0	47	0	0	0	0	0	0	0	0
def4efe415c9b2205b516863ee1fbcae	0	23	0	0	0	0	0	0	0	0	0	0	0	0	0
a4796fc908e9b5b11e7d3d10f131024e	0	0	0	0	0	0	0	0	0	0	0	0	0	0	28
4dbe6038ee87622601fc5b768a8a66ac	0	0	0	22	0	0	0	0	0	0	0	0	0	0	0
efb6db93ff42fb974ba39aad2c279558	0	0	0	0	0	0	0	0	0	0	0	0	0	7	0
2f5bd9345a291051ddbe8743919747cb	0	0	0	0	0	0	0	0	0	4	0	0	0	0	0
010d73d15980a7c59c712ae4c744d281	0	0	0	0	0	0	0	0	0	0	0	0	8	0	0
b6c2782a68bbefa2cb2b63af30c0ff0c	0	9	0	0	0	0	0	0	0	0	0	0	0	0	0
ba8a7d1b4724620b43f3d91c69d086ba	0	13	0	0	0	0	0	0	0	0	0	0	0	0	0
a54c42289aa9e3d6238fb64803223aa8	0	0	0	3	0	0	0	0	0	0	0	0	0	0	0
7de5409d18410d1c605b1ca8ab975ab2	0	0	0	0	0	0	0	0	0	0	0	0	0	0	5
fc03dbcf69f9d3fa1b5946c188f07216	0	0	0	4	0	0	0	0	0	0	0	0	0	0	0
0ee84c12242f21f544ab29ec1327a491	0	0	0	0	0	0	0	0	0	0	0	6	0	0	0
c954ab7a6c6951c3929182213aeea623	0	0	0	0	0	11	0	0	0	0	0	0	0	0	0
b4d19acf0d78190ab7ce7decd06ff998	0	11	0	0	0	0	0	0	0	0	0	0	0	0	0
05e36d4613500e063c0ece0c0a1094b2	0	0	0	0	0	0	0	0	0	0	0	0	17	0	0
3216938400994dc9e3bfa02873e76554	0	0	0	0	0	0	0	0	0	9	0	0	0	0	0
8ab2decb7c6c59b1aa0d4c0c0327e78c	8	0	0	0	0	0	0	0	0	0	0	0	0	0	0
64ace628fe07146e23dbcb5d3e0e9a00	0	0	0	3	0	0	0	0	0	0	0	0	0	0	0
d87b5ce8bc1795e395b4523f21dc77fe	0	3	0	0	0	0	0	0	0	0	0	0	0	0	8
52eb5fad1db9758b0cd758bfeb67a13e	0	0	0	0	0	0	0	0	0	4	0	0	0	0	0
dd76dee9ea6de0dcbad217efea9d1fbf	0	10	0	0	0	0	0	0	0	0	0	0	0	0	0
4aaf681481ea5d974233095bb9adeb0b	0	4	0	0	0	0	0	0	0	0	0	0	0	0	0
3c7b5f9614d6efe6a484022dafdf56d2	0	24	0	0	0	0	0	0	0	0	0	0	0	0	0
16e80e867a057bb3a133a204ab9207fa	0	7	0	0	0	0	0	0	0	0	0	0	0	0	0
9d5ee13c8a9409ee255a7ce3061d5fe5	0	0	0	0	0	4	0	5	0	0	0	0	0	0	0
77ff1517ad760050d58f56cc433a3fca	0	0	0	0	0	0	0	41	0	0	0	0	0	0	0
cf50339786dfe591a225a81fc475e727	0	0	0	3	0	0	0	0	0	0	0	0	0	0	0
5f44b6d84c0a1a616966ee82d6630fd3	0	0	0	0	0	0	0	13	0	0	0	0	0	0	0
7afcd9fe9151ec6afe5047da7af62ccf	0	20	0	0	0	0	0	0	0	0	0	0	0	0	0
02ec2f9a09afcec9156e48f1d881af19	0	3	0	0	0	0	0	0	0	0	0	0	0	0	0
60ede410257cecdb0df10c7a7691a503	0	5	0	0	0	0	0	0	0	0	0	0	0	0	0
e586de99429b991cd7df01560b95f0fa	0	0	3	0	0	0	0	0	0	0	0	0	0	0	0
ccb272b77f9eb948368821ee8b800986	0	0	0	0	0	0	0	0	0	0	0	0	3	0	0
4507fb0b224fe06a397f70b65d1cb350	0	0	0	0	7	0	0	0	0	0	0	0	0	0	0
fb934b51b9ce7c04ca06ebfa6ec0b182	0	0	0	0	0	0	0	0	0	0	0	0	0	0	36
fda7ce250ead47112f933222ff62977d	0	0	0	0	0	37	0	0	0	0	0	0	0	0	0
0618a8b188cd72c33bee4ad05fea66a3	0	0	0	0	66	0	0	0	0	0	0	0	0	0	0
d4182ea23e16986da95c4f1c8191b704	0	0	0	0	0	0	0	0	0	0	0	0	0	4	0
85f4bd6a216f9fdd97cb00d0c6f0cd02	0	0	0	0	0	0	0	0	0	0	0	0	0	5	0
d1db21a929bdca4666869d6755d886c9	0	0	0	5	0	0	0	0	0	0	0	0	0	0	0
e324834cf463c4b4388bc7eefad55544	0	5	0	0	0	0	0	0	0	0	0	0	0	0	0
06203546c12f37cce92ef414b51041e7	7	0	0	0	0	0	0	0	0	0	0	0	0	0	0
be1292e2b875ab06e47978a008858ff8	17	0	0	0	0	0	0	0	0	0	0	0	0	0	0
c2bf71eae1021a4d3869f370bd3997fb	0	0	0	4	0	0	0	0	0	0	0	0	0	0	0
0d1121619d74561169cc8be49fdee705	0	0	0	0	0	0	0	3	0	0	0	0	0	0	0
3a375106c59331e746dd41357c4cd39e	0	0	0	0	0	0	0	0	0	0	0	0	4	0	0
f4d1490ce7e8e2797fe96cf03bede555	0	2	0	0	0	0	0	0	0	0	0	0	0	0	0
4bcd159d605f607856ea225c74abed3b	0	0	0	0	0	0	0	0	0	0	0	0	0	4	0
b57adf1ea4a99890ac51da9ce506064b	0	23	0	0	0	0	0	0	0	0	0	0	0	0	0
1a40752828f0a577de39ba3fed945752	0	0	0	0	0	0	0	7	0	0	0	0	0	0	0
670ce680976997d6b83bbfefd6aeb263	0	0	0	0	0	0	0	0	0	0	0	0	0	0	11
d290a57b4b3669903c457f165baf2eb7	0	0	0	0	10	0	0	0	0	0	0	0	0	0	0
85a7577dee6eb48e1869ffa1c20378bb	0	31	0	0	0	0	0	0	0	0	0	0	0	0	0
8c23cf7cc6e72c243847f62ccc72c6a0	0	0	0	0	0	0	0	0	0	0	0	14	0	0	0
3591e5ca28455bafd0d220aa9216b3ed	0	0	15	0	0	0	0	0	0	0	0	0	0	0	0
1665f935c1abaec154b6579047169ec2	0	0	0	0	0	0	0	0	0	0	0	13	0	0	0
d5c591d54b27e140dfb5b3930c77623a	0	0	0	8	0	0	0	0	0	0	0	0	0	0	0
2ae7176b98476814f432983d66148304	0	0	0	0	0	0	0	2	0	0	0	0	0	0	0
31f0ee344af3a1ec421ae89bbf271afa	0	6	0	0	0	0	0	0	0	0	0	0	0	0	0
2f25af1f5f6e5feff9e5c6e9ac38a56b	3	0	0	0	0	0	0	0	0	0	0	0	0	0	0
f476df0345c6aaac38553a78baa51609	0	3	0	0	0	0	0	0	0	0	0	0	0	0	0
e10ff155ccd54b3b9d31b162b3b34d21	0	0	0	0	0	3	0	0	0	0	0	0	0	0	0
25faf06530886dcedbce68b0ab8d232c	0	0	12	0	0	0	0	0	0	0	0	0	0	0	0
9e656286431ecb2d7be7283b22d82459	0	0	0	0	0	0	0	0	0	10	0	0	0	0	0
c7f037a47f40d24c9f90d65d9ff46be9	0	0	0	0	0	0	0	0	11	0	0	0	0	0	0
9636649d0b489c07045e5ea3eee4e50f	0	0	0	0	0	0	0	0	0	0	0	5	0	0	0
19388b8238edc444b56d5477d45b6103	0	0	0	0	0	0	0	12	0	0	0	0	0	0	0
813d6798a9c004c0411d2136e7550245	0	21	0	0	0	0	0	0	0	0	0	0	0	0	0
d9c75ee172534835fc764298a159911e	7	0	0	0	0	0	0	0	0	0	0	0	0	0	0
7a1f3374b82675bca9633a4d760496a0	0	0	0	0	0	0	0	4	0	0	0	0	0	0	0
1689b4f0dd7846d139cc8a16eac9bd99	0	0	0	0	11	0	0	0	0	0	0	0	0	0	0
696c6fdfcbe910fde7bc35efa844aeb3	0	0	0	0	0	0	0	0	0	0	0	0	19	0	0
7cc304215a989d5b58a7de57fa8e9895	0	0	0	0	0	5	0	0	0	0	0	0	0	0	0
a776451409170e50858e0541850dfcda	0	0	0	0	0	0	16	0	0	0	0	0	0	0	0
2d67170c95f79589a7c8580c036c6e28	0	0	0	0	0	0	0	0	0	0	0	0	0	0	13
8dd6c43a60593af2b823050fd009a69a	0	85	0	0	0	0	0	0	0	0	0	0	0	0	0
18e04ffc677f5ce1c1164732191bc9b9	0	0	0	0	0	0	0	31	0	0	0	0	0	0	0
83db8732401d0f5d930a252cdad5b5cb	0	27	0	0	0	0	0	21	0	0	0	0	0	0	0
79e5e69a88b49bcf9e98aa01cf08e449	0	0	10	0	0	0	0	0	0	0	0	0	0	0	0
b9e14cf34c1108eab8d7e3d0b62d44d3	12	0	0	0	0	0	0	0	0	0	0	0	0	0	0
d7261641f07bb9d9bdd4fb4b73756898	16	0	0	0	0	0	0	0	0	0	0	0	0	0	0
ce9a2b9ca74a95a1711c95fd3d39a3e6	0	0	0	9	0	0	0	0	0	0	0	0	0	0	0
7e424af5ce9c4653cfc1d45e5d02f256	0	0	0	0	0	4	0	0	0	0	0	0	0	0	0
40f5a1cc900f203f2d8f48899339f99f	0	0	0	0	16	0	0	0	0	0	0	0	0	0	0
a57a1ffc72ff383de713ddcec68bf2f6	0	0	0	0	0	0	0	0	0	0	0	18	0	0	0
a425de817dc0bf4bd661c910598fec71	0	0	0	0	0	0	0	0	0	0	0	0	0	0	3
cdd3ac0eabf29a59750dd4a32e765aea	0	0	0	6	0	0	0	0	0	0	0	0	0	0	0
089e1d1d4d7abd91793c071edfa460ac	0	18	0	0	0	0	0	0	0	0	0	0	0	0	0
f22a29b7743f5eddb94c254a418a5e77	0	0	0	0	0	25	0	0	0	0	0	0	0	0	0
d754f26deec147bea32e810c6169636a	0	0	0	0	0	0	0	0	0	0	0	8	0	0	0
cd07ffe52aabeb92f63055141ad6f756	0	0	0	0	0	0	0	0	0	0	11	0	0	0	0
6b35968d228735670d838708dc4c560d	0	0	0	0	0	0	0	0	0	0	0	0	0	13	0
c7e471f47438ab4d2b3c122ade40aff0	0	0	0	0	0	0	0	0	0	0	0	10	0	0	0
f73ce266fb5a66de57f5cf7dc652f1ad	0	0	12	0	0	0	0	0	0	0	0	0	0	0	0
c27560e09426b7aa8fb55988186fb01a	0	2	0	0	0	0	0	0	0	0	0	0	0	0	0
0c96b6a9d0e0a2f507fb33f63144ab6b	0	2	0	0	0	0	0	0	0	0	0	0	0	0	0
62a08436eaf468271a562ffb17691846	0	5	0	0	0	0	0	0	0	0	0	0	0	0	0
b5fba59d4e44f90f799321ee23165494	0	0	0	0	0	0	0	0	0	0	0	10	0	0	0
0e6f0209f806271dd9f8d1a037412401	0	8	0	0	0	0	0	0	0	0	0	0	0	0	0
9b2148a52539ee056b7a19dddd8b7048	2	0	0	0	0	0	0	0	0	0	0	0	0	0	0
135436a69386b8a3597065e53aa19f52	0	4	0	0	0	0	0	0	0	0	0	0	0	0	0
eee8ebb2568e5f02569902c718dd02a1	0	0	0	0	0	0	0	0	0	0	0	0	0	4	0
5cb52381f75ebe93aeb66969751d8aa3	0	0	0	0	0	0	0	0	4	0	0	0	0	0	0
b443f1881eeb0f316890e9f05eccdca2	0	2	0	0	0	0	0	0	0	0	0	0	0	0	0
cc20111f52cc85962c41d28193087d08	5	0	0	0	0	0	0	0	0	0	0	0	4	0	0
9f30bf482b42ad4954581b9c79fcf18b	0	0	11	0	0	0	0	0	0	0	0	0	0	0	0
5aa727ccaf6e9b54b17aa9bc73177542	0	21	0	0	0	0	0	0	0	0	0	0	0	0	0
edd5db87d5a9541054566cd668c7aafa	0	0	0	5	0	0	0	0	0	0	0	0	0	0	0
6a74c43109afea7d8207eb2c89a8edf6	0	0	0	0	0	0	0	0	0	0	0	6	0	0	0
6065b5391d558df767c334c1d9d032a1	0	8	0	0	0	0	0	0	0	0	0	0	0	0	0
0255da3107e1666bb52dafabbf921a53	7	0	0	0	0	0	0	0	0	0	0	0	0	0	0
74b7f689d5efad6b00e638c826dd5161	0	0	0	0	0	2	0	0	0	0	0	0	0	0	0
ae3e120d946a391720366d1beba3a418	0	0	0	0	0	0	5	0	0	0	0	0	0	0	0
aa99fd5056417ab776d6cba27289375f	0	0	0	0	0	0	0	0	0	0	0	0	10	0	0
a8ce1c77a2940d46937b3ec55813c210	0	0	0	0	0	0	0	3	0	0	0	0	0	0	0
8e6463455523f4425e54eee8781d3a54	5	0	0	0	0	0	0	0	0	0	0	0	0	0	0
06b1a27dfb9e2a8bfcc94e4b15c1a300	0	5	0	0	0	0	0	0	0	0	0	0	0	0	0
db50f01ed22ccd503f95039397b279d2	0	0	0	0	0	12	0	0	0	0	0	0	0	0	0
020c3cddfe8734bf50437f4b8d28911f	0	0	0	6	0	0	0	0	0	0	0	0	0	0	0
fc93f6f25af69952f59b779e8cc97992	0	0	0	0	0	0	0	10	0	0	0	0	0	0	0
5cb4014777526125bf629b0c1ef4b77d	0	0	0	0	0	0	0	0	16	0	0	0	0	0	0
bfd4d3b4c9183cf931fac079fe0d8b7d	0	0	0	0	0	0	0	0	0	0	0	0	0	35	0
64728c9c5bbc2b9af118177914758ce2	0	0	0	0	0	13	0	0	0	0	0	0	0	0	0
8a2446b4ed6cb8fb632c3080b19eab82	0	0	0	0	0	0	2	0	0	0	0	0	0	0	0
fba30dd867651b09daab8f6202efb576	0	0	0	0	0	0	0	0	0	6	0	0	0	0	0
3ba073fcd79f5cc8098407ab25eb919c	0	0	0	0	0	0	0	0	0	0	0	0	0	7	0
5b27f6233b6b84f8e36d369f4082df34	0	0	0	0	0	0	0	0	0	0	0	0	5	0	0
58664dc00b88c3f32043b603854cbb68	0	0	0	0	0	0	0	0	0	0	0	18	0	0	0
94a2588c4bc1aa6ca169779594c52105	0	0	18	0	0	0	0	0	0	0	0	0	0	0	0
8d7bc0ab8afc88dd2ccd2fc8a45ee8b0	0	0	0	0	0	3	0	0	0	0	0	0	0	0	0
9fd37284e7b9c66d3c99eff98d2e0cd6	0	0	0	6	0	0	0	0	0	0	0	0	0	0	0
24fe3258f9dc0d2c4f83acc8ee325c76	0	0	24	0	0	0	0	0	0	0	0	0	0	0	0
103dc41e871a2b65c0a638958c81acab	0	0	0	0	12	0	0	0	0	0	0	0	0	0	0
e66ab1a445e88d1f745cfdbc1e4bf005	0	3	0	0	0	0	0	0	0	0	0	0	0	0	0
b9fec9a452849188680d2e2040659f30	30	0	0	21	0	0	0	0	0	0	0	0	0	0	0
9fe21b6fd4a311af3067f90e4c5aab0a	0	0	0	0	0	0	0	20	0	0	0	0	0	0	0
99d41fb3726ba2a9a59746eab20fecf3	0	0	0	0	0	0	0	0	40	0	0	0	0	0	0
d91fce3ac79e865c704b5cb2ea23f38c	0	89	0	0	0	0	0	0	0	0	0	0	38	0	0
6f01c93c0987a762d5456d370d2425a2	0	0	0	0	0	0	20	0	0	0	0	0	0	0	0
6e704f0e3e5fe0c656bb7dd9e66c4426	0	0	0	0	0	0	0	0	0	0	0	50	0	0	0
a94528b363a12c7ccf1e90da2ebba86e	0	0	0	0	3	0	0	0	0	0	0	0	0	0	0
9745a978432486143f8f667daa62cff8	0	6	0	0	0	0	0	0	0	0	0	0	0	0	0
b3b9b22561b3b46e0ede52f0bbfba99e	0	0	0	0	0	0	0	6	0	0	0	0	0	0	0
dbb98080655ec14dcfb5c820ea14597d	0	5	0	0	0	0	0	0	0	0	0	0	0	0	0
cb0ed675889c1e23954cf0a3ebdb1d90	0	0	0	0	0	0	0	0	0	0	0	2	0	0	0
0f4717fc8107206b444b2c2514bd4166	0	0	0	0	0	0	0	0	0	0	0	0	0	0	7
ced0cf8d359075201e0face3e4736c26	0	0	0	0	0	0	0	0	4	0	0	0	0	0	0
dbc35b7b631dff5b8cd97a54ed8e98c2	0	0	0	0	4	0	0	0	0	0	0	0	0	0	0
7b9007d2def5d2eff32d049477263305	0	3	0	0	0	0	0	0	0	0	0	0	0	0	0
05e5f1d1199ba6613e917279f811f24a	0	0	0	0	0	0	0	0	0	0	0	3	0	0	0
b1a29c14080b9b903a1d182d4a175c1c	0	0	0	0	7	0	0	0	0	0	0	0	0	0	0
5452523d63d9249b98d8cb86f40b1cc0	0	0	0	0	0	0	0	0	0	0	0	0	0	14	0
a5f75293a7e95e5343a18496eb0dace4	0	0	0	0	0	0	0	0	0	0	0	0	0	0	9
757e876facfc236654b3f3e8887c3bd7	0	0	3	0	0	0	0	0	0	0	0	0	0	0	0
48abee5d5193052a65ee6c7c23690e77	3	0	0	0	0	0	0	0	0	0	0	0	0	0	0
06657b07f52c44f1cfcfa26e834400a8	0	0	0	0	0	0	0	0	6	0	0	0	0	0	0
bb55433dde8ee2455abcd6bc0a8a50fb	0	0	0	0	0	0	0	2	0	0	0	0	0	0	0
bf8f28d5d0c5aea57d1890659bdceee8	0	0	3	0	0	0	0	0	0	0	0	0	0	0	0
698905c77f214945e11ed23acce4a2d7	0	0	0	0	0	0	0	0	0	0	0	11	0	0	0
a568ef4b3ec8f76d6e0cbb898fd42967	0	0	0	0	0	0	0	0	5	0	0	0	0	0	0
459f10bddf5b8f44ca90d0810b07a975	0	7	0	0	0	0	0	0	0	0	0	0	0	0	0
8ce6f6194077a4666c3ea142b1e690f3	0	0	0	0	6	0	0	0	0	0	0	0	0	0	0
6310d3775cc8409244e8229407545f8f	0	0	0	0	0	0	0	0	5	0	0	0	0	0	0
152185b84e90aca1e97b4f83fbcbb7d3	0	0	0	0	0	0	0	5	0	0	0	0	0	0	0
73cd29e9c2b4718ac72e266fa6c9b2f7	0	0	0	0	0	0	0	0	0	0	0	0	8	0	0
65ec28610e428a4f7e48691e434b0f1a	0	13	0	0	0	0	0	0	0	0	0	0	0	0	0
451ba98833214402ad3c254e4d8bc255	0	0	0	0	0	0	5	0	0	0	0	0	0	0	0
95010f76fc4e202314b323e2578986aa	0	0	0	0	0	0	0	0	0	4	0	0	0	0	0
9d7488dccea9372c594ad33e2bfba414	0	0	0	0	0	0	0	0	2	0	0	0	0	0	0
c2aa043a68a812ffebcde3e5f4a6c9bb	0	0	0	0	0	0	0	0	0	0	0	0	0	0	6
17d27dbf8047a2ddbea2e577c7c0a023	0	4	0	0	0	0	0	0	0	0	0	0	0	0	0
037c6ed4e7a940ed6b4a7727b685f1fc	0	0	0	0	0	0	0	0	0	0	0	0	0	0	2
8c41ca9ed7fc524cfa9e632438f6be74	0	0	0	0	0	0	0	0	0	0	0	0	4	0	0
6a54450cf8c58ef8bb5637ce82fe0361	0	0	0	0	0	0	0	0	0	0	0	5	0	0	0
dbcee5e39f9857814a52a3b3fa5e381f	0	0	0	0	5	0	0	0	0	0	0	0	0	0	0
fcc04517b1facd5fc92e2f46f07f0050	4	0	0	0	0	0	0	0	0	0	0	0	0	0	0
67b6c73aedc884655cffb01e67ba74d7	0	0	0	0	0	9	0	0	0	0	0	0	0	0	0
1b1a339faa9d4cbff9b447edc8ceae70	0	0	0	0	0	0	0	3	0	0	0	0	0	0	0
6a1d2b5d50d8f8fd32be383885ebc5ca	0	0	0	0	0	4	0	0	0	0	0	0	0	0	0
98d002d13aad28daa5866914cd6074a2	0	0	0	0	0	5	0	0	0	0	0	0	0	0	0
786905d50c4a60bcc7311997a4561f9c	0	0	0	0	0	0	0	0	0	0	0	0	4	0	0
d589850a132a4c0c2c5d41ca01195a5b	0	4	0	0	0	0	0	0	0	0	0	0	0	0	0
ae67dcc819297500ed09c245f6101ef8	0	0	4	0	0	0	0	0	0	0	0	0	0	0	0
d580f45b963b906fcd2d079b7fcc9916	0	0	0	0	0	0	0	0	0	0	0	0	0	0	3
dcd1e4aed3ca9ad76f80057f09e572dc	0	0	0	0	0	0	0	0	0	0	0	0	0	6	0
dfc563a61a03f7261f7b11bc5517f882	0	0	4	0	0	0	0	0	0	0	0	0	0	0	0
1a00ecccc06c444b885860a69255914d	3	0	0	0	0	0	0	0	0	0	0	0	0	0	0
9e002b5af5352e8b4114dfac47c819c3	0	0	0	0	0	0	0	0	0	0	8	0	0	0	0
a54da6bcb841a5536fe54ab18c56df7f	0	0	0	0	0	0	0	0	0	0	0	0	25	0	0
2d6b3864bf58bcd97e1c58e26da4f089	0	0	7	0	0	0	0	0	0	0	0	0	0	0	0
526349cde9deeb0aa1928d57eedddeec	0	0	0	0	0	0	0	0	7	0	0	0	0	0	0
6034557c3e2a871929c512df5ef0b462	0	0	0	0	0	4	0	0	0	0	0	0	0	0	0
890c40397dae64f105edf92ef4cae0f3	0	0	0	0	0	0	0	0	0	22	0	0	0	0	0
19e8ca5fbed18137c059c7ed66f446b0	0	0	0	0	0	0	0	0	0	0	2	0	0	0	0
32de0768691971b09ca6789022ac25dc	0	0	0	0	0	0	39	0	0	0	0	0	0	0	0
e80ff4f5680cb16133c394a79485ed90	0	0	0	0	0	0	0	0	0	0	3	0	0	0	0
3d628490ace0c21c72bc5bd885cffe50	0	0	0	0	0	0	0	4	0	0	0	0	0	0	0
82452b741ad265e9bd0a018aeba09f0d	27	0	0	0	0	0	0	0	0	0	0	0	0	0	0
5612194e46054b7abc87b501eae2c22a	0	6	0	0	0	0	0	0	0	0	0	0	0	0	0
f44d6a7f7fa710f93ba1edd67b1aa159	0	0	0	0	0	0	0	0	15	0	0	0	0	0	0
252e6bd917e6966f432c23ad02469b94	0	0	0	0	0	0	0	0	0	0	7	0	0	0	0
31b1279bef296ad1e0251d6f9f6d81e7	0	0	0	0	20	0	0	0	0	0	0	0	0	0	0
5f7b2ab0401203fd09dd59a6bcf70063	0	0	0	0	0	0	0	9	0	0	0	0	0	0	0
29b2c1de8da389089e6dfdcb4fb30931	0	0	0	0	0	0	0	0	0	0	0	0	0	0	16
d994db2a99263f92d23a48edc787e0f3	0	0	0	0	0	0	0	0	0	0	0	0	10	0	0
5e5d79c23e4e41a82c8160fd7ab88c0d	0	5	0	0	0	0	0	0	0	0	0	0	0	0	0
e30e11c1e07d2b8a72080e3072d4a2d0	0	0	0	0	0	0	0	0	0	0	0	0	7	0	0
7cb26feaf8a7ade7f3f2d5bc35877c9d	0	0	0	0	0	0	0	0	0	0	0	31	0	0	0
4a4a2529a25b41cda0ec4b1201f8debc	0	0	0	0	0	0	4	0	0	0	0	0	0	0	0
386035f5431f26fe5c2b2cd4235335bb	3	0	0	0	0	0	0	0	0	0	0	0	0	0	0
9c81543eba21904f12e716dc6c7629e4	0	0	0	32	0	0	0	0	0	0	0	0	0	0	0
5522096e6b2b8ce6ed921ba7879d523b	0	0	4	0	0	0	0	0	0	0	0	0	0	0	0
1209aa86dfa67f58dd55c09a74434b80	0	0	0	4	0	0	0	0	0	0	0	0	0	0	0
2311aefacc9785e330be531f83a04401	0	0	0	5	0	0	0	0	0	0	0	0	0	0	0
927885e7d9e797ff151b5f9f9ab9e5f3	0	0	0	0	0	0	0	0	0	0	7	0	0	0	0
e1489024dd4de9f14245cf3c5b170eb0	13	0	0	0	0	0	0	0	0	0	0	0	0	0	0
1aa13a0c685c3550aa9f67b60aa1568b	0	0	13	0	0	0	0	0	0	0	0	0	0	0	0
c7174bff4aca76d2309b801d08b15d96	0	0	0	0	0	0	0	0	0	0	0	6	0	0	0
697e90259c7f09b620983f0056549ef2	0	0	5	0	0	0	0	0	0	0	0	0	0	0	0
8944817b2d310bb032543dae678c2c84	0	0	0	7	0	0	0	0	0	0	0	0	0	0	0
bd2eec7d3a160181e32a03e33b019c1b	0	0	7	0	0	0	0	0	0	0	0	0	0	0	0
6a2ea98ecefc3de1298e327630604269	0	5	0	0	0	0	0	0	0	0	0	0	0	0	0
c93bf2187a9d07d7357d5ece41f289fd	0	0	0	0	0	8	0	0	0	0	0	0	0	0	0
b2df65a4d07c287b59974a6cb5d21af8	9	0	0	0	0	0	0	0	0	0	0	0	0	0	0
03226d7ae0786e60f01fdbe02ab7715e	0	0	0	0	0	0	14	0	0	0	0	0	0	0	0
37d0eb59f4d027c50adbe7aa9fc71ff4	0	0	0	0	0	0	0	0	0	0	0	0	12	0	0
a3a09c872047043d28b2dceb814aebab	0	0	13	0	0	0	0	0	0	0	0	0	0	0	0
87c5ae4358e242d5ac11fad62703b966	0	0	0	4	0	0	0	0	0	0	0	0	0	0	0
28b88124eb666d85740a19e2b6e0304d	0	0	0	0	5	0	0	0	0	0	0	0	0	0	0
faaf3881bb31f88144324dea2a7d55a7	0	0	0	0	0	4	0	0	0	0	0	0	0	0	0
ff5bd9eea1518eb7efe6faa26397f917	0	0	0	0	0	0	0	7	0	0	0	0	0	0	0
3cbab68b3fcd972e64e6e01ec011a705	0	0	0	8	0	0	0	0	0	0	0	0	0	0	0
fee06b4e1c6ec244e805318510a60745	0	0	0	4	0	0	0	0	0	0	0	0	0	0	0
7bd768dd1c53e9b4284ecc700a6c6094	9	0	0	0	0	0	0	0	0	0	0	0	0	0	0
4261a8fdcd921ffe61ced9ea3929c10a	0	6	0	0	0	0	0	0	0	0	0	0	0	0	0
e7726540a29fbcffcab7ba5d0ca0abef	0	0	0	0	0	5	0	0	0	0	0	0	0	0	0
55fa037dd3c20d93e3fc2834240aba68	0	0	0	0	0	0	0	12	0	0	0	0	0	0	0
902fea1b496f7343b299c82cfb132628	0	0	0	0	0	0	0	0	0	0	0	0	14	0	0
92701ee2ac779bed344d1da5f18891bb	0	0	0	0	0	0	0	0	0	3	0	0	0	0	0
0e8fe11cb87dfcd02c36913408c397fb	0	54	0	0	0	0	0	0	0	0	0	0	0	0	0
e819670b9452b902fe19ca269b00969b	0	0	49	0	0	0	0	0	0	0	0	0	0	0	0
12a7d5c73741af0a616ca084332c4315	0	0	0	0	0	3	0	0	0	0	0	0	0	0	0
f10f469d16880944e7310f710a9bb487	7	0	0	0	0	0	0	0	0	0	0	0	0	0	0
731f67c7fe93492af0d8f242d6aead7c	0	0	0	10	0	0	0	0	0	0	0	0	0	0	0
7af56de06d6b070431f519f13e1417b9	0	0	6	0	0	0	0	0	0	0	0	0	0	0	0
479cc629a5b6e7da29967d7466e57b36	0	0	22	0	0	0	0	0	0	0	0	0	0	0	0
fb9897f4a13b2d7f228f931ebcc886f1	0	0	0	0	0	0	0	0	0	0	0	8	0	0	0
f112dd1bb4d9badc5a7bb1482318328a	0	0	0	0	0	0	0	10	0	0	0	0	0	0	0
6cb988baebc477b81945c96c6db2149a	0	0	0	11	0	0	0	0	0	0	0	0	0	0	0
4b3649914d5ad907923c050df84acb51	0	0	0	0	9	0	0	0	0	0	0	0	0	0	0
56731baabe707ae9c1cad1e23512742a	0	24	0	0	0	0	0	0	0	0	0	0	0	0	0
ae59e3b4b4939172d8d722b72add3100	0	0	0	0	0	0	0	0	0	0	0	0	0	2	0
362bc59dbc99a47ab4130f11418cfde9	0	0	0	0	0	0	0	3	0	0	0	0	0	0	0
392de6ce9a2b18e8c408f61390f0014d	0	0	0	0	0	0	0	0	0	0	0	4	0	0	0
9b2fb1cef4766e4477345c8e742460a8	0	0	0	0	0	0	2	0	0	0	0	0	0	0	0
603dc77b85a3087a68138e37e38580df	0	0	0	0	8	0	0	0	0	0	0	0	0	0	0
e21a2f999542ba87465bd9d7737f87b7	0	5	0	0	0	0	0	0	0	0	0	0	0	0	0
310e3807877e8eebbb9e348a14741ba3	0	0	0	0	0	0	7	0	0	0	0	0	0	0	0
5bc7f9de7407242a0525e8313e4ab9af	0	0	0	0	0	0	7	0	0	0	0	0	0	0	0
007fcda2a52240ed0ccc895227aa1928	0	0	7	0	0	0	0	0	0	0	0	0	0	0	0
ff9427168e0e4d6ddf40cd5b28de605f	0	0	0	0	21	0	0	0	0	0	0	0	0	0	0
9270830695d880d2ebd7f970bc7c71b5	0	0	0	6	0	0	0	0	0	0	0	0	0	0	0
a70bdf92934668e3dc347eaea041641a	0	48	0	0	0	0	0	0	0	0	0	0	0	0	0
