"Metadata","OTU","Correlation","P_value","Taxon","Confidence"
"Survival rate","bf2c648f72b376b575d8586ea0f29d9e",-0.559016994374947,0.0302818727265981,"d__Bacteria; p__Proteobacteria; c__Gammaproteobacteria; o__SAR86_clade; f__SAR86_clade; g__SAR86_clade; s__marine_metagenome",0.957369601725917
"Survival rate","2e3a12cbedccd591d0491063ee18f8e4",-0.559016994374947,0.0302818727265981,"d__Bacteria; p__Chloroflexi; c__Gitt-GS-136; o__Gitt-GS-136; f__Gitt-GS-136; g__Gitt-GS-136; s__uncultured_bacterium",0.939616846317144
"Survival rate","6f1204ff3a017ba38859c15a3d466b19",-0.559016994374947,0.0302818727265981,"d__Bacteria; p__Actinobacteriota; c__Acidimicrobiia; o__Microtrichales; f__Ilumatobacteraceae; g__uncultured",0.929987384376862
"Survival rate","b491f96aa872b911afdfb346e247e9f9",-0.559016994374947,0.0302818727265981,"d__Bacteria; p__Acidobacteriota; c__Acidobacteriae; o__Solibacterales; f__Solibacteraceae; g__Candidatus_Solibacter",0.964441955071727
"Survival rate","83fe9d25b103527cb96f9ec33d2d1c21",-0.559016994374947,0.0302818727265981,"d__Bacteria; p__Patescibacteria; c__Microgenomatia; o__Microgenomatia; f__Microgenomatia; g__Microgenomatia; s__uncultured_candidate",0.999999014673565
"Survival rate","6a8b629218c224e7cc5cd3bafa3d2e53",-0.559016994374947,0.0302818727265981,"d__Bacteria; p__Bacteroidota; c__Bacteroidia; o__Cytophagales; f__Microscillaceae; g__uncultured",0.999462435262619
"Survival rate","7202673cd44e7958d8c26d9d0f028b9b",-0.559016994374947,0.0302818727265981,"d__Bacteria; p__Patescibacteria; c__Dojkabacteria; o__Dojkabacteria; f__Dojkabacteria; g__Dojkabacteria",0.999406122826425
"Survival rate","9b2d6905e54dc5e710b180bdafa605d2",-0.559016994374947,0.0302818727265981,"d__Bacteria; p__Armatimonadota; c__uncultured; o__uncultured; f__uncultured; g__uncultured",0.99730552519351
"Survival rate","99d6c4be804fa3ded49f31afe8d900de",-0.559016994374947,0.0302818727265981,"d__Bacteria; p__Armatimonadota; c__Chthonomonadetes; o__Chthonomonadales; f__Chthonomonadaceae; g__Chthonomonas; s__uncultured_bacterium",0.993155280039037
"Survival rate","b02e4cb0634e0a0eaef985bef8419e2d",-0.559016994374947,0.0302818727265981,"d__Archaea; p__Halobacterota; c__Halobacteria; o__Halobacterales; f__Haloferacaceae; g__Halovenus; s__uncultured_archaeon",0.991032799436119
"Survival rate","32ae7f2f476fbea094cbfc86c3c72609",-0.559016994374947,0.0302818727265981,"d__Archaea; p__Halobacterota; c__Halobacteria; o__Halobacterales; f__Halomicrobiaceae; g__uncultured",0.998686336561003
"Survival rate","82f3116a895ff96dab05f2babe4e6c54",-0.559016994374947,0.0302818727265981,"d__Archaea; p__Halobacterota; c__Halobacteria; o__Halobacterales; f__Haloferacaceae; g__Halorubrum",0.999916177376284
"Survival rate","97a284627ec93e0e83f717fd2679d15f",-0.559016994374947,0.0302818727265981,"d__Bacteria; p__Patescibacteria; c__Parcubacteria; o__Candidatus_Nomurabacteria; f__Candidatus_Nomurabacteria; g__Candidatus_Nomurabacteria; s__uncultured_Parcubacteria",0.85521638944498
"Survival rate","573e1bcb69887bb59a9a3214f255c6c2",-0.559016994374947,0.0302818727265981,"d__Bacteria; p__Patescibacteria; c__Parcubacteria; o__Candidatus_Kaiserbacteria; f__Candidatus_Kaiserbacteria; g__Candidatus_Kaiserbacteria",0.999809275291247
"Survival rate","3a88b6162770e576d3ea0ece7008095b",-0.559016994374947,0.0302818727265981,"d__Bacteria; p__Planctomycetota; c__Phycisphaerae; o__Phycisphaerales; f__Phycisphaeraceae; g__Urania-1B-19_marine_sediment_group",0.999928346382513
"Survival rate","4bb52faa56f2ed071e06db822eba9fe9",-0.559016994374947,0.0302818727265981,"d__Bacteria; p__Chloroflexi; c__Chloroflexia; o__Thermomicrobiales; f__Thermomicrobiaceae; g__Nitrolancea; s__uncultured_Chloroflexi",0.956773775232521
"Survival rate","ea8efbaf45bb407d0bd11bba3353b347",-0.559016994374947,0.0302818727265981,"d__Bacteria; p__Chloroflexi; c__Chloroflexia; o__Thermomicrobiales; f__JG30-KF-CM45; g__JG30-KF-CM45",0.999869408048025
"Survival rate","cb079552599bdd141422c0443b8b54f6",-0.559016994374947,0.0302818727265981,"d__Bacteria; p__Chloroflexi; c__Chloroflexia; o__Thermomicrobiales; f__JG30-KF-CM45; g__JG30-KF-CM45",0.99902930508448
"Survival rate","bb3620b005f19c80f401f7cdf53e62a3",-0.559016994374947,0.0302818727265981,"d__Bacteria; p__Chloroflexi; c__Chloroflexia; o__Thermomicrobiales; f__JG30-KF-CM45; g__JG30-KF-CM45",0.99962553418121
"Survival rate","c06bd58ecba1c01e1689aff73293eea9",-0.559016994374947,0.0302818727265981,"d__Bacteria; p__Chloroflexi; c__Chloroflexia; o__Thermomicrobiales; f__JG30-KF-CM45; g__JG30-KF-CM45",0.909320404928114
"Survival rate","989c5315d6426a9dd8757fdb0cf7912a",-0.559016994374947,0.0302818727265981,"d__Bacteria; p__Chloroflexi; c__Chloroflexia; o__Thermomicrobiales; f__JG30-KF-CM45; g__JG30-KF-CM45; s__uncultured_Chloroflexi",0.800488552701367
"Survival rate","fa70f1d407c27527b203121e8c5090ae",-0.559016994374947,0.0302818727265981,"d__Bacteria; p__Chloroflexi; c__Chloroflexia; o__Thermomicrobiales; f__JG30-KF-CM45; g__JG30-KF-CM45; s__uncultured_Chloroflexi",0.918169925393298
"Feed conversion ratio","37f6842d982eaff21ea037b6b840da5c",-0.585571162204758,0.0218166015952796,"d__Bacteria; p__Chloroflexi; c__KD4-96; o__KD4-96; f__KD4-96; g__KD4-96",0.969455740294956
"Survival rate","5128ed2e33f3daa3bd113b67e0aed2bb",-0.559016994374947,0.0302818727265981,"d__Bacteria; p__Chloroflexi; c__Chloroflexia; o__Chloroflexales; f__Roseiflexaceae; g__uncultured; s__uncultured_bacterium",0.999072830500744
"Survival rate","84fa793dc36e132ba91e49c7c2b673cf",-0.559016994374947,0.0302818727265981,"d__Bacteria; p__Chloroflexi; c__Chloroflexia; o__Thermomicrobiales; f__AKYG1722; g__AKYG1722; s__uncultured_Chloroflexi",0.910768476677972
"Survival rate","b367b707ff92deb50fdfbda693cdb9b4",-0.559016994374947,0.0302818727265981,"d__Bacteria; p__Chloroflexi; c__Chloroflexia; o__Thermomicrobiales; f__JG30-KF-CM45; g__JG30-KF-CM45",0.999969273927547
"Survival rate","59a51065674d9b9b09615f486a9c71a0",-0.559016994374947,0.0302818727265981,"d__Bacteria; p__Chloroflexi; c__Chloroflexia; o__Thermomicrobiales; f__JG30-KF-CM45; g__JG30-KF-CM45; s__uncultured_bacterium",0.974538658674764
"Survival rate","f7c0b7e313a3d1eef8e01930b73e6646",-0.559016994374947,0.0302818727265981,"d__Bacteria; p__Chloroflexi; c__Chloroflexia; o__Thermomicrobiales; f__JG30-KF-CM45; g__JG30-KF-CM45; s__uncultured_Thermomicrobium",0.991005130110651
"Survival rate","c77a72459538a03a3fd69817c6c7bf75",-0.559016994374947,0.0302818727265981,"d__Bacteria; p__Chloroflexi; c__Chloroflexia; o__Chloroflexales; f__Roseiflexaceae; g__uncultured; s__uncultured_bacterium",0.994712753041887
"Survival rate","ea37277374dbe26134c8bebbee8c9a69",-0.559016994374947,0.0302818727265981,"d__Bacteria; p__Chloroflexi; c__Chloroflexia; o__Chloroflexales; f__Roseiflexaceae; g__uncultured; s__uncultured_bacterium",0.997891617518764
"Survival rate","333cff15164bde4e26e849adb161052c",-0.559016994374947,0.0302818727265981,"d__Bacteria; p__Chloroflexi; c__Chloroflexia; o__Chloroflexales; f__Roseiflexaceae; g__uncultured; s__uncultured_bacterium",0.999676894500426
"Survival rate","23eeb0ca090f16ae3dd94b9cc14748e1",-0.559016994374947,0.0302818727265981,"d__Bacteria; p__Chloroflexi; c__Chloroflexia; o__Chloroflexales; f__Roseiflexaceae; g__uncultured; s__uncultured_bacterium",0.997896436992898
"Survival rate","da8f139caa0e0271dd72e99f13423d3a",-0.559016994374947,0.0302818727265981,"d__Bacteria; p__Chloroflexi; c__Chloroflexia; o__Chloroflexales; f__Roseiflexaceae; g__uncultured",0.999986127503175
"Survival rate","37a429d487261ca20e61895e1200cd2a",-0.559016994374947,0.0302818727265981,"d__Bacteria; p__Chloroflexi; c__Chloroflexia; o__Chloroflexales; f__Roseiflexaceae; g__uncultured; s__uncultured_Chloroflexi",0.88108685258615
"Survival rate","12ca93f8ca0dda4968e3924c929ba846",-0.559016994374947,0.0302818727265981,"d__Bacteria; p__Chloroflexi; c__Chloroflexia; o__Chloroflexales; f__Roseiflexaceae; g__uncultured",0.999995697468965
"Survival rate","a041f4680c662fdcd5d805de5f99eb77",-0.559016994374947,0.0302818727265981,"d__Bacteria; p__Patescibacteria; c__ABY1; o__Candidatus_Falkowbacteria; f__Candidatus_Falkowbacteria; g__Candidatus_Falkowbacteria; s__uncultured_bacterium",0.967860754796736
"Survival rate","4edf1713d14d01b2383b4b0e11c248c9",-0.559016994374947,0.0302818727265981,"d__Bacteria; p__Patescibacteria; c__Parcubacteria; o__Candidatus_Nomurabacteria; f__Candidatus_Nomurabacteria; g__Candidatus_Nomurabacteria; s__uncultured_bacterium",0.869955395074575
"Survival rate","01cbdae02c9a84d9dcd29dfd86796c48",-0.559016994374947,0.0302818727265981,"d__Bacteria; p__Patescibacteria; c__Parcubacteria; o__Candidatus_Zambryskibacteria; f__Candidatus_Zambryskibacteria; g__Candidatus_Zambryskibacteria; s__uncultured_bacterium",0.89208990709661
"Survival rate","b717639668c94c07517db279213f18e5",-0.559016994374947,0.0302818727265981,"d__Bacteria; p__Patescibacteria; c__ABY1; o__Candidatus_Falkowbacteria; f__Candidatus_Falkowbacteria; g__Candidatus_Falkowbacteria",0.930700148666796
"Survival rate","0315a84aab9771ab889ef48980b84b9a",-0.559016994374947,0.0302818727265981,"d__Bacteria; p__Patescibacteria; c__Parcubacteria; o__Parcubacteria; f__Parcubacteria; g__Parcubacteria",0.831204516313428
"Survival rate","17fb5dcb370948b2975a22d302f87bfe",-0.559016994374947,0.0302818727265981,"d__Bacteria; p__Patescibacteria; c__Parcubacteria; o__Parcubacteria; f__Parcubacteria; g__Parcubacteria",0.821384607617715
"Survival rate","6c55632887aa01292897e81386f60b44",-0.559016994374947,0.0302818727265981,"d__Bacteria; p__Patescibacteria; c__Parcubacteria; o__Candidatus_Nomurabacteria; f__Candidatus_Nomurabacteria; g__Candidatus_Nomurabacteria; s__uncultured_bacterium",0.858620085985233
"Final weight","86207e96a7d2303df720a1d09b9ecfad",-0.588202955969527,0.0210884709753865,"d__Bacteria; p__Patescibacteria; c__Parcubacteria; o__Candidatus_Nomurabacteria; f__Candidatus_Nomurabacteria; g__Candidatus_Nomurabacteria; s__uncultured_bacterium",0.821506795680942
"Specific growth rate","86207e96a7d2303df720a1d09b9ecfad",-0.586619634238975,0.0215242612422428,"d__Bacteria; p__Patescibacteria; c__Parcubacteria; o__Candidatus_Nomurabacteria; f__Candidatus_Nomurabacteria; g__Candidatus_Nomurabacteria; s__uncultured_bacterium",0.821506795680942
"Weight gain","86207e96a7d2303df720a1d09b9ecfad",-0.586619634238975,0.0215242612422428,"d__Bacteria; p__Patescibacteria; c__Parcubacteria; o__Candidatus_Nomurabacteria; f__Candidatus_Nomurabacteria; g__Candidatus_Nomurabacteria; s__uncultured_bacterium",0.821506795680942
"Percentage weight gain","86207e96a7d2303df720a1d09b9ecfad",-0.586619634238975,0.0215242612422428,"d__Bacteria; p__Patescibacteria; c__Parcubacteria; o__Candidatus_Nomurabacteria; f__Candidatus_Nomurabacteria; g__Candidatus_Nomurabacteria; s__uncultured_bacterium",0.821506795680942
"Daily weight gain","86207e96a7d2303df720a1d09b9ecfad",-0.586619634238975,0.0215242612422428,"d__Bacteria; p__Patescibacteria; c__Parcubacteria; o__Candidatus_Nomurabacteria; f__Candidatus_Nomurabacteria; g__Candidatus_Nomurabacteria; s__uncultured_bacterium",0.821506795680942
"Survival rate","8860e1a275da6b87879a27aa18b55b8b",-0.559016994374947,0.0302818727265981,"d__Bacteria; p__Chloroflexi; c__JG30-KF-CM66; o__JG30-KF-CM66; f__JG30-KF-CM66; g__JG30-KF-CM66",0.993111695056805
"Final weight","d34070f260d278a90c621d071b92d1f6",-0.515435579973296,0.0492428418216662,"d__Bacteria; p__Cloacimonadota; c__Cloacimonadia; o__Cloacimonadales; f__Cloacimonadaceae; g__LNR_A2-18",0.997897826143736
"Specific growth rate","d34070f260d278a90c621d071b92d1f6",-0.514048133096009,0.0499631173441153,"d__Bacteria; p__Cloacimonadota; c__Cloacimonadia; o__Cloacimonadales; f__Cloacimonadaceae; g__LNR_A2-18",0.997897826143736
"Weight gain","d34070f260d278a90c621d071b92d1f6",-0.514048133096009,0.0499631173441153,"d__Bacteria; p__Cloacimonadota; c__Cloacimonadia; o__Cloacimonadales; f__Cloacimonadaceae; g__LNR_A2-18",0.997897826143736
"Percentage weight gain","d34070f260d278a90c621d071b92d1f6",-0.514048133096009,0.0499631173441153,"d__Bacteria; p__Cloacimonadota; c__Cloacimonadia; o__Cloacimonadales; f__Cloacimonadaceae; g__LNR_A2-18",0.997897826143736
"Daily weight gain","d34070f260d278a90c621d071b92d1f6",-0.514048133096009,0.0499631173441153,"d__Bacteria; p__Cloacimonadota; c__Cloacimonadia; o__Cloacimonadales; f__Cloacimonadaceae; g__LNR_A2-18",0.997897826143736
"Survival rate","ca9eb4d90ffd9561b9ef6e57af57213b",-0.559016994374947,0.0302818727265981,"d__Bacteria; p__Cloacimonadota; c__Cloacimonadia; o__Cloacimonadales; f__Cloacimonadaceae; g__LNR_A2-18",0.998002145686261
"Final weight","6cbb68e0da4640410143357a2623ac4d",-0.515435579973296,0.0492428418216662,"d__Bacteria; p__Cloacimonadota; c__Cloacimonadia; o__Cloacimonadales; f__W27; g__W27",0.999769894101598
"Specific growth rate","6cbb68e0da4640410143357a2623ac4d",-0.514048133096009,0.0499631173441153,"d__Bacteria; p__Cloacimonadota; c__Cloacimonadia; o__Cloacimonadales; f__W27; g__W27",0.999769894101598
"Weight gain","6cbb68e0da4640410143357a2623ac4d",-0.514048133096009,0.0499631173441153,"d__Bacteria; p__Cloacimonadota; c__Cloacimonadia; o__Cloacimonadales; f__W27; g__W27",0.999769894101598
"Percentage weight gain","6cbb68e0da4640410143357a2623ac4d",-0.514048133096009,0.0499631173441153,"d__Bacteria; p__Cloacimonadota; c__Cloacimonadia; o__Cloacimonadales; f__W27; g__W27",0.999769894101598
"Daily weight gain","6cbb68e0da4640410143357a2623ac4d",-0.514048133096009,0.0499631173441153,"d__Bacteria; p__Cloacimonadota; c__Cloacimonadia; o__Cloacimonadales; f__W27; g__W27",0.999769894101598
"Survival rate","6e01b465fcce155426f891fc87be589a",-0.559016994374947,0.0302818727265981,"d__Bacteria; p__Spirochaetota; c__Spirochaetia; o__Spirochaetales; f__Spirochaetaceae; g__Treponema",0.968989198492186
"Survival rate","758469a35c62f325fefddd265757fb6e",-0.559016994374947,0.0302818727265981,"d__Bacteria; p__Cyanobacteria; c__Cyanobacteriia; o__Chloroplast; f__Chloroplast; g__Chloroplast",0.999859956600531
"Survival rate","7e70cee042fc6516ae2ab7d66f3665bf",-0.559016994374947,0.0302818727265981,"d__Bacteria; p__Planctomycetota; c__Planctomycetes; o__Isosphaerales; f__Isosphaeraceae; g__uncultured; s__uncultured_bacterium",0.892372758855659
"Survival rate","b11d3806f14533ff05637278a33fc805",-0.553687044336142,0.0322435202440137,"d__Bacteria; p__Planctomycetota; c__Planctomycetes; o__Pirellulales; f__Pirellulaceae; g__uncultured",0.991130625355427
"Survival rate","bb807da7b46c0a51e72949f1e6b4ba47",-0.559016994374947,0.0302818727265981,"d__Bacteria; p__Planctomycetota; c__Planctomycetes; o__Gemmatales; f__Gemmataceae; g__uncultured",0.958773574598529
"Survival rate","79636df639d93eb002fde859fb3572a3",-0.559016994374947,0.0302818727265981,"d__Bacteria; p__Planctomycetota; c__Planctomycetes; o__Gemmatales; f__Gemmataceae; g__uncultured",0.996609420120432
"Survival rate","ecd3bac460817c2ec510b6f08974f8a3",-0.559016994374947,0.0302818727265981,"d__Bacteria; p__Planctomycetota; c__Planctomycetes; o__Gemmatales; f__Gemmataceae; g__uncultured",0.98203183501477
"Survival rate","47b9af26c762c9817db44219eef2b7cc",-0.559016994374947,0.0302818727265981,"d__Bacteria; p__Planctomycetota; c__Planctomycetes; o__Gemmatales; f__Gemmataceae; g__uncultured",0.954306870214814
"Survival rate","cc1e3c38bce5890628ca49c9c640221e",-0.559016994374947,0.0302818727265981,"d__Bacteria; p__Planctomycetota; c__Planctomycetes; o__Gemmatales; f__Gemmataceae; g__uncultured",0.987707899710721
"Survival rate","fe104c54ae8b92b8dc01b781e36b34f3",-0.559016994374947,0.0302818727265981,"d__Bacteria; p__Planctomycetota; c__Planctomycetes; o__Gemmatales; f__Gemmataceae; g__uncultured",0.947900453704623
"Survival rate","d42462b643adcb2eebf875862d12a275",-0.559016994374947,0.0302818727265981,"d__Bacteria; p__Planctomycetota; c__Phycisphaerae; o__MSBL9; f__SG8-4; g__SG8-4",0.843698603512054
"Survival rate","76f5d03032c19f33dd1f685a71fb1678",-0.559016994374947,0.0302818727265981,"d__Bacteria; p__Cyanobacteria; c__Cyanobacteriia; o__Chloroplast; f__Chloroplast; g__Chloroplast",0.999879080097052
"Survival rate","e1a2212fa3281ad8248dad96c31a5b9d",-0.559016994374947,0.0302818727265981,"d__Bacteria; p__Planctomycetota; c__Phycisphaerae; o__Phycisphaerales; f__Phycisphaeraceae; g__CL500-3; s__uncultured_bacterium",0.97523732289617
"Survival rate","b515ecf5072bc023e9a9c41cc7c7cbb9",-0.559016994374947,0.0302818727265981,"d__Bacteria; p__Verrucomicrobiota; c__Verrucomicrobiae; o__Pedosphaerales; f__Pedosphaeraceae; g__SH3-11",0.995105930025755
"Survival rate","1d96a05178462413155a7da7365191eb",-0.559016994374947,0.0302818727265981,"d__Bacteria; p__Planctomycetota; c__Pla4_lineage; o__Pla4_lineage; f__Pla4_lineage; g__Pla4_lineage; s__metagenome",0.999779987326401
"Survival rate","e163852780215e95ab825c6a035cd39e",-0.559016994374947,0.0302818727265981,"d__Bacteria; p__Planctomycetota; c__Planctomycetes; o__Planctomycetales; f__uncultured; g__uncultured",0.998743312325717
"Survival rate","d5ce7d5641f27c090e03a8200e6227fc",-0.559016994374947,0.0302818727265981,"d__Bacteria; p__Proteobacteria; c__Alphaproteobacteria; o__Rickettsiales; f__Mitochondria; g__Mitochondria; s__uncultured_bacterium",0.956013370813848
"Survival rate","95c0ce42247ddaea00b30ee32bb146aa",-0.559016994374947,0.0302818727265981,"d__Bacteria; p__Proteobacteria; c__Alphaproteobacteria; o__Rickettsiales; f__Mitochondria; g__Mitochondria; s__uncultured_bacterium",0.937607820304785
"Survival rate","143412ac44dcf1c9d080824efb60b482",-0.559016994374947,0.0302818727265981,"d__Bacteria; p__Cyanobacteria; c__Cyanobacteriia; o__Chloroplast; f__Chloroplast; g__Chloroplast",0.937687092583925
"Survival rate","efdbd3320cbb422d7f4de6c4c7d3542c",-0.559016994374947,0.0302818727265981,"d__Bacteria; p__Myxococcota; c__Polyangia; o__Haliangiales; f__Haliangiaceae; g__Haliangium",0.886735561094731
"Survival rate","b0a4b5bb91a9bc89ae96c7fa7f954327",-0.559016994374947,0.0302818727265981,"d__Bacteria; p__Planctomycetota; c__Phycisphaerae; o__Phycisphaerales; f__AKAU3564_sediment_group; g__AKAU3564_sediment_group",0.964308650891747
"Survival rate","b82ad56cc65d6e24b5869d96e548ac14",-0.559016994374947,0.0302818727265981,"d__Bacteria; p__Planctomycetota; c__Phycisphaerae; o__Phycisphaerales; f__AKAU3564_sediment_group; g__AKAU3564_sediment_group",0.932584369214785
"Survival rate","c5ca66f4a982622329b1f89747453dd1",-0.559016994374947,0.0302818727265981,"d__Bacteria; p__Cyanobacteria; c__Cyanobacteriia; o__Chloroplast; f__Chloroplast; g__Chloroplast",0.822305108299771
"Survival rate","8c8e461bd8a3b2c2640e1cf607b86e48",-0.559016994374947,0.0302818727265981,"d__Bacteria; p__Proteobacteria; c__Alphaproteobacteria; o__Rickettsiales; f__Mitochondria; g__Mitochondria; s__uncultured_bacterium",0.860627574158719
"Survival rate","068f5d08e0039814a483636eb13020ab",-0.559016994374947,0.0302818727265981,"d__Bacteria; p__Planctomycetota; c__Planctomycetes; o__Pirellulales; f__Pirellulaceae; g__Pirellula",0.99530172108146
"Survival rate","417822d76916b35b5b442c2a599996dd",-0.559016994374947,0.0302818727265981,"d__Bacteria; p__Planctomycetota; c__Planctomycetes; o__Pirellulales; f__Pirellulaceae; g__Pirellula",0.976671048617105
"Survival rate","0df9a48a5268c465187e9a009dc4aa13",-0.559016994374947,0.0302818727265981,"d__Bacteria; p__Proteobacteria; c__Alphaproteobacteria; o__Rickettsiales; f__Mitochondria; g__Mitochondria; s__uncultured_bacterium",0.812598722806366
"Survival rate","48dad750a85fbb9125bca47d15626a30",-0.559016994374947,0.0302818727265981,"d__Bacteria; p__Planctomycetota; c__Planctomycetes; o__Pirellulales; f__Pirellulaceae; g__Pirellula; s__agricultural_soil",0.994609896725357
"Survival rate","f5e1fa7eca0439f14f0db1592a0c0a5c",-0.559016994374947,0.0302818727265981,"d__Bacteria; p__Proteobacteria; c__Alphaproteobacteria; o__Rickettsiales; f__Mitochondria; g__Mitochondria; s__uncultured_bacterium",0.988085572552189
"Survival rate","bc8ad5d32012e91cc89a508d35d6cc1e",-0.559016994374947,0.0302818727265981,"d__Bacteria; p__Proteobacteria; c__Alphaproteobacteria; o__Rickettsiales; f__Mitochondria; g__Mitochondria; s__uncultured_bacterium",0.979142773567974
"Survival rate","32fcb2ee5283de89b558d15683933330",-0.559016994374947,0.0302818727265981,"d__Bacteria; p__Bacteroidota; c__Bacteroidia; o__Sphingobacteriales; f__Sphingobacteriaceae; g__Pedobacter",0.913628188278772
"Survival rate","3f39d6f4c94f84164867df75c92deeb7",-0.559016994374947,0.0302818727265981,"d__Bacteria; p__Bacteroidota; c__Bacteroidia; o__Bacteroidales; f__Dysgonomonadaceae; g__Proteiniphilum",0.854080071790508
"Survival rate","4fda15ab20c00e9cf1ec2e0c75209494",-0.559016994374947,0.0302818727265981,"d__Bacteria; p__Bacteroidota; c__Bacteroidia; o__Sphingobacteriales; f__Sphingobacteriaceae; g__Sphingobacterium",0.998233402841216
"Survival rate","b5e48bea7555c904ec7062c913b3e522",-0.559016994374947,0.0302818727265981,"d__Bacteria; p__Cyanobacteria; c__Cyanobacteriia; o__Chloroplast; f__Chloroplast; g__Chloroplast",0.999975230412269
"Survival rate","1b0f5f9bcb412608ee8494767fa7a030",-0.559016994374947,0.0302818727265981,"d__Bacteria; p__Proteobacteria; c__Gammaproteobacteria; o__OM182_clade; f__OM182_clade; g__OM182_clade",0.993055313949288
"Survival rate","a4e88b2d4ddf722e6bb12eac59c9982a",-0.559016994374947,0.0302818727265981,"d__Bacteria; p__Bacteroidota; c__Bacteroidia; o__Chitinophagales; f__Saprospiraceae; g__uncultured",0.89435979562873
"Survival rate","6bd0e26631bc1857704f3a93a1995106",-0.559016994374947,0.0302818727265981,"d__Bacteria; p__Cyanobacteria; c__Vampirivibrionia; o__Gastranaerophilales; f__Gastranaerophilales; g__Gastranaerophilales",0.999987102028407
"Survival rate","dbbcdd15b0cd8d4136f371125ef3e067",-0.559016994374947,0.0302818727265981,"d__Bacteria; p__Halanaerobiaeota; c__Halanaerobiia; o__Halanaerobiales; f__Halanaerobiaceae; g__Halanaerobium",0.999999997442371
"Survival rate","ae833b2b07bb030862a6c0fd87012a93",-0.559016994374947,0.0302818727265981,"d__Bacteria; p__Actinobacteriota; c__Actinobacteria; o__Micrococcales; f__Micrococcaceae; g__Rothia",0.981463246294884
"Survival rate","4b5b1722c0580fb3c7b2600ea1c7f5d3",-0.559016994374947,0.0302818727265981,"d__Bacteria; p__Firmicutes; c__Clostridia; o__Lachnospirales; f__Lachnospiraceae; g__Acetitomaculum",0.826310364128387
"Survival rate","02bb77fe21ed27e3a8f505d74eae1190",-0.559016994374947,0.0302818727265981,"d__Bacteria; p__Armatimonadota; c__Chthonomonadetes; o__Chthonomonadales; f__Chthonomonadaceae; g__Chthonomonas; s__uncultured_bacterium",0.947150760129863
"Survival rate","ef6e54d59985c301235f58e55d38cc7a",-0.559016994374947,0.0302818727265981,"d__Bacteria; p__Armatimonadota; c__Armatimonadia; o__Armatimonadales; f__Armatimonadaceae; g__Armatimonas",0.990788853644609
"Survival rate","58b42eda5b395091e2cf29656f78e784",-0.559016994374947,0.0302818727265981,"d__Bacteria; p__Firmicutes; c__Clostridia; o__Peptostreptococcales-Tissierellales; f__Sedimentibacteraceae; g__Sedimentibacter",0.999883543574637
"Survival rate","ecdb12b4b71e2df779c4ae72e2d50b72",-0.559016994374947,0.0302818727265981,"d__Bacteria; p__Patescibacteria; c__Gracilibacteria; o__Absconditabacteriales_(SR1); f__Absconditabacteriales_(SR1); g__Absconditabacteriales_(SR1)",0.997950684747598
"Survival rate","9312b3e4332c6fa41ebd8b8353e22cc3",-0.559016994374947,0.0302818727265981,"d__Bacteria; p__Patescibacteria; c__Gracilibacteria; o__Absconditabacteriales_(SR1); f__Absconditabacteriales_(SR1); g__Absconditabacteriales_(SR1)",0.999992907303013
"Survival rate","a9ec8714883ff719e0896fc8a370c96f",-0.559016994374947,0.0302818727265981,"d__Bacteria; p__Firmicutes; c__Bacilli; o__Lactobacillales; f__Lactobacillaceae; g__Lactobacillus",0.94805948465221
"Survival rate","fedfcaed8eb09b8b3cb41f718741c92f",-0.559016994374947,0.0302818727265981,"d__Bacteria; p__Firmicutes; c__Bacilli; o__Lactobacillales; f__Lactobacillaceae; g__Lactobacillus",0.994971506148072
"Survival rate","dff4a1620b2966b0dbfc49ac3027340e",-0.559016994374947,0.0302818727265981,"d__Bacteria; p__Patescibacteria; c__Saccharimonadia; o__Saccharimonadales; f__Saccharimonadaceae; g__Candidatus_Saccharimonas; s__uncultured_bacterium",0.904275453683573
"Survival rate","46dbd12151e87dd1fa0cb0339ad47838",-0.559016994374947,0.0302818727265981,"d__Bacteria; p__Verrucomicrobiota; c__Verrucomicrobiae; o__Methylacidiphilales; f__Methylacidiphilaceae; g__uncultured; s__marine_metagenome",0.997757216231847
"Survival rate","a68ab07d7fbc06dec343a51792632f0e",-0.559016994374947,0.0302818727265981,"d__Bacteria; p__Planctomycetota; c__Phycisphaerae; o__Phycisphaerales; f__Phycisphaeraceae; g__SM1A02",0.999921806368736
"Survival rate","52c22ea70d08721e70ffc73f1b70e0ae",-0.559016994374947,0.0302818727265981,"d__Bacteria; p__Planctomycetota; c__Phycisphaerae; o__Phycisphaerales; f__Phycisphaeraceae; g__uncultured",0.979725484623809
"Survival rate","b2d7c094c8a6c271aea5c045b21f10ec",-0.559016994374947,0.0302818727265981,"d__Bacteria; p__Planctomycetota; c__Phycisphaerae; o__Phycisphaerales; f__Phycisphaeraceae; g__SM1A02; s__uncultured_bacterium",0.929982399245096
"Survival rate","017783a2d5343096e8b4d3f4e657c75c",-0.559016994374947,0.0302818727265981,"d__Bacteria; p__Planctomycetota; c__Phycisphaerae; o__Phycisphaerales; f__Phycisphaeraceae; g__SM1A02; s__uncultured_planctomycete",0.932303412520964
"Survival rate","d87744dada042cff030966b5bd8e01c2",-0.559016994374947,0.0302818727265981,"d__Bacteria; p__Chloroflexi; c__Anaerolineae; o__RBG-13-54-9; f__RBG-13-54-9; g__RBG-13-54-9",0.999440696741298
"Survival rate","ce10948e525c49d81a14751a8453d621",-0.559016994374947,0.0302818727265981,"d__Bacteria; p__Chloroflexi; c__Anaerolineae; o__RBG-13-54-9; f__RBG-13-54-9; g__RBG-13-54-9",0.999678407461641
"Survival rate","aa17dfb3a3a6a7d0d84709b7a46c0535",-0.559016994374947,0.0302818727265981,"d__Bacteria; p__Chloroflexi; c__Chloroflexia; o__Kallotenuales; f__AKIW781; g__AKIW781",0.9999984515984
"Survival rate","fa2a2072cebabc4e30b55518cf0452f8",-0.559016994374947,0.0302818727265981,"d__Bacteria; p__Chloroflexi; c__Chloroflexia; o__Kallotenuales; f__AKIW781; g__AKIW781",0.99970152202096
"Survival rate","1e6c4791f06414e85d3505f88d179e60",-0.559016994374947,0.0302818727265981,"d__Bacteria; p__Chloroflexi; c__Chloroflexia; o__Kallotenuales; f__AKIW781; g__AKIW781",0.996672396005513
"Survival rate","bec2e966bd065724c29a5544771e984a",-0.559016994374947,0.0302818727265981,"d__Bacteria; p__Chloroflexi; c__Dehalococcoidia; o__S085; f__S085; g__S085; s__uncultured_bacterium",0.993482332142565
"Survival rate","c1c85e8e5473fd530c7d56f9f113ca81",-0.559016994374947,0.0302818727265981,"d__Bacteria; p__Patescibacteria; c__ABY1; o__Candidatus_Falkowbacteria; f__Candidatus_Falkowbacteria; g__Candidatus_Falkowbacteria",0.992261566608201
"Survival rate","0fbb89fe2812850e09c791e437a6ecfd",-0.584512205989265,0.0221149307761448,"d__Bacteria; p__Patescibacteria; c__ABY1; o__Candidatus_Falkowbacteria; f__Candidatus_Falkowbacteria; g__Candidatus_Falkowbacteria",0.999996015817954
"Survival rate","1a7a80b475d5287513ce3058a5f466a9",-0.559016994374947,0.0302818727265981,"d__Bacteria; p__Patescibacteria; c__ABY1; o__Candidatus_Falkowbacteria; f__Candidatus_Falkowbacteria; g__Candidatus_Falkowbacteria",0.994946505490456
"Survival rate","160a900dea3568e01121d87c7d677de1",-0.559016994374947,0.0302818727265981,"d__Bacteria; p__Patescibacteria; c__ABY1; o__Candidatus_Falkowbacteria; f__Candidatus_Falkowbacteria; g__Candidatus_Falkowbacteria; s__uncultured_bacterium",0.97382810819379
"Survival rate","b16712de4126e66f149f13f6ea1342a7",-0.559016994374947,0.0302818727265981,"d__Bacteria; p__Patescibacteria; c__Parcubacteria; o__Candidatus_Nomurabacteria; f__Candidatus_Nomurabacteria; g__Candidatus_Nomurabacteria; s__Candidatus_Nomurabacteria",0.863533015910491
"Survival rate","ee67db7b48a4af09bb23fb42f8fd1fb5",-0.559016994374947,0.0302818727265981,"d__Bacteria; p__Patescibacteria; c__Parcubacteria; o__Candidatus_Nomurabacteria; f__Candidatus_Nomurabacteria; g__Candidatus_Nomurabacteria; s__uncultured_bacterium",0.922154831332695
"Survival rate","6b9fc6e11e13c638dac2b567e73a7242",-0.559016994374947,0.0302818727265981,"d__Bacteria; p__Patescibacteria; c__ABY1; o__Candidatus_Falkowbacteria; f__Candidatus_Falkowbacteria; g__Candidatus_Falkowbacteria; s__uncultured_bacterium",0.908805157197729
"Survival rate","d5f5ece75566e491f5e667bd79718ce9",-0.559016994374947,0.0302818727265981,"d__Bacteria; p__Patescibacteria; c__Parcubacteria; o__Candidatus_Zambryskibacteria; f__Candidatus_Zambryskibacteria; g__Candidatus_Zambryskibacteria; s__Parcubacteria_group",0.978565300117731
"Feed conversion ratio","03d8d4cff8814b0de80401d62f2e0af3",-0.585571162204758,0.0218166015952796,"d__Bacteria; p__Patescibacteria; c__Parcubacteria; o__Candidatus_Nomurabacteria; f__Candidatus_Nomurabacteria; g__Candidatus_Nomurabacteria; s__uncultured_bacterium",0.923721859425151
"Survival rate","95b30630063a5ed0781df660c8ef3831",-0.559016994374947,0.0302818727265981,"d__Bacteria; p__Patescibacteria; c__ABY1; o__Candidatus_Falkowbacteria; f__Candidatus_Falkowbacteria; g__Candidatus_Falkowbacteria",0.814440270373689
"Survival rate","7aa28d6dd6c1c08e671af4cf01821db8",-0.559016994374947,0.0302818727265981,"d__Bacteria; p__Patescibacteria; c__ABY1; o__Candidatus_Falkowbacteria; f__Candidatus_Falkowbacteria; g__Candidatus_Falkowbacteria",0.85673943521568
"Survival rate","c135935171b362d2d787601eecd69215",-0.693621151107261,0.0041314815775304,"d__Bacteria; p__Patescibacteria; c__Parcubacteria; o__Parcubacteria; f__Parcubacteria; g__Parcubacteria; s__uncultured_bacterium",0.976832519543552
"Survival rate","5ac96f69ea2473f055233bdbc185dea6",-0.559016994374947,0.0302818727265981,"d__Bacteria; p__Patescibacteria; c__Parcubacteria; o__Parcubacteria; f__Parcubacteria; g__Parcubacteria",0.833417545568564
"Survival rate","da49f6d4f5f1dd25f15af2aa880457d8",-0.559016994374947,0.0302818727265981,"d__Bacteria; p__Patescibacteria; c__Parcubacteria; o__Parcubacteria; f__Parcubacteria; g__Parcubacteria; s__uncultured_bacterium",0.862369938711875
"Survival rate","f0c2eac506d4f18f96f50f413a2274ea",-0.559016994374947,0.0302818727265981,"d__Bacteria; p__Patescibacteria; c__Parcubacteria; o__Parcubacteria; f__Parcubacteria; g__Parcubacteria",0.838327110880704
"Survival rate","2d85c6ee5ebae7f77aabf08a7fa49bae",-0.559016994374947,0.0302818727265981,"d__Bacteria; p__Patescibacteria; c__Parcubacteria; o__Candidatus_Nomurabacteria; f__Candidatus_Nomurabacteria; g__Candidatus_Nomurabacteria; s__Parcubacteria_group",0.97997035609681
"Survival rate","ae0c94fe8f28545d2c1029ee45a687b3",-0.559016994374947,0.0302818727265981,"d__Bacteria; p__Patescibacteria; c__Parcubacteria; o__Candidatus_Nomurabacteria; f__Candidatus_Nomurabacteria; g__Candidatus_Nomurabacteria; s__uncultured_bacterium",0.862129750343779
"Survival rate","1c8dedbebec6ef23c0eec4f700cb85d4",-0.559016994374947,0.0302818727265981,"d__Bacteria; p__Patescibacteria; c__Parcubacteria; o__Parcubacteria; f__Parcubacteria; g__Parcubacteria",0.931329731944989
"Survival rate","329c876a60d818e28366f2c0eac7f860",-0.559016994374947,0.0302818727265981,"d__Bacteria; p__Patescibacteria; c__Parcubacteria; o__Parcubacteria; f__Parcubacteria; g__Parcubacteria; s__uncultured_bacterium",0.909848461080181
"Survival rate","9548b44ce99192186ef13df0ed043914",-0.559016994374947,0.0302818727265981,"d__Bacteria; p__Patescibacteria; c__Parcubacteria; o__Parcubacteria; f__Parcubacteria; g__Parcubacteria; s__uncultured_Parcubacteria",0.868860203828672
"Survival rate","9bd02d568e4f2d00922693eaf7de24b8",-0.559016994374947,0.0302818727265981,"d__Bacteria; p__Patescibacteria; c__Parcubacteria; o__Parcubacteria; f__Parcubacteria; g__Parcubacteria; s__uncultured_soil",0.998820587568941
"Survival rate","d17a2b4dda53ba37900f9317e921e622",-0.559016994374947,0.0302818727265981,"d__Bacteria; p__Patescibacteria; c__Parcubacteria; o__Parcubacteria; f__Parcubacteria; g__Parcubacteria",0.917935676357072
"Final weight","776be4346ffe266b8a3acd2b501fd008",-0.515435579973296,0.0492428418216662,"d__Bacteria; p__Patescibacteria; c__Parcubacteria; o__Parcubacteria; f__Parcubacteria; g__Parcubacteria; s__uncultured_bacterium",0.873579655445384
"Specific growth rate","776be4346ffe266b8a3acd2b501fd008",-0.514048133096009,0.0499631173441153,"d__Bacteria; p__Patescibacteria; c__Parcubacteria; o__Parcubacteria; f__Parcubacteria; g__Parcubacteria; s__uncultured_bacterium",0.873579655445384
"Weight gain","776be4346ffe266b8a3acd2b501fd008",-0.514048133096009,0.0499631173441153,"d__Bacteria; p__Patescibacteria; c__Parcubacteria; o__Parcubacteria; f__Parcubacteria; g__Parcubacteria; s__uncultured_bacterium",0.873579655445384
"Percentage weight gain","776be4346ffe266b8a3acd2b501fd008",-0.514048133096009,0.0499631173441153,"d__Bacteria; p__Patescibacteria; c__Parcubacteria; o__Parcubacteria; f__Parcubacteria; g__Parcubacteria; s__uncultured_bacterium",0.873579655445384
"Daily weight gain","776be4346ffe266b8a3acd2b501fd008",-0.514048133096009,0.0499631173441153,"d__Bacteria; p__Patescibacteria; c__Parcubacteria; o__Parcubacteria; f__Parcubacteria; g__Parcubacteria; s__uncultured_bacterium",0.873579655445384
"Survival rate","9ff4c4031402035610dd61ef76f8c02b",-0.559016994374947,0.0302818727265981,"d__Bacteria; p__Patescibacteria; c__Parcubacteria; o__Parcubacteria; f__Parcubacteria; g__Parcubacteria; s__uncultured_bacterium",0.878685341304214
"Survival rate","2c493d3e70a9f594c96ddf61d5bcccad",-0.559016994374947,0.0302818727265981,"d__Bacteria; p__Patescibacteria; c__Parcubacteria; o__Candidatus_Nomurabacteria; f__Candidatus_Nomurabacteria; g__Candidatus_Nomurabacteria; s__uncultured_bacterium",0.844353679890769
"Survival rate","26d6b349d5ef460d95c2d9a52bb2c027",-0.559016994374947,0.0302818727265981,"d__Bacteria; p__Patescibacteria; c__Parcubacteria; o__Candidatus_Nomurabacteria; f__Candidatus_Nomurabacteria; g__Candidatus_Nomurabacteria; s__uncultured_bacterium",0.841902921399064
"Survival rate","22535d4556c2b687b3c9c7da87ceae14",-0.559016994374947,0.0302818727265981,"d__Bacteria; p__Patescibacteria; c__Parcubacteria; o__Candidatus_Nomurabacteria; f__Candidatus_Nomurabacteria; g__Candidatus_Nomurabacteria; s__uncultured_soil",0.960001967257225
"Survival rate","0c656ca3e055298c02f3b989e960ce8c",-0.559016994374947,0.0302818727265981,"d__Bacteria; p__Spirochaetota; c__Spirochaetia; o__Spirochaetales; f__Spirochaetaceae; g__uncultured; s__uncultured_bacterium",0.950936701478817
"Survival rate","3f26eeacbbdbe7a5aab8f54f0c85b85e",-0.559016994374947,0.0302818727265981,"d__Bacteria; p__Spirochaetota; c__Spirochaetia; o__Spirochaetales; f__Spirochaetaceae; g__uncultured",0.999802596043132
"Survival rate","66b97398270f56b807f875827315bdb3",-0.559016994374947,0.0302818727265981,"d__Bacteria; p__Chloroflexi; c__Dehalococcoidia; o__S085; f__S085; g__S085; s__uncultured_soil",0.984307128127914
"Survival rate","1a3305358943738695bac436eb8a395a",-0.559016994374947,0.0302818727265981,"d__Bacteria; p__Patescibacteria; c__Parcubacteria; o__Candidatus_Nomurabacteria; f__Candidatus_Nomurabacteria; g__Candidatus_Nomurabacteria",0.812858723862819
"Survival rate","02e9512ed0a2b3b50c77e95c12f4012c",-0.559016994374947,0.0302818727265981,"d__Bacteria; p__Patescibacteria; c__Parcubacteria; o__Candidatus_Nomurabacteria; f__Candidatus_Nomurabacteria; g__Candidatus_Nomurabacteria",0.977675846877597
"Survival rate","09cd99f19c1f9fdc7b81891d36915e9c",-0.559016994374947,0.0302818727265981,"d__Bacteria; p__Patescibacteria; c__Parcubacteria; o__Candidatus_Nomurabacteria; f__Candidatus_Nomurabacteria; g__Candidatus_Nomurabacteria; s__uncultured_bacterium",0.837957317200295
"Survival rate","ce4c12a0b60611ac8e0ef928d2c071c0",-0.559016994374947,0.0302818727265981,"d__Bacteria; p__Patescibacteria; c__Parcubacteria; o__Candidatus_Nomurabacteria; f__Candidatus_Nomurabacteria; g__Candidatus_Nomurabacteria",0.994704035577524
"Survival rate","0739a6f842f8ae700fcb8720bcbf857c",-0.559016994374947,0.0302818727265981,"d__Archaea; p__Nanoarchaeota; c__Nanoarchaeia; o__Woesearchaeales; f__Woesearchaeales; g__Woesearchaeales",0.998865961244139
"Survival rate","f70ec4ce25076564c4f1f4d86ea001cc",-0.559016994374947,0.0302818727265981,"d__Archaea; p__Euryarchaeota; c__Methanobacteria; o__Methanobacteriales; f__Methanobacteriaceae; g__Methanobrevibacter",0.999543979146948
"Survival rate","3d21a25531b4932fac0bdf3dcde5d647",-0.559016994374947,0.0302818727265981,"d__Archaea; p__Halobacterota; c__Halobacteria; o__Halobacterales; f__Halomicrobiaceae; g__Natronomonas",0.993704872994497
"Survival rate","274dfeef8952e7ce87a80d857a98a6af",-0.559016994374947,0.0302818727265981,"d__Bacteria; p__Planctomycetota; c__Phycisphaerae; o__Phycisphaerales; f__Phycisphaeraceae; g__SM1A02",0.992426713751944
"Survival rate","e154df512befbb7f693887f2247d2d65",-0.559016994374947,0.0302818727265981,"d__Bacteria; p__Planctomycetota; c__Phycisphaerae; o__Phycisphaerales; f__Phycisphaeraceae; g__uncultured; s__uncultured_bacterium",0.967843743144313
"Survival rate","c3d72280167fb0db15987fe95a1e546d",-0.559016994374947,0.0302818727265981,"d__Bacteria; p__Planctomycetota; c__Phycisphaerae; o__Tepidisphaerales; f__WD2101_soil_group; g__WD2101_soil_group",0.999986172874422
"Survival rate","828cb2236bb793631e9c2416772eb29d",-0.559016994374947,0.0302818727265981,"d__Bacteria; p__Planctomycetota; c__Phycisphaerae; o__Tepidisphaerales; f__WD2101_soil_group; g__WD2101_soil_group",0.999784797021329
"Survival rate","b4881ea35c8ec7b761042ac22896caa5",-0.559016994374947,0.0302818727265981,"d__Bacteria; p__Planctomycetota; c__Phycisphaerae; o__Tepidisphaerales; f__WD2101_soil_group; g__WD2101_soil_group",0.999968648542109
"Survival rate","c6874fd364eb3af220a5d65f8b8b67c4",-0.559016994374947,0.0302818727265981,"d__Bacteria; p__Planctomycetota; c__Phycisphaerae; o__Tepidisphaerales; f__WD2101_soil_group; g__WD2101_soil_group; s__uncultured_bacterium",0.947063483257229
"Survival rate","99e179a9129acfe05acefc27d0169b4c",-0.559016994374947,0.0302818727265981,"d__Bacteria; p__Planctomycetota; c__Phycisphaerae; o__Tepidisphaerales; f__WD2101_soil_group; g__WD2101_soil_group",0.999623302369922
"Survival rate","043fa46fc4ec17f13767d8595a8b9365",-0.559016994374947,0.0302818727265981,"d__Bacteria; p__Planctomycetota; c__Phycisphaerae; o__Phycisphaerales; f__Phycisphaeraceae; g__AKYG587",0.999998630091788
"Survival rate","8f1d9ec0064334d11f161b704a05bd5e",-0.559016994374947,0.0302818727265981,"d__Bacteria; p__Planctomycetota; c__Phycisphaerae; o__Phycisphaerales; f__Phycisphaeraceae; g__AKYG587; s__uncultured_bacterium",0.992867953586872
"Survival rate","2e134280dbdff76bafe20702f97df897",-0.559016994374947,0.0302818727265981,"d__Bacteria; p__Planctomycetota; c__Phycisphaerae; o__Phycisphaerales; f__Phycisphaeraceae; g__SM1A02",0.99998179806522
"Survival rate","7298b3b154e875c209c8f9284db54b0a",-0.559016994374947,0.0302818727265981,"d__Bacteria; p__Chloroflexi; c__Ktedonobacteria; o__C0119; f__C0119; g__C0119",0.99995529503611
"Survival rate","04d2e0bb46d020024a5b8badf52408d4",-0.559016994374947,0.0302818727265981,"d__Bacteria; p__Bacteroidota; c__SJA-28; o__SJA-28; f__SJA-28; g__SJA-28; s__uncultured_bacterium",0.990167902246802
"Survival rate","5a237590020266919e24c89c5f7eb269",-0.559016994374947,0.0302818727265981,"d__Bacteria; p__Chloroflexi; c__Anaerolineae; o__SBR1031; f__SBR1031; g__SBR1031",0.87541933145897
"Survival rate","d1990cbd92dc8a89c93cdec5e1c8f4cd",-0.559016994374947,0.0302818727265981,"d__Bacteria; p__Chloroflexi; c__Anaerolineae; o__SBR1031; f__SBR1031; g__SBR1031",0.850036427440949
"Survival rate","ccc1297339326548c62d0ad3a0415630",-0.559016994374947,0.0302818727265981,"d__Bacteria; p__Chloroflexi; c__Anaerolineae; o__SBR1031; f__SBR1031; g__SBR1031; s__uncultured_bacterium",0.809863898859004
"Survival rate","48daed539d1855d4e52e519627dde5da",-0.559016994374947,0.0302818727265981,"d__Bacteria; p__Chloroflexi; c__Anaerolineae; o__SBR1031; f__SBR1031; g__SBR1031",0.985541536543764
"Survival rate","05f5fe65d0c53363b12115b1f1c3aa01",-0.559016994374947,0.0302818727265981,"d__Bacteria; p__Proteobacteria; c__Alphaproteobacteria; o__Micavibrionales; f__uncultured; g__uncultured",0.957414052017803
"Survival rate","3bbf1863d2e8f16bf7238e0964d59223",-0.559016994374947,0.0302818727265981,"d__Bacteria; p__Bacteroidota; c__Bacteroidia; o__Bacteroidales; f__F082; g__F082",0.99999833527039
"Survival rate","21cb6fb72b5fd2627283e95af9a10c69",-0.559016994374947,0.0302818727265981,"d__Bacteria; p__Bacteroidota; c__Bacteroidia; o__Chitinophagales; f__Chitinophagaceae; g__Sediminibacterium",0.999831598163031
"Survival rate","bd769e792163cc4e8230560c17b8b2a5",-0.559016994374947,0.0302818727265981,"d__Bacteria; p__Bacteroidota; c__Bacteroidia; o__Sphingobacteriales; f__Sphingobacteriaceae; g__Mucilaginibacter",0.998376104999326
"Survival rate","05592bb5ca217e32b464e633e23404e1",-0.559016994374947,0.0302818727265981,"d__Bacteria; p__Bacteroidota; c__Bacteroidia; o__Sphingobacteriales; f__Sphingobacteriaceae; g__Pedobacter; s__Pedobacter_ureilyticus",0.87605074949043
"Survival rate","26918d617d0c2df05c38c84375bf2ada",-0.559016994374947,0.0302818727265981,"d__Bacteria; p__Bacteroidota; c__Bacteroidia; o__Sphingobacteriales; f__Sphingobacteriaceae; g__Mucilaginibacter",0.999191368843262
"Feed conversion ratio","4d819dfdecdacb2e1ddd56de83a9d9bd",0.537276633363128,0.0388853141534864,"d__Bacteria; p__Bacteroidota; c__Bacteroidia; o__Sphingobacteriales; f__Sphingobacteriaceae; g__Sphingobacteriaceae; s__Sphingobacterium_sp.",0.999986465970363
"Survival rate","a02ee7d04fb60c2ab51c653b9edc963d",-0.559016994374947,0.0302818727265981,"d__Bacteria; p__Bacteroidota; c__Bacteroidia; o__Sphingobacteriales; f__Sphingobacteriaceae; g__Sphingobacterium",0.999999538335535
"Survival rate","73ead03e06aa7ba346945ee4d5fce72a",-0.559016994374947,0.0302818727265981,"d__Bacteria; p__Bacteroidota; c__Bacteroidia; o__Sphingobacteriales; f__Sphingobacteriaceae; g__Sphingobacterium",0.99994091883598
"Survival rate","45a98c8ce7539aa4304b59cf68a47602",-0.559016994374947,0.0302818727265981,"d__Bacteria; p__Patescibacteria; c__Saccharimonadia; o__Saccharimonadales; f__Saccharimonadales; g__Saccharimonadales",0.997515846717214
"Final weight","3493170d5294d457078732a745f2d3b6",-0.530595449972511,0.041862760259072,"d__Bacteria; p__Patescibacteria; c__Saccharimonadia; o__Saccharimonadales; f__Saccharimonadaceae; g__TM7a; s__uncultured_bacterium",0.937176948330252
"Specific growth rate","3493170d5294d457078732a745f2d3b6",-0.529167195834127,0.0425206208553597,"d__Bacteria; p__Patescibacteria; c__Saccharimonadia; o__Saccharimonadales; f__Saccharimonadaceae; g__TM7a; s__uncultured_bacterium",0.937176948330252
"Weight gain","3493170d5294d457078732a745f2d3b6",-0.529167195834127,0.0425206208553597,"d__Bacteria; p__Patescibacteria; c__Saccharimonadia; o__Saccharimonadales; f__Saccharimonadaceae; g__TM7a; s__uncultured_bacterium",0.937176948330252
"Percentage weight gain","3493170d5294d457078732a745f2d3b6",-0.529167195834127,0.0425206208553597,"d__Bacteria; p__Patescibacteria; c__Saccharimonadia; o__Saccharimonadales; f__Saccharimonadaceae; g__TM7a; s__uncultured_bacterium",0.937176948330252
"Daily weight gain","3493170d5294d457078732a745f2d3b6",-0.529167195834127,0.0425206208553597,"d__Bacteria; p__Patescibacteria; c__Saccharimonadia; o__Saccharimonadales; f__Saccharimonadaceae; g__TM7a; s__uncultured_bacterium",0.937176948330252
"Survival rate","6a26e016c279c4a0b8940e0e3a2abe08",-0.559016994374947,0.0302818727265981,"d__Bacteria; p__Entotheonellaeota; c__Entotheonellia; o__Entotheonellales; f__Entotheonellaceae; g__Entotheonellaceae; s__uncultured_bacterium",0.92790425349478
"Survival rate","55a76bce40b558803e98ba289a430446",-0.559016994374947,0.0302818727265981,"d__Bacteria; p__Chloroflexi; c__Anaerolineae; o__SBR1031; f__A4b; g__A4b",0.958623702757101
"Survival rate","6499a4b657edd6947914a056f0bd0733",-0.559016994374947,0.0302818727265981,"d__Bacteria; p__Chloroflexi; c__Anaerolineae; o__SBR1031; f__SBR1031; g__SBR1031",0.979749563144908
"Survival rate","ded4a612e9d99f058d903a3b08e5b43e",-0.559016994374947,0.0302818727265981,"d__Bacteria; p__Chloroflexi; c__Anaerolineae; o__SBR1031; f__SBR1031; g__SBR1031",0.997766821277571
"Survival rate","06055d4fd9e8bddc608afec33c0b5256",-0.559016994374947,0.0302818727265981,"d__Bacteria; p__Chloroflexi; c__Anaerolineae; o__SBR1031; f__SBR1031; g__SBR1031; s__uncultured_Gemmatimonadetes",0.810497602715979
"Survival rate","9d4a552627c189a0881f8a6121af8cac",-0.559016994374947,0.0302818727265981,"d__Bacteria; p__Chloroflexi; c__Anaerolineae; o__SBR1031; f__SBR1031; g__SBR1031",0.99752441672913
"Survival rate","a8944b6e829bedece11e3c0f68941e39",-0.559016994374947,0.0302818727265981,"d__Bacteria; p__Chloroflexi; c__Anaerolineae; o__SBR1031; f__SBR1031; g__SBR1031",0.972740693896138
"Survival rate","0791722ce224d80633888d73cd641f94",-0.559016994374947,0.0302818727265981,"d__Bacteria; p__Chloroflexi; c__Anaerolineae; o__SBR1031; f__SBR1031; g__SBR1031",0.941150092395839
"Survival rate","82e02521d003df4396d0d480ce4de13c",-0.559016994374947,0.0302818727265981,"d__Bacteria; p__Chloroflexi; c__Ktedonobacteria; o__B10-SB3A; f__B10-SB3A; g__B10-SB3A; s__uncultured_bacterium",0.99927764221872
"Survival rate","c8e69152716d1f2e085cf63f28055c5e",-0.559016994374947,0.0302818727265981,"d__Bacteria; p__Chloroflexi; c__Anaerolineae; o__SBR1031; f__SBR1031; g__SBR1031",0.99619947494284
"Survival rate","95b8acc51fbd526c3e84bb6ebc30f75e",-0.559016994374947,0.0302818727265981,"d__Bacteria; p__Patescibacteria; c__ABY1; o__Candidatus_Falkowbacteria; f__Candidatus_Falkowbacteria; g__Candidatus_Falkowbacteria; s__uncultured_bacterium",0.805183425794754
"Survival rate","f46562747ad9130649a7d99bdb3ae20a",-0.559016994374947,0.0302818727265981,"d__Bacteria; p__Bdellovibrionota; c__Bdellovibrionia; o__Bdellovibrionales; f__Bdellovibrionaceae; g__Bdellovibrio",0.999999699971356
"Survival rate","e2a46fa1d1dbc06e2411e49aafbee024",-0.559016994374947,0.0302818727265981,"d__Bacteria; p__Chloroflexi; c__Anaerolineae; o__Anaerolineales; f__Anaerolineaceae; g__uncultured",0.874612523076579
"Survival rate","abb797c164944482323a70041f97808b",-0.559016994374947,0.0302818727265981,"d__Bacteria; p__Patescibacteria; c__Saccharimonadia; o__Saccharimonadales; f__WWH38; g__WWH38; s__uncultured_bacterium",0.955567717085857
"Survival rate","eee198f2fcf3c4b36e04f9b111398d81",-0.559016994374947,0.0302818727265981,"d__Bacteria; p__Bdellovibrionota; c__Bdellovibrionia; o__Bdellovibrionales; f__Bdellovibrionaceae; g__Bdellovibrio",0.998402707969033
"Survival rate","5dffc469565cc9430a67fc74881f9351",-0.559016994374947,0.0302818727265981,"d__Bacteria; p__Bacteroidota; c__Bacteroidia; o__Cytophagales; f__Hymenobacteraceae; g__Adhaeribacter",0.999922941082532
"Survival rate","9a017aebe19e40bdc7a98475ca5f4438",-0.559016994374947,0.0302818727265981,"d__Bacteria; p__Bacteroidota; c__Bacteroidia; o__Cytophagales; f__Spirosomaceae; g__Dyadobacter",0.999999693144603
"Survival rate","36903708a4129e74c39bffb96e2d038e",-0.559016994374947,0.0302818727265981,"d__Bacteria; p__Bacteroidota; c__Bacteroidia; o__Cytophagales; f__Hymenobacteraceae; g__Hymenobacter",0.999305675266498
"Survival rate","9547c69f1757a0bae8b401c0a5706a4a",-0.559016994374947,0.0302818727265981,"d__Bacteria; p__Bacteroidota; c__Bacteroidia; o__Cytophagales; f__Hymenobacteraceae; g__Hymenobacter",0.999999700338309
"Survival rate","80637a7f9fc83e3fb56b0197eb9ff362",-0.559016994374947,0.0302818727265981,"d__Bacteria; p__Bacteroidota; c__Bacteroidia; o__Cytophagales; f__Cyclobacteriaceae; g__Nafulsella; s__Nafulsella_turpanensis",0.999075374760999
"Survival rate","024a0ddd315509952314df3750fb5a1d",-0.559016994374947,0.0302818727265981,"d__Bacteria; p__Bacteroidota; c__Bacteroidia; o__Cytophagales; f__Microscillaceae; g__uncultured; s__uncultured_Flammeovirgaceae",0.994647580992046
"Feed conversion ratio","c0dedd6f282b46526419691e06462f4f",-0.585571162204758,0.0218166015952796,"d__Bacteria; p__Firmicutes; c__Bacilli; o__Exiguobacterales; f__Exiguobacteraceae; g__Exiguobacterium",0.999433428040817
"Survival rate","a3b217c0ba2223205164161250a9a695",-0.559016994374947,0.0302818727265981,"d__Bacteria; p__Firmicutes; c__Bacilli; o__Exiguobacterales; f__Exiguobacteraceae; g__Exiguobacterium",0.999565192933089
"Feed conversion ratio","21a9f8fc56fa92939679e6a56e1b61fb",-0.591607978309962,0.0201741354789882,"d__Bacteria; p__Firmicutes; c__Bacilli; o__Exiguobacterales; f__Exiguobacteraceae; g__Exiguobacterium; s__Exiguobacterium_undae",0.940927307798543
"Survival rate","aa5c5115e8ce15a9a8362678b8a12747",-0.559016994374947,0.0302818727265981,"d__Bacteria; p__Firmicutes; c__Bacilli; o__Lactobacillales; f__Lactobacillaceae; g__Lactobacillus",0.999998708553499
"Survival rate","3e83354ebb15cbc43d801f513dd9472f",-0.559016994374947,0.0302818727265981,"d__Bacteria; p__Firmicutes; c__Bacilli; o__Lactobacillales; f__Lactobacillaceae; g__Lactobacillus",0.999965110354813
"Survival rate","de436478c100332460aa10b157d3aa4d",-0.559016994374947,0.0302818727265981,"d__Bacteria; p__Patescibacteria; c__Saccharimonadia; o__Saccharimonadales; f__Saccharimonadales; g__Saccharimonadales",0.974610643551307
"Survival rate","40c2ad0cbbc875952cd4262408f90292",-0.559016994374947,0.0302818727265981,"d__Bacteria; p__Firmicutes; c__Bacilli; o__Lactobacillales; f__Leuconostocaceae; g__Weissella",0.999999990145061
"Survival rate","5f21b538c5e6345b4952d27887547adc",-0.559016994374947,0.0302818727265981,"d__Bacteria; p__Firmicutes; c__Bacilli; o__Bacillales; f__Bacillaceae; g__Bacillus",0.992392534734161
"Survival rate","7a3099995d4748480c18f619456bd276",-0.559016994374947,0.0302818727265981,"d__Bacteria; p__Firmicutes; c__Bacilli; o__Bacillales; f__Bacillaceae; g__Bacillus",0.981478206858451
"Survival rate","a312e2235703e0b05d2bc9c9c624f808",-0.559016994374947,0.0302818727265981,"d__Bacteria; p__Firmicutes; c__Bacilli; o__Bacillales; f__Bacillaceae; g__Bacillus",0.999665243642342
"Survival rate","60f1726dd5a239bfa88478541a8a531e",-0.559016994374947,0.0302818727265981,"d__Bacteria; p__Firmicutes; c__Bacilli; o__Staphylococcales; f__Staphylococcaceae; g__Salinicoccus; s__Salinicoccus_qingdaonensis",0.88821524873106
"Final weight","aa77f6d0d7a346e690a200b8cca3023b",0.534074736398712,0.0402918412284612,"d__Bacteria; p__Firmicutes; c__Bacilli; o__Staphylococcales; f__Staphylococcaceae; g__Staphylococcus",0.998811619646704
"Weight gain","aa77f6d0d7a346e690a200b8cca3023b",0.53263711673479,0.0409355235843569,"d__Bacteria; p__Firmicutes; c__Bacilli; o__Staphylococcales; f__Staphylococcaceae; g__Staphylococcus",0.998811619646704
"Daily weight gain","aa77f6d0d7a346e690a200b8cca3023b",0.53263711673479,0.0409355235843569,"d__Bacteria; p__Firmicutes; c__Bacilli; o__Staphylococcales; f__Staphylococcaceae; g__Staphylococcus",0.998811619646704
"Final weight","ed6639562fb7b11f08a1edf271e02d1a",-0.515435579973296,0.0492428418216662,"d__Bacteria; p__Firmicutes; c__Bacilli; o__Staphylococcales; f__Staphylococcaceae; g__Staphylococcus",0.998857590466609
"Specific growth rate","ed6639562fb7b11f08a1edf271e02d1a",-0.514048133096009,0.0499631173441153,"d__Bacteria; p__Firmicutes; c__Bacilli; o__Staphylococcales; f__Staphylococcaceae; g__Staphylococcus",0.998857590466609
"Weight gain","ed6639562fb7b11f08a1edf271e02d1a",-0.514048133096009,0.0499631173441153,"d__Bacteria; p__Firmicutes; c__Bacilli; o__Staphylococcales; f__Staphylococcaceae; g__Staphylococcus",0.998857590466609
"Percentage weight gain","ed6639562fb7b11f08a1edf271e02d1a",-0.514048133096009,0.0499631173441153,"d__Bacteria; p__Firmicutes; c__Bacilli; o__Staphylococcales; f__Staphylococcaceae; g__Staphylococcus",0.998857590466609
"Daily weight gain","ed6639562fb7b11f08a1edf271e02d1a",-0.514048133096009,0.0499631173441153,"d__Bacteria; p__Firmicutes; c__Bacilli; o__Staphylococcales; f__Staphylococcaceae; g__Staphylococcus",0.998857590466609
"Survival rate","2629127ef812507897ee161eb92db465",-0.559016994374947,0.0302818727265981,"d__Bacteria; p__Firmicutes; c__Bacilli; o__Staphylococcales; f__Staphylococcaceae; g__Staphylococcus",0.995412289829251
"Survival rate","aae2035718ffeaf6b2769639fa67df57",-0.559016994374947,0.0302818727265981,"d__Bacteria; p__Firmicutes; c__Bacilli; o__Staphylococcales; f__Staphylococcaceae; g__Staphylococcus",0.96645738674102
"Final weight","35f872b75c79a67712119225859e7a8f",0.768878047503598,0.000808067605528873,"d__Bacteria; p__Firmicutes; c__Bacilli; o__Staphylococcales; f__Staphylococcaceae; g__Staphylococcus",0.997982825133678
"Specific growth rate","35f872b75c79a67712119225859e7a8f",0.719947873033014,0.0024731521138821,"d__Bacteria; p__Firmicutes; c__Bacilli; o__Staphylococcales; f__Staphylococcaceae; g__Staphylococcus",0.997982825133678
"Weight gain","35f872b75c79a67712119225859e7a8f",0.766808385478949,0.000851641913337087,"d__Bacteria; p__Firmicutes; c__Bacilli; o__Staphylococcales; f__Staphylococcaceae; g__Staphylococcus",0.997982825133678
"Percentage weight gain","35f872b75c79a67712119225859e7a8f",0.719947873033014,0.0024731521138821,"d__Bacteria; p__Firmicutes; c__Bacilli; o__Staphylococcales; f__Staphylococcaceae; g__Staphylococcus",0.997982825133678
"Daily weight gain","35f872b75c79a67712119225859e7a8f",0.766808385478949,0.000851641913337087,"d__Bacteria; p__Firmicutes; c__Bacilli; o__Staphylococcales; f__Staphylococcaceae; g__Staphylococcus",0.997982825133678
"Final weight","f64b13b26a1ecafed686525e539784ab",-0.530595449972511,0.041862760259072,"d__Bacteria; p__Firmicutes; c__Bacilli; o__Staphylococcales; f__Staphylococcaceae; g__Staphylococcus",0.998317634689795
"Specific growth rate","f64b13b26a1ecafed686525e539784ab",-0.529167195834127,0.0425206208553597,"d__Bacteria; p__Firmicutes; c__Bacilli; o__Staphylococcales; f__Staphylococcaceae; g__Staphylococcus",0.998317634689795
"Weight gain","f64b13b26a1ecafed686525e539784ab",-0.529167195834127,0.0425206208553597,"d__Bacteria; p__Firmicutes; c__Bacilli; o__Staphylococcales; f__Staphylococcaceae; g__Staphylococcus",0.998317634689795
"Percentage weight gain","f64b13b26a1ecafed686525e539784ab",-0.529167195834127,0.0425206208553597,"d__Bacteria; p__Firmicutes; c__Bacilli; o__Staphylococcales; f__Staphylococcaceae; g__Staphylococcus",0.998317634689795
"Daily weight gain","f64b13b26a1ecafed686525e539784ab",-0.529167195834127,0.0425206208553597,"d__Bacteria; p__Firmicutes; c__Bacilli; o__Staphylococcales; f__Staphylococcaceae; g__Staphylococcus",0.998317634689795
"Survival rate","c2c650e3c80b77ba1c7aa39a522640bb",-0.559016994374947,0.0302818727265981,"d__Bacteria; p__Firmicutes; c__Bacilli; o__Paenibacillales; f__Paenibacillaceae; g__Paenibacillus; s__Paenibacillus_lautus",0.964402227832258
"Survival rate","b598bce98994afe226bd57144a480e6b",-0.559016994374947,0.0302818727265981,"d__Bacteria; p__Firmicutes; c__Bacilli; o__Paenibacillales; f__Paenibacillaceae; g__Paenibacillus",0.990096849017219
"Survival rate","497a259b6fdd61b7287d9b22c8bc1012",-0.559016994374947,0.0302818727265981,"d__Bacteria; p__Bdellovibrionota; c__Bdellovibrionia; o__Bdellovibrionales; f__Bdellovibrionaceae; g__OM27_clade; s__uncultured_bacterium",0.834016312827704
"Survival rate","d79aa78542bf96fdae81f9b80b512915",-0.693621151107261,0.0041314815775304,"d__Bacteria; p__Firmicutes; c__Bacilli; o__Lactobacillales; f__Streptococcaceae; g__Lactococcus",0.999998691578219
"Survival rate","67a0c0b804a5ea9f72a6c95f0ea8969e",-0.559016994374947,0.0302818727265981,"d__Bacteria; p__Firmicutes; c__Bacilli; o__Lactobacillales; f__Enterococcaceae; g__Enterococcus",0.950357154060082
"Survival rate","d4b39d77a58052d54dee0739d16fe8c1",-0.559016994374947,0.0302818727265981,"d__Bacteria; p__Firmicutes; c__Bacilli; o__Lactobacillales; f__Streptococcaceae; g__Streptococcus; s__Streptococcus_danieliae",0.959795316968264
"Survival rate","ea54ddbcff666573e2ba6782671805d8",-0.559016994374947,0.0302818727265981,"d__Bacteria; p__Myxococcota; c__Polyangia; o__Polyangiales; f__BIrii41; g__BIrii41; s__uncultured_bacterium",0.871863906885741
"Survival rate","b8ce3f0b7c6c11c67c4a843dff290433",-0.559016994374947,0.0302818727265981,"d__Bacteria; p__Firmicutes; c__Bacilli; o__Thermoactinomycetales; f__Thermoactinomycetaceae; g__Planifilum; s__Planifilum_composti",0.813058249008278
"Survival rate","84756c31afefdcc54ce3002a9f78e110",-0.559016994374947,0.0302818727265981,"d__Bacteria; p__Proteobacteria; c__Alphaproteobacteria; o__Rhodobacterales; f__Rhodobacteraceae; g__Ascidiaceihabitans",0.941205103207385
"Survival rate","48eb1516dd78d19fc3c378238fb751e7",-0.559016994374947,0.0302818727265981,"d__Bacteria; p__Acidobacteriota; c__Vicinamibacteria; o__Vicinamibacterales; f__uncultured; g__uncultured",0.999820909635848
"Survival rate","a99431e69a3ceaffd3f3c3d3578dbbf2",-0.559016994374947,0.0302818727265981,"d__Bacteria; p__Firmicutes; c__Bacilli; o__Mycoplasmatales; f__Mycoplasmataceae; g__Mycoplasma",0.999990949290918
"Survival rate","c1f77cddafa4c3a9c18eb00debfb3958",-0.559016994374947,0.0302818727265981,"d__Bacteria; p__Patescibacteria; c__Saccharimonadia; o__Saccharimonadales; f__Saccharimonadales; g__Saccharimonadales",0.978630746088948
"Survival rate","b61af61831c49297ccde937b7d5ed7d5",-0.559016994374947,0.0302818727265981,"d__Bacteria; p__Patescibacteria; c__Saccharimonadia; o__Saccharimonadales; f__LWQ8; g__LWQ8; s__uncultured_soil",0.994183647063604
"Survival rate","c5c29b2fcf58a627dce3f879d9bb431e",-0.559016994374947,0.0302818727265981,"d__Bacteria; p__Patescibacteria; c__Saccharimonadia; o__Saccharimonadales; f__LWQ8; g__LWQ8",0.88114322014982
"Survival rate","ed08cb077d6ea81945f400e5159483a3",-0.559016994374947,0.0302818727265981,"d__Bacteria; p__Patescibacteria; c__Saccharimonadia; o__Saccharimonadales; f__WWH38; g__WWH38",0.992477396079933
"Survival rate","bfa1ce9c9c2a8900f3d6ef8a85b65415",-0.559016994374947,0.0302818727265981,"d__Bacteria; p__Cyanobacteria; c__Cyanobacteriia; o__Cyanobacteriales; f__Phormidiaceae; g__Phormidium_IAM_M-71; s__uncultured_bacterium",0.996966264671444
"Survival rate","d92dce2f2caacbc0980ac83b6df8de94",-0.559016994374947,0.0302818727265981,"d__Bacteria; p__Patescibacteria; c__Saccharimonadia; o__Saccharimonadales; f__WWH38; g__WWH38; s__uncultured_bacterium",0.981020048741526
"Survival rate","4df4d5ce72a74b6fa94e39b206ba0910",-0.559016994374947,0.0302818727265981,"d__Bacteria; p__Firmicutes; c__Bacilli; o__Acholeplasmatales; f__Acholeplasmataceae; g__Anaeroplasma; s__uncultured_bacterium",0.985065274141873
"Survival rate","3956c34b573d97ef9207976370580e9a",-0.559016994374947,0.0302818727265981,"d__Bacteria; p__Firmicutes; c__Bacilli; o__Erysipelotrichales; f__Erysipelotrichaceae; g__Dubosiella; s__uncultured_bacterium",0.979717371034728
"Survival rate","9be0d0b8228525c42f08c447476b8762",-0.559016994374947,0.0302818727265981,"d__Bacteria; p__Firmicutes; c__Bacilli; o__Erysipelotrichales; f__Erysipelotrichaceae; g__Allobaculum; s__Allobaculum_stercoricanis",0.983865977564039
"Survival rate","1879e6d84829f5a04bdf0d63ccdcb70c",-0.559016994374947,0.0302818727265981,"d__Bacteria; p__Firmicutes; c__Bacilli; o__Erysipelotrichales; f__Erysipelotrichaceae; g__Ileibacterium; s__Ileibacterium_valens",0.999986478218192
"Survival rate","9b2c6ded330047562dbf5269eae14a36",-0.559016994374947,0.0302818727265981,"d__Bacteria; p__Elusimicrobiota; c__Elusimicrobia; o__MVP-88; f__MVP-88; g__MVP-88; s__uncultured_bacterium",0.800288831074008
"Survival rate","11e9d6e458a0fe250ad456a7bb2077c9",-0.559016994374947,0.0302818727265981,"d__Bacteria; p__Chloroflexi; c__Anaerolineae; o__Anaerolineales; f__Anaerolineaceae; g__Anaerolinea",0.94707912724264
"Survival rate","7d15951c88ba4f587a91f580cb79b537",-0.559016994374947,0.0302818727265981,"d__Bacteria; p__Planctomycetota; c__vadinHA49; o__vadinHA49; f__vadinHA49; g__vadinHA49",0.897222550372695
"Survival rate","13484c64f3e6bd4fd90815497f052fe4",-0.559016994374947,0.0302818727265981,"d__Bacteria; p__Verrucomicrobiota; c__Verrucomicrobiae; o__Verrucomicrobiales; f__Rubritaleaceae; g__Luteolibacter; s__Verrucomicrobium_sp.",0.927132500519974
"Survival rate","fdeba0d34dd2a0881ba2512bea8f6cc8",-0.584512205989265,0.0221149307761448,"d__Bacteria; p__Cloacimonadota; c__Cloacimonadia; o__Cloacimonadales; f__W27; g__W27; s__uncultured_bacterium",0.840187846419236
"Survival rate","f7e802d94b5b85c5b534f78172b5b120",-0.559016994374947,0.0302818727265981,"d__Bacteria; p__Patescibacteria; c__Parcubacteria; o__Candidatus_Kaiserbacteria; f__Candidatus_Kaiserbacteria; g__Candidatus_Kaiserbacteria; s__uncultured_bacterium",0.986195012388172
"Survival rate","098730703fa27c378ae5f297168682d1",-0.559016994374947,0.0302818727265981,"d__Bacteria; p__Planctomycetota; c__OM190; o__OM190; f__OM190; g__OM190",0.999248937331164
"Survival rate","880bce6c88c77495cc7d1f74d6a738ce",-0.559016994374947,0.0302818727265981,"d__Bacteria; p__Planctomycetota; c__OM190; o__OM190; f__OM190; g__OM190",0.997094913773414
"Survival rate","13af81049c2cdfba3932baf6941f3d35",-0.559016994374947,0.0302818727265981,"d__Bacteria; p__Planctomycetota; c__OM190; o__OM190; f__OM190; g__OM190",0.997366361195174
"Survival rate","4f767e0c128df2617bdf02cce470c831",-0.559016994374947,0.0302818727265981,"d__Bacteria; p__Planctomycetota; c__OM190; o__OM190; f__OM190; g__OM190",0.999654956629862
"Survival rate","09f248fc09c4c87fbc25c0b07814e1ec",-0.559016994374947,0.0302818727265981,"d__Bacteria; p__Planctomycetota; c__OM190; o__OM190; f__OM190; g__OM190; s__uncultured_bacterium",0.90914527154705
"Survival rate","966788244143b796ef05dd3e4b07f475",-0.559016994374947,0.0302818727265981,"d__Bacteria; p__Acidobacteriota; c__Vicinamibacteria; o__Subgroup_17; f__Subgroup_17; g__Subgroup_17",0.89820770777678
"Survival rate","094fe6d10eb7d2d981d684b5f87f84fa",-0.559016994374947,0.0302818727265981,"d__Bacteria; p__Planctomycetota; c__OM190; o__OM190; f__OM190; g__OM190",0.994698483205243
"Final weight","0d60a350be44196be777d5525f274bb9",-0.588202955969527,0.0210884709753865,"d__Bacteria; p__Planctomycetota; c__OM190; o__OM190; f__OM190; g__OM190",0.998171850930577
"Specific growth rate","0d60a350be44196be777d5525f274bb9",-0.586619634238975,0.0215242612422428,"d__Bacteria; p__Planctomycetota; c__OM190; o__OM190; f__OM190; g__OM190",0.998171850930577
"Weight gain","0d60a350be44196be777d5525f274bb9",-0.586619634238975,0.0215242612422428,"d__Bacteria; p__Planctomycetota; c__OM190; o__OM190; f__OM190; g__OM190",0.998171850930577
"Percentage weight gain","0d60a350be44196be777d5525f274bb9",-0.586619634238975,0.0215242612422428,"d__Bacteria; p__Planctomycetota; c__OM190; o__OM190; f__OM190; g__OM190",0.998171850930577
"Daily weight gain","0d60a350be44196be777d5525f274bb9",-0.586619634238975,0.0215242612422428,"d__Bacteria; p__Planctomycetota; c__OM190; o__OM190; f__OM190; g__OM190",0.998171850930577
"Survival rate","b50da9c3bfa1b38df496dce7967a024a",-0.559016994374947,0.0302818727265981,"d__Bacteria; p__Proteobacteria; c__Gammaproteobacteria; o__Oceanospirillales; f__Halomonadaceae; g__Halomonas",0.999860113375632
"Survival rate","53d65c2c35b4469a5c4311e3a542bb2b",-0.559016994374947,0.0302818727265981,"d__Bacteria; p__Planctomycetota; c__Planctomycetes; o__Isosphaerales; f__Isosphaeraceae; g__uncultured; s__uncultured_bacterium",0.853703598468406
"Survival rate","8d404e991ec29f0dc33c509a28401769",-0.559016994374947,0.0302818727265981,"d__Bacteria; p__Planctomycetota; c__Planctomycetes; o__Isosphaerales; f__Isosphaeraceae; g__Singulisphaera",0.976908149707213
"Survival rate","6c5391f2d9a57fa8774e949a6bd48a17",-0.559016994374947,0.0302818727265981,"d__Bacteria; p__Planctomycetota; c__Planctomycetes; o__Isosphaerales; f__Isosphaeraceae; g__Aquisphaera",0.944437719354844
"Survival rate","8eb7223abb953b68a9b67cc2997cbe68",-0.559016994374947,0.0302818727265981,"d__Bacteria; p__Planctomycetota; c__Planctomycetes; o__Isosphaerales; f__Isosphaeraceae; g__uncultured; s__uncultured_bacterium",0.83614653909439
"Survival rate","8c162f4352bfaa080e6a1f77f086dbe6",-0.559016994374947,0.0302818727265981,"d__Bacteria; p__Verrucomicrobiota; c__Chlamydiae; o__Chlamydiales; f__cvE6; g__cvE6; s__uncultured_Chlamydia",0.997967651657181
"Survival rate","1e6bc4c45ad0c825309b101eb9f7bea6",-0.559016994374947,0.0302818727265981,"d__Bacteria; p__Verrucomicrobiota; c__Verrucomicrobiae; o__Chthoniobacterales; f__Xiphinematobacteraceae; g__Candidatus_Xiphinematobacter; s__uncultured_bacterium",0.936054375842637
"Survival rate","a2b83ee1adc26818784422a71a09d7ec",-0.559016994374947,0.0302818727265981,"d__Bacteria; p__Verrucomicrobiota; c__Verrucomicrobiae; o__Pedosphaerales; f__Pedosphaeraceae; g__uncultured; s__uncultured_bacterium",0.923789226799085
"Survival rate","1a937e2ce46701fd5fdeb467c58f38d3",-0.559016994374947,0.0302818727265981,"d__Bacteria; p__Verrucomicrobiota; c__Verrucomicrobiae; o__Chthoniobacterales; f__Chthoniobacteraceae; g__Chthoniobacter",0.997254073196716
"Survival rate","b49b6b0ef78bf193f0465bee341d40ec",-0.559016994374947,0.0302818727265981,"d__Bacteria; p__Verrucomicrobiota; c__Verrucomicrobiae; o__Chthoniobacterales; f__Chthoniobacteraceae; g__Chthoniobacter",0.998953464729006
"Survival rate","b7e4f3be5738d8225057d341d1458c29",-0.559016994374947,0.0302818727265981,"d__Bacteria; p__Latescibacterota; c__Latescibacterota; o__Latescibacterota; f__Latescibacterota; g__Latescibacterota",0.999772567556093
"Survival rate","a81eb17f89a6434cad6ac380ae9f9006",-0.559016994374947,0.0302818727265981,"d__Bacteria; p__Latescibacterota; c__Latescibacterota; o__Latescibacterota; f__Latescibacterota; g__Latescibacterota",0.999820530392159
"Survival rate","70aeae504d923db61e2862a8c9267419",-0.559016994374947,0.0302818727265981,"d__Bacteria; p__Planctomycetota; c__Planctomycetes; o__Gemmatales; f__Gemmataceae; g__Gemmata; s__Gemmata_sp.",0.814706533696021
"Survival rate","d7fa07d26a266bf4adf0399e31619376",-0.559016994374947,0.0302818727265981,"d__Bacteria; p__Planctomycetota; c__Planctomycetes; o__Gemmatales; f__Gemmataceae; g__uncultured",0.9970506668563
"Survival rate","2ccaf4d1f3f902570ba45e420b89edd6",-0.559016994374947,0.0302818727265981,"d__Bacteria; p__Planctomycetota; c__Planctomycetes; o__Gemmatales; f__Gemmataceae; g__uncultured",0.987360209462747
"Survival rate","1b6a9e2e0edae3c643ad8b7f2d73dd82",-0.559016994374947,0.0302818727265981,"d__Bacteria; p__Planctomycetota; c__Planctomycetes; o__Gemmatales; f__Gemmataceae; g__uncultured",0.997846493320832
"Survival rate","543dd64637e1a06d8663c42ab071d906",-0.559016994374947,0.0302818727265981,"d__Bacteria; p__Planctomycetota; c__Planctomycetes; o__Gemmatales; f__Gemmataceae; g__uncultured",0.986303017978884
"Survival rate","6b14148e7e98380f8b6d8060492d8d2e",-0.559016994374947,0.0302818727265981,"d__Bacteria; p__Planctomycetota; c__Planctomycetes; o__Gemmatales; f__Gemmataceae; g__uncultured",0.996671734188795
"Survival rate","1e09842e2d35848ac325a163e67f9919",-0.559016994374947,0.0302818727265981,"d__Bacteria; p__Planctomycetota; c__Planctomycetes; o__Pirellulales; f__Pirellulaceae; g__uncultured; s__uncultured_bacterium",0.819850506693416
"Survival rate","3b1eabd343015fcf39111be74960f9b9",-0.559016994374947,0.0302818727265981,"d__Bacteria; p__Planctomycetota; c__Planctomycetes; o__Gemmatales; f__Gemmataceae; g__uncultured",0.992565280385715
"Survival rate","937de6456a769d13859504c149442cc9",-0.559016994374947,0.0302818727265981,"d__Bacteria; p__Planctomycetota; c__Pla4_lineage; o__Pla4_lineage; f__Pla4_lineage; g__Pla4_lineage",0.980261306328674
"Survival rate","6ca975d3086ee1640b7b1f40150f31b3",-0.559016994374947,0.0302818727265981,"d__Bacteria; p__Chloroflexi; c__Anaerolineae; o__Anaerolineales; f__Anaerolineaceae; g__uncultured",0.902361000802357
"Final weight","453f89b22998d9f7a6e35f36e874426d",-0.530595449972511,0.041862760259072,"d__Bacteria; p__Firmicutes; c__Clostridia; o__Clostridia_UCG-014; f__Clostridia_UCG-014; g__Clostridia_UCG-014",0.999999183636992
"Specific growth rate","453f89b22998d9f7a6e35f36e874426d",-0.529167195834127,0.0425206208553597,"d__Bacteria; p__Firmicutes; c__Clostridia; o__Clostridia_UCG-014; f__Clostridia_UCG-014; g__Clostridia_UCG-014",0.999999183636992
"Weight gain","453f89b22998d9f7a6e35f36e874426d",-0.529167195834127,0.0425206208553597,"d__Bacteria; p__Firmicutes; c__Clostridia; o__Clostridia_UCG-014; f__Clostridia_UCG-014; g__Clostridia_UCG-014",0.999999183636992
"Percentage weight gain","453f89b22998d9f7a6e35f36e874426d",-0.529167195834127,0.0425206208553597,"d__Bacteria; p__Firmicutes; c__Clostridia; o__Clostridia_UCG-014; f__Clostridia_UCG-014; g__Clostridia_UCG-014",0.999999183636992
"Daily weight gain","453f89b22998d9f7a6e35f36e874426d",-0.529167195834127,0.0425206208553597,"d__Bacteria; p__Firmicutes; c__Clostridia; o__Clostridia_UCG-014; f__Clostridia_UCG-014; g__Clostridia_UCG-014",0.999999183636992
"Survival rate","d1270aaced8d03768f8afad4c59db6c3",-0.559016994374947,0.0302818727265981,"d__Bacteria; p__Chloroflexi; c__Gitt-GS-136; o__Gitt-GS-136; f__Gitt-GS-136; g__Gitt-GS-136",0.999999952180204
"Survival rate","a2862fea4873fa6fc6dd7200ddd0486a",-0.559016994374947,0.0302818727265981,"d__Bacteria; p__Chloroflexi; c__KD4-96; o__KD4-96; f__KD4-96; g__KD4-96",0.999995293618342
"Survival rate","b7be1076b047d40f4044f74861c6be75",-0.559016994374947,0.0302818727265981,"d__Bacteria; p__Chloroflexi; c__KD4-96; o__KD4-96; f__KD4-96; g__KD4-96",0.999997108431429
"Survival rate","6272a96f2c0873ffb9949997bd0e3f45",-0.559016994374947,0.0302818727265981,"d__Bacteria; p__Chloroflexi; c__KD4-96; o__KD4-96; f__KD4-96; g__KD4-96",0.999987925315233
"Survival rate","821c913e393d58d3bdb4399b89551838",-0.559016994374947,0.0302818727265981,"d__Bacteria; p__Chloroflexi; c__KD4-96; o__KD4-96; f__KD4-96; g__KD4-96",0.999998528666507
"Survival rate","ba4d91b9cd1434d29047c14b1fca1efc",-0.559016994374947,0.0302818727265981,"d__Bacteria; p__Chloroflexi; c__KD4-96; o__KD4-96; f__KD4-96; g__KD4-96",0.999981238509609
"Survival rate","b4994e4c52b52535b6015a4f84352809",-0.559016994374947,0.0302818727265981,"d__Bacteria; p__Acidobacteriota; c__Blastocatellia; o__Pyrinomonadales; f__Pyrinomonadaceae; g__RB41",0.999992089592675
"Survival rate","4fa754085461e7d3f9216dc6b0b1027b",-0.559016994374947,0.0302818727265981,"d__Bacteria; p__Acidobacteriota; c__Blastocatellia; o__Blastocatellales; f__Blastocatellaceae; g__Blastocatella",0.995071203306102
"Survival rate","fa38519e16be3bdec8eee77def4dce58",-0.559016994374947,0.0302818727265981,"d__Bacteria; p__Chloroflexi; c__Ktedonobacteria; o__C0119; f__C0119; g__C0119; s__uncultured_bacterium",0.989011650165526
"Survival rate","cbfc3a5541c6c9f89d9ce1e4101853c4",-0.559016994374947,0.0302818727265981,"d__Bacteria; p__Chloroflexi; c__Anaerolineae; o__Caldilineales; f__Caldilineaceae; g__uncultured; s__uncultured_bacterium",0.965964243072
"Survival rate","71920941ca2d41dec4d45e094779b8ff",-0.559016994374947,0.0302818727265981,"d__Bacteria; p__Chloroflexi; c__Anaerolineae; o__Ardenticatenales; f__uncultured; g__uncultured",0.990330744426005
"Survival rate","a4b34f2a8ad3de7d4c8923a1784eeef3",-0.559016994374947,0.0302818727265981,"d__Bacteria; p__Chloroflexi; c__Anaerolineae; o__Caldilineales; f__Caldilineaceae; g__uncultured; s__uncultured_bacterium",0.963036302881986
"Survival rate","000efe7cb54c9070451b3025e44fef32",-0.559016994374947,0.0302818727265981,"d__Bacteria; p__Chloroflexi; c__Anaerolineae; o__SBR1031; f__A4b; g__A4b; s__wastewater_metagenome",0.985921619478495
"Survival rate","33eaeb02990a163d91385fe8f778c1f5",-0.559016994374947,0.0302818727265981,"d__Bacteria; p__Chloroflexi; c__Anaerolineae; o__SBR1031; f__A4b; g__A4b",0.999850299603187
"Survival rate","eea31a09b3ecfcb1b173f43345f125e9",-0.559016994374947,0.0302818727265981,"d__Bacteria; p__Chloroflexi; c__Anaerolineae; o__SBR1031; f__A4b; g__A4b",0.999658378792141
"Final weight","dc3d2286994b32eddd11bf5f24558393",-0.588202955969527,0.0210884709753865,"d__Bacteria; p__Chloroflexi; c__Anaerolineae; o__SBR1031; f__A4b; g__A4b",0.998530012932939
"Specific growth rate","dc3d2286994b32eddd11bf5f24558393",-0.586619634238975,0.0215242612422428,"d__Bacteria; p__Chloroflexi; c__Anaerolineae; o__SBR1031; f__A4b; g__A4b",0.998530012932939
"Weight gain","dc3d2286994b32eddd11bf5f24558393",-0.586619634238975,0.0215242612422428,"d__Bacteria; p__Chloroflexi; c__Anaerolineae; o__SBR1031; f__A4b; g__A4b",0.998530012932939
"Percentage weight gain","dc3d2286994b32eddd11bf5f24558393",-0.586619634238975,0.0215242612422428,"d__Bacteria; p__Chloroflexi; c__Anaerolineae; o__SBR1031; f__A4b; g__A4b",0.998530012932939
"Daily weight gain","dc3d2286994b32eddd11bf5f24558393",-0.586619634238975,0.0215242612422428,"d__Bacteria; p__Chloroflexi; c__Anaerolineae; o__SBR1031; f__A4b; g__A4b",0.998530012932939
"Survival rate","a215c21fba09370f371b1b1f8fb2dee2",-0.559016994374947,0.0302818727265981,"d__Bacteria; p__Chloroflexi; c__Anaerolineae; o__SBR1031; f__A4b; g__A4b",0.998840987894797
"Survival rate","9840f778918e7ff3a52b8441848cd381",-0.559016994374947,0.0302818727265981,"d__Bacteria; p__Chloroflexi; c__Anaerolineae; o__Caldilineales; f__Caldilineaceae; g__uncultured; s__uncultured_bacterium",0.861295344187423
"Survival rate","8315e5b38b9ee386691d2c5c3725565b",-0.559016994374947,0.0302818727265981,"d__Bacteria; p__Chloroflexi; c__Anaerolineae; o__Ardenticatenales; f__uncultured; g__uncultured",0.92951959847702
"Survival rate","d7862942771924bf389608d305f61024",-0.559016994374947,0.0302818727265981,"d__Bacteria; p__Chloroflexi; c__Anaerolineae; o__SBR1031; f__A4b; g__A4b",0.99630352675975
"Survival rate","39047d9b326ff3c490dc8355aadd6c0e",-0.559016994374947,0.0302818727265981,"d__Bacteria; p__Bacteroidota; c__Bacteroidia; o__Flavobacteriales; f__NS9_marine_group; g__NS9_marine_group; s__uncultured_Bacteroidetes",0.889412613803478
"Survival rate","d38b01a57a213c73a117ebd235ac02ef",-0.559016994374947,0.0302818727265981,"d__Bacteria; p__Chloroflexi; c__Anaerolineae; o__SBR1031; f__A4b; g__A4b; s__uncultured_organism",0.916546623245444
"Survival rate","142d155e6bcb2ef6bfbaf802f235747f",-0.559016994374947,0.0302818727265981,"d__Bacteria; p__Gemmatimonadota; c__BD2-11_terrestrial_group; o__BD2-11_terrestrial_group; f__BD2-11_terrestrial_group; g__BD2-11_terrestrial_group; s__uncultured_soil",0.93255236758936
"Survival rate","1cc5e0c5da157a381d1ff38d61c96712",-0.559016994374947,0.0302818727265981,"d__Bacteria; p__Bacteroidota; c__Rhodothermia; o__Rhodothermales; f__Rhodothermaceae; g__Rubrivirga",0.987641524452212
"Survival rate","ba554a82e3bd6516316a6267b2ffe864",-0.559016994374947,0.0302818727265981,"d__Bacteria; p__Acidobacteriota; c__Subgroup_22; o__Subgroup_22; f__Subgroup_22; g__Subgroup_22",0.999715616756974
"Survival rate","3cdc6da00ba5719e9e745dddde7fb562",-0.559016994374947,0.0302818727265981,"d__Bacteria; p__Bacteroidota; c__Kapabacteria; o__Kapabacteriales; f__Kapabacteriales; g__Kapabacteriales; s__uncultured_bacterium",0.945417720057829
"Survival rate","beb60c86f29e732c6addb9a7c24614b4",-0.559016994374947,0.0302818727265981,"d__Bacteria; p__Bacteroidota; c__Kapabacteria; o__Kapabacteriales; f__Kapabacteriales; g__Kapabacteriales; s__uncultured_bacterium",0.999248616529848
"Survival rate","e483790dde27ca4b01dabc7aef424b85",-0.559016994374947,0.0302818727265981,"d__Bacteria; p__Bacteroidota; c__Bacteroidia; o__Bacteroidales; f__Rikenellaceae; g__Rikenellaceae_RC9_gut_group",0.999554454940196
"Survival rate","ae2384b970000f96a88f34cde7ff0101",-0.559016994374947,0.0302818727265981,"d__Bacteria; p__Bacteroidota; c__Bacteroidia; o__Flavobacteriales; f__Flavobacteriaceae; g__Salinimicrobium",0.99250640239671
"Survival rate","e9a96fdd32e6fc6da51b829bb6378c37",-0.559016994374947,0.0302818727265981,"d__Bacteria; p__Bacteroidota; c__Bacteroidia; o__Flavobacteriales; f__Weeksellaceae; g__Chryseobacterium",0.999780727817567
"Survival rate","70ae6351f4ea304e349d71aa870cd6fb",-0.559016994374947,0.0302818727265981,"d__Bacteria; p__Bacteroidota; c__Ignavibacteria; o__Ignavibacteriales; f__Ignavibacteriaceae; g__Ignavibacterium; s__uncultured_bacterium",0.946422035549826
"Survival rate","4b0e90fb15e2fcd6c6242d8a4360a776",-0.559016994374947,0.0302818727265981,"d__Bacteria; p__Proteobacteria; c__Alphaproteobacteria; o__Rhodospirillales; f__uncultured; g__uncultured; s__gut_metagenome",0.893192776769833
"Survival rate","d65ef22ea4fdb0f8f0da20c36328567c",-0.559016994374947,0.0302818727265981,"d__Bacteria; p__Chloroflexi; c__Anaerolineae; o__SJA-15; f__SJA-15; g__SJA-15",0.999287072147334
"Survival rate","bd3957731bb204cd5753906dabf51b89",-0.559016994374947,0.0302818727265981,"d__Bacteria; p__Chloroflexi; c__Anaerolineae; o__Caldilineales; f__Caldilineaceae; g__uncultured",0.979154755686262
"Survival rate","a9ff04a92fa6da06f8aea114c03840ee",-0.559016994374947,0.0302818727265981,"d__Bacteria; p__Chloroflexi; c__Anaerolineae; o__Ardenticatenales; f__Ardenticatenaceae; g__uncultured",0.999997741193885
"Survival rate","eefe5b5514fdfe4a3fe8c263624960cc",-0.559016994374947,0.0302818727265981,"d__Bacteria; p__Bacteroidota; c__Bacteroidia; o__Bacteroidales; f__Bacteroidaceae; g__Bacteroides",0.999999928514415
"Feed conversion ratio","236ffb4a83a2408c1ea01955024122a4",0.537276633363128,0.0388853141534864,"d__Bacteria; p__Bacteroidota; c__Bacteroidia; o__Bacteroidales; f__Bacteroidaceae; g__Bacteroides",0.999996751022412
"Survival rate","3f9c2d586287177a08ea028d21e945b2",-0.584512205989265,0.0221149307761448,"d__Bacteria; p__Bacteroidota; c__Bacteroidia; o__Bacteroidales; f__Bacteroidaceae; g__Bacteroides; s__Bacteroides_stercoris",0.854909953001352
"Survival rate","0c19338b3352ac7ad20394461f5b9f84",-0.559016994374947,0.0302818727265981,"d__Bacteria; p__Bacteroidota; c__Bacteroidia; o__Bacteroidales; f__Bacteroidales_UCG-001; g__Bacteroidales_UCG-001; s__uncultured_rumen",0.998721852776693
"Survival rate","a52788d2d31ba4dbd0e490583481b5cd",-0.584512205989265,0.0221149307761448,"d__Bacteria; p__Bacteroidota; c__Bacteroidia; o__Bacteroidales; f__Prevotellaceae; g__Prevotella",0.99997189147049
"Survival rate","29bc60de2571174fd94db05891e909ab",-0.559016994374947,0.0302818727265981,"d__Bacteria; p__Bacteroidota; c__Bacteroidia; o__Bacteroidales; f__Prevotellaceae; g__Prevotella; s__Prevotella_bivia",0.999930411482785
"Survival rate","608e93f5c044d3ec779c7038f8a528bb",-0.559016994374947,0.0302818727265981,"d__Bacteria; p__Bacteroidota; c__Bacteroidia; o__Bacteroidales; f__Prevotellaceae; g__Alloprevotella; s__uncultured_Bacteroidales",0.855197963809664
"Survival rate","e2f90f3a7452d3a27e51bb449ff5da3c",-0.559016994374947,0.0302818727265981,"d__Bacteria; p__Bacteroidota; c__Bacteroidia; o__Bacteroidales; f__Rikenellaceae; g__Rikenellaceae_RC9_gut_group; s__uncultured_rumen",0.884733740038046
"Survival rate","225cdbb752dab215932d78e2ed47b7ee",-0.559016994374947,0.0302818727265981,"d__Bacteria; p__Bacteroidota; c__Bacteroidia; o__Bacteroidales; f__Bacteroidaceae; g__Bacteroides",0.990785328679097
"Survival rate","66d559b335c69833083f6f7434fa319d",-0.559016994374947,0.0302818727265981,"d__Bacteria; p__Bacteroidota; c__Bacteroidia; o__Bacteroidales; f__Muribaculaceae; g__Muribaculaceae; s__uncultured_bacterium",0.949074963596344
"Feed conversion ratio","b838ababd39f0e325195efdbebaff013",0.537276633363128,0.0388853141534864,"d__Bacteria; p__Bacteroidota; c__Bacteroidia; o__Bacteroidales; f__Muribaculaceae; g__Muribaculaceae; s__uncultured_organism",0.888262033542714
"Survival rate","5eda86990421337e1786b669bad3b5e2",-0.559016994374947,0.0302818727265981,"d__Bacteria; p__Bacteroidota; c__Bacteroidia; o__Bacteroidales; f__Muribaculaceae; g__Muribaculaceae; s__uncultured_bacterium",0.966376848784133
"Survival rate","2c61f618db580ce6271f8a7a2e73483a",-0.559016994374947,0.0302818727265981,"d__Bacteria; p__Bacteroidota; c__Bacteroidia; o__Bacteroidales; f__Muribaculaceae; g__Muribaculaceae; s__uncultured_bacterium",0.926263906403101
"Survival rate","a004056f13a4f3c70bc8af93b1163a98",-0.559016994374947,0.0302818727265981,"d__Bacteria; p__Bacteroidota; c__Bacteroidia; o__Bacteroidales; f__Rikenellaceae; g__Rikenellaceae_RC9_gut_group; s__uncultured_organism",0.941292597076251
"Survival rate","3ca618c28ffb8c586e236e44a3752f8b",-0.559016994374947,0.0302818727265981,"d__Bacteria; p__Bacteroidota; c__Bacteroidia; o__Bacteroidales; f__Muribaculaceae; g__Muribaculaceae",0.99983699454844
"Feed conversion ratio","476907d91c690f6c20f9899496f35a90",0.537276633363128,0.0388853141534864,"d__Bacteria; p__Bacteroidota; c__Bacteroidia; o__Bacteroidales; f__Tannerellaceae; g__Parabacteroides; s__uncultured_Bacteroidales",0.932130808973396
"Survival rate","3ae143346d0a9308a1f613024a278855",-0.559016994374947,0.0302818727265981,"d__Bacteria; p__Bacteroidota; c__Bacteroidia; o__Bacteroidales; f__Muribaculaceae; g__Muribaculaceae",0.99998927967304
"Survival rate","0c4a34cf026c091ececbff841b9479d0",-0.559016994374947,0.0302818727265981,"d__Bacteria; p__Bacteroidota; c__Bacteroidia; o__Bacteroidales; f__Muribaculaceae; g__Muribaculaceae",0.999653605262073
"Final weight","ec470ea344f6a774596d567806c5b06b",-0.530595449972511,0.041862760259072,"d__Bacteria; p__Bacteroidota; c__Bacteroidia; o__Bacteroidales; f__Muribaculaceae; g__Muribaculaceae; s__uncultured_bacterium",0.866780129316917
"Specific growth rate","ec470ea344f6a774596d567806c5b06b",-0.529167195834127,0.0425206208553597,"d__Bacteria; p__Bacteroidota; c__Bacteroidia; o__Bacteroidales; f__Muribaculaceae; g__Muribaculaceae; s__uncultured_bacterium",0.866780129316917
"Weight gain","ec470ea344f6a774596d567806c5b06b",-0.529167195834127,0.0425206208553597,"d__Bacteria; p__Bacteroidota; c__Bacteroidia; o__Bacteroidales; f__Muribaculaceae; g__Muribaculaceae; s__uncultured_bacterium",0.866780129316917
"Percentage weight gain","ec470ea344f6a774596d567806c5b06b",-0.529167195834127,0.0425206208553597,"d__Bacteria; p__Bacteroidota; c__Bacteroidia; o__Bacteroidales; f__Muribaculaceae; g__Muribaculaceae; s__uncultured_bacterium",0.866780129316917
"Daily weight gain","ec470ea344f6a774596d567806c5b06b",-0.529167195834127,0.0425206208553597,"d__Bacteria; p__Bacteroidota; c__Bacteroidia; o__Bacteroidales; f__Muribaculaceae; g__Muribaculaceae; s__uncultured_bacterium",0.866780129316917
"Survival rate","6a83dbab08fb45d017e8b426c7fe4122",-0.559016994374947,0.0302818727265981,"d__Bacteria; p__Bacteroidota; c__Kapabacteria; o__Kapabacteriales; f__Kapabacteriales; g__Kapabacteriales",0.999994764966825
"Survival rate","fefb4ec3934d39317bb3f6c1a712569d",-0.693621151107261,0.0041314815775304,"d__Bacteria; p__Bacteroidota; c__Bacteroidia; o__Bacteroidales; f__Muribaculaceae; g__Muribaculaceae",0.999894914887076
"Survival rate","83092948c2ec574ba97ae37977effab2",-0.559016994374947,0.0302818727265981,"d__Bacteria; p__Bacteroidota; c__Bacteroidia; o__Bacteroidales; f__Prevotellaceae; g__Prevotellaceae_Ga6A1_group; s__uncultured_bacterium",0.999550255361952
"Survival rate","09581b03e4ff8726988f72a90b1ff7d4",-0.559016994374947,0.0302818727265981,"d__Bacteria; p__Bacteroidota; c__Bacteroidia; o__Bacteroidales; f__Bacteroidaceae; g__Bacteroides; s__Bacteroides_coprocola",0.998832715463663
"Survival rate","795bbe3e2cd33a7408448efb4a9733a1",-0.559016994374947,0.0302818727265981,"d__Bacteria; p__Bacteroidota; c__Bacteroidia; o__Bacteroidales; f__Bacteroidaceae; g__Bacteroides",0.999999971210851
"Survival rate","c6c557e1692171c0a60af23c84a124e9",-0.559016994374947,0.0302818727265981,"d__Bacteria; p__Bacteroidota; c__Bacteroidia; o__Bacteroidales; f__Prevotellaceae; g__Prevotella",0.99257875202594
"Survival rate","4b3ea7a0b457e5b95fc0275422999640",-0.559016994374947,0.0302818727265981,"d__Bacteria; p__Bacteroidota; c__Bacteroidia; o__Bacteroidales; f__Prevotellaceae; g__Prevotella; s__Prevotella_timonensis",0.999997459779266
"Survival rate","1844969224c1088c1ebbcb911da3531f",-0.559016994374947,0.0302818727265981,"d__Bacteria; p__Bacteroidota; c__Bacteroidia; o__Bacteroidales; f__Prevotellaceae; g__Alloprevotella",0.999999973348108
"Survival rate","6fc55d1e375bc340f245463cbc2cd79a",-0.559016994374947,0.0302818727265981,"d__Bacteria; p__Bacteroidota; c__Bacteroidia; o__Bacteroidales; f__Muribaculaceae; g__Muribaculum; s__uncultured_bacterium",0.825725038637323
"Survival rate","2cf9808862b136fbc42eac5d86e646ff",-0.559016994374947,0.0302818727265981,"d__Bacteria; p__Bacteroidota; c__Bacteroidia; o__Bacteroidales; f__Muribaculaceae; g__Muribaculaceae",0.999028131406616
"Survival rate","087cccb19fe7ae26f04b2b0f99e2218e",-0.559016994374947,0.0302818727265981,"d__Bacteria; p__Bacteroidota; c__Bacteroidia; o__Flavobacteriales; f__Flavobacteriaceae; g__Flavobacterium; s__Flavobacterium_flevense",0.962462256556109
"Survival rate","7d52921dd8e50ab795621dd596c25675",-0.559016994374947,0.0302818727265981,"d__Bacteria; p__Chloroflexi; c__Anaerolineae; o__Caldilineales; f__Caldilineaceae; g__Litorilinea; s__uncultured_bacterium",0.999915258927316
"Survival rate","0a0df8282cc29f76aa6f8a7da5728ee3",-0.559016994374947,0.0302818727265981,"d__Bacteria; p__Chloroflexi; c__Anaerolineae; o__SBR1031; f__A4b; g__A4b",0.987928538629214
"Survival rate","0378c47dee7bfbe70b11169ab5da8940",-0.559016994374947,0.0302818727265981,"d__Bacteria; p__Bacteroidota; c__Bacteroidia; o__Bacteroidales; f__Prevotellaceae; g__Prevotella; s__uncultured_Bacteroidetes",0.999973281356575
"Survival rate","ac04a9dec47e3949afdb9ff03e7fdd33",-0.559016994374947,0.0302818727265981,"d__Bacteria; p__Bacteroidota; c__Bacteroidia; o__Bacteroidales; f__Porphyromonadaceae; g__Porphyromonas; s__uncultured_bacterium",0.961307206044702
"Survival rate","df81449cfc27a84584540d63e68c605b",-0.559016994374947,0.0302818727265981,"d__Bacteria; p__Bacteroidota; c__Bacteroidia; o__Bacteroidales; f__Muribaculaceae; g__Muribaculaceae; s__uncultured_bacterium",0.846713701043802
"Survival rate","5878db03d82c5509676bca83f3a73925",-0.559016994374947,0.0302818727265981,"d__Bacteria; p__Bacteroidota; c__Bacteroidia; o__Bacteroidales; f__Muribaculaceae; g__Muribaculaceae",0.999925114490736
"Survival rate","391172d31766cb0ddf872a8e5a5fc166",-0.559016994374947,0.0302818727265981,"d__Bacteria; p__Bacteroidota; c__Bacteroidia; o__Bacteroidales; f__Muribaculaceae; g__Muribaculaceae; s__uncultured_bacterium",0.990033740682571
"Survival rate","34f40a1b722762d63563fa6abcce8bac",-0.559016994374947,0.0302818727265981,"d__Bacteria; p__Bacteroidota; c__Bacteroidia; o__Bacteroidales; f__Muribaculaceae; g__Muribaculaceae; s__uncultured_bacterium",0.963359938537003
"Survival rate","3cb8529a4e16cab28c5b486d85c44f49",-0.559016994374947,0.0302818727265981,"d__Bacteria; p__Bacteroidota; c__Bacteroidia; o__Bacteroidales; f__Muribaculaceae; g__Muribaculaceae; s__uncultured_bacterium",0.971609004063158
"Survival rate","9bf08a265b5d5a9cca01acef4d712b97",-0.559016994374947,0.0302818727265981,"d__Bacteria; p__Bacteroidota; c__Bacteroidia; o__Bacteroidales; f__Muribaculaceae; g__Muribaculaceae",0.999836926339474
"Survival rate","aa0f64172facf0f29c0eefff28e11dc3",-0.559016994374947,0.0302818727265981,"d__Bacteria; p__Bacteroidota; c__Bacteroidia; o__Bacteroidales; f__Muribaculaceae; g__Muribaculaceae; s__uncultured_bacterium",0.937123925991756
"Survival rate","9f4820c1876a4d3ae98339fab471e3c5",-0.559016994374947,0.0302818727265981,"d__Bacteria; p__Bacteroidota; c__Bacteroidia; o__Bacteroidales; f__Muribaculaceae; g__Muribaculaceae; s__uncultured_bacterium",0.986130710160857
"Survival rate","5807ac15915908e2973619fe65d300e4",-0.559016994374947,0.0302818727265981,"d__Bacteria; p__Bacteroidota; c__Bacteroidia; o__Bacteroidales; f__Muribaculaceae; g__Muribaculaceae; s__uncultured_Bacteroidales",0.87464019518178
"Survival rate","cd7fef36aac6f8c602115d6502f7e542",-0.559016994374947,0.0302818727265981,"d__Bacteria; p__Bacteroidota; c__Bacteroidia; o__Bacteroidales; f__Muribaculaceae; g__Muribaculaceae; s__uncultured_bacterium",0.922728169921014
"Survival rate","41eee159d87a3c3c094f79faf16f62d9",-0.559016994374947,0.0302818727265981,"d__Bacteria; p__Bacteroidota; c__Bacteroidia; o__Bacteroidales; f__Muribaculaceae; g__Muribaculaceae; s__uncultured_bacterium",0.956910861588749
"Survival rate","11a3125612faf2c7f2cb6433c261ef60",-0.559016994374947,0.0302818727265981,"d__Bacteria; p__Bacteroidota; c__Bacteroidia; o__Bacteroidales; f__Prevotellaceae; g__Prevotella",0.91981249698299
"Survival rate","0375d85d5f7a84c1c3e747ce587a96d4",-0.559016994374947,0.0302818727265981,"d__Bacteria; p__Bacteroidota; c__Bacteroidia; o__Bacteroidales; f__Tannerellaceae; g__Parabacteroides",0.999961258368153
"Survival rate","f2392e231034fa3a86c520cc6ada31a7",-0.559016994374947,0.0302818727265981,"d__Bacteria; p__Bacteroidota; c__Bacteroidia; o__Bacteroidales; f__Muribaculaceae; g__Muribaculaceae",0.99838712284952
"Survival rate","11bf7c828ed67ea742e93cb4c34f2cfb",-0.559016994374947,0.0302818727265981,"d__Bacteria; p__Bacteroidota; c__Bacteroidia; o__Bacteroidales; f__Muribaculaceae; g__Muribaculaceae; s__uncultured_bacterium",0.899477016593069
"Final weight","89a5ebe0f600f279b1195e4b04a9300a",0.594266903969212,0.0194814883362406,"d__Bacteria; p__Bacteroidota; c__Bacteroidia; o__Bacteroidales; f__Muribaculaceae; g__Muribaculaceae; s__uncultured_bacterium",0.891379831213737
"Specific growth rate","89a5ebe0f600f279b1195e4b04a9300a",0.592667259334222,0.0198959726987491,"d__Bacteria; p__Bacteroidota; c__Bacteroidia; o__Bacteroidales; f__Muribaculaceae; g__Muribaculaceae; s__uncultured_bacterium",0.891379831213737
"Weight gain","89a5ebe0f600f279b1195e4b04a9300a",0.592667259334222,0.0198959726987491,"d__Bacteria; p__Bacteroidota; c__Bacteroidia; o__Bacteroidales; f__Muribaculaceae; g__Muribaculaceae; s__uncultured_bacterium",0.891379831213737
"Percentage weight gain","89a5ebe0f600f279b1195e4b04a9300a",0.592667259334222,0.0198959726987491,"d__Bacteria; p__Bacteroidota; c__Bacteroidia; o__Bacteroidales; f__Muribaculaceae; g__Muribaculaceae; s__uncultured_bacterium",0.891379831213737
"Daily weight gain","89a5ebe0f600f279b1195e4b04a9300a",0.592667259334222,0.0198959726987491,"d__Bacteria; p__Bacteroidota; c__Bacteroidia; o__Bacteroidales; f__Muribaculaceae; g__Muribaculaceae; s__uncultured_bacterium",0.891379831213737
"Survival rate","251f84238d9e03314faafd7aec9d8773",-0.584512205989265,0.0221149307761448,"d__Bacteria; p__Bacteroidota; c__Bacteroidia; o__Bacteroidales; f__Muribaculaceae; g__Muribaculaceae; s__uncultured_bacterium",0.891650133812278
"Survival rate","0347c0430055f0585a0f903f4856ee83",-0.584512205989265,0.0221149307761448,"d__Bacteria; p__Bacteroidota; c__Bacteroidia; o__Bacteroidales; f__Muribaculaceae; g__Muribaculaceae; s__uncultured_bacterium",0.946241666234974
"Survival rate","7f229799b9be358a1e9597fb11f22d5d",-0.559016994374947,0.0302818727265981,"d__Bacteria; p__Bacteroidota; c__Bacteroidia; o__Flavobacteriales; f__Flavobacteriaceae; g__Flavobacterium; s__Flavobacteriia_bacterium",0.952418982952518
"Survival rate","86c073b9e058bce34a998b310be2014c",-0.559016994374947,0.0302818727265981,"d__Bacteria; p__Patescibacteria; c__Saccharimonadia; o__Saccharimonadales; f__Saccharimonadales; g__Saccharimonadales",0.848589529914516
"Survival rate","5183c5424e4896e85bf44664fc623f07",-0.559016994374947,0.0302818727265981,"d__Bacteria; p__Chloroflexi; c__AD3; o__AD3; f__AD3; g__AD3; s__uncultured_bacterium",0.839759204638809
"Survival rate","ebe922435a18f33247f6b65b1772d969",-0.559016994374947,0.0302818727265981,"d__Bacteria; p__Chloroflexi; c__Anaerolineae; o__SBR1031; f__A4b; g__A4b",0.992580409887096
"Survival rate","6e94959e1f78e56b8e3343638e396ed3",-0.559016994374947,0.0302818727265981,"d__Bacteria; p__Bacteroidota; c__Rhodothermia; o__Rhodothermales; f__Rhodothermaceae; g__uncultured; s__uncultured_bacterium",0.93921904473977
"Survival rate","8b144576986d2690dd299da51eb4dd1b",-0.559016994374947,0.0302818727265981,"d__Bacteria; p__Gemmatimonadota; c__AKAU4049; o__AKAU4049; f__AKAU4049; g__AKAU4049",0.999728164003775
"Survival rate","f17185dc937300935f21af604436b71e",-0.693621151107261,0.0041314815775304,"d__Bacteria; p__Acidobacteriota; c__Subgroup_22; o__Subgroup_22; f__Subgroup_22; g__Subgroup_22",0.999875747744711
"Survival rate","4cc93015c232e25faf2d31a13733735d",-0.559016994374947,0.0302818727265981,"d__Bacteria; p__Proteobacteria; c__Alphaproteobacteria; o__Caulobacterales; f__Hyphomonadaceae; g__Maricaulis; s__alpha_proteobacterium",0.927114334132556
"Survival rate","be08f78d8b7d05eb60abb8426ce0ce43",-0.559016994374947,0.0302818727265981,"d__Bacteria; p__WPS-2; c__WPS-2; o__WPS-2; f__WPS-2; g__WPS-2; s__uncultured_bacterium",0.928857152623622
"Final weight","2378282c898acc5af2e44b1afb7ff03a",-0.594266903969212,0.0194814883362406,"d__Bacteria; p__Cyanobacteria; c__Cyanobacteriia; o__Chloroplast; f__Chloroplast; g__Chloroplast; s__Nannochloropsis_gaditana",0.841193269398933
"Specific growth rate","2378282c898acc5af2e44b1afb7ff03a",-0.592667259334222,0.0198959726987491,"d__Bacteria; p__Cyanobacteria; c__Cyanobacteriia; o__Chloroplast; f__Chloroplast; g__Chloroplast; s__Nannochloropsis_gaditana",0.841193269398933
"Weight gain","2378282c898acc5af2e44b1afb7ff03a",-0.592667259334222,0.0198959726987491,"d__Bacteria; p__Cyanobacteria; c__Cyanobacteriia; o__Chloroplast; f__Chloroplast; g__Chloroplast; s__Nannochloropsis_gaditana",0.841193269398933
"Percentage weight gain","2378282c898acc5af2e44b1afb7ff03a",-0.592667259334222,0.0198959726987491,"d__Bacteria; p__Cyanobacteria; c__Cyanobacteriia; o__Chloroplast; f__Chloroplast; g__Chloroplast; s__Nannochloropsis_gaditana",0.841193269398933
"Daily weight gain","2378282c898acc5af2e44b1afb7ff03a",-0.592667259334222,0.0198959726987491,"d__Bacteria; p__Cyanobacteria; c__Cyanobacteriia; o__Chloroplast; f__Chloroplast; g__Chloroplast; s__Nannochloropsis_gaditana",0.841193269398933
"Survival rate","e8f32204049bef075f8548ccc08d4a1e",-0.559016994374947,0.0302818727265981,"d__Bacteria; p__Desulfobacterota; c__Desulfobacteria; o__Desulfobacterales; f__Desulfosarcinaceae; g__Sva0081_sediment_group",0.977719564800759
"Survival rate","c377f6ee382e5369145ec6b9eeaf8b25",-0.559016994374947,0.0302818727265981,"d__Bacteria; p__Chloroflexi; c__Anaerolineae; o__SBR1031; f__A4b; g__A4b; s__uncultured_bacterium",0.847056520335064
"Survival rate","dedb42080a88005b5625dee36749277b",-0.559016994374947,0.0302818727265981,"d__Bacteria; p__Chloroflexi; c__Anaerolineae; o__SBR1031; f__A4b; g__A4b",0.999347593633963
"Survival rate","d1145c5d33b015e136fa16f5bee310c1",-0.559016994374947,0.0302818727265981,"d__Bacteria; p__Chloroflexi; c__Anaerolineae; o__SBR1031; f__A4b; g__A4b",0.987544275489328
"Survival rate","de8135f3a06d3fac5682a61283254272",-0.559016994374947,0.0302818727265981,"d__Bacteria; p__Bacteroidota; c__Bacteroidia; o__Bacteroidales; f__Prevotellaceae; g__Prevotella",0.999988602857998
"Survival rate","3bbb69685ddba9b0fc05678cbef3184f",-0.559016994374947,0.0302818727265981,"d__Bacteria; p__Chloroflexi; c__Ktedonobacteria; o__Ktedonobacterales; f__JG30-KF-AS9; g__JG30-KF-AS9; s__uncultured_bacterium",0.999999716886987
"Survival rate","cf5659cdd14edeb1abdd0b166bdcdc8c",-0.559016994374947,0.0302818727265981,"d__Bacteria; p__Chloroflexi; c__Ktedonobacteria; o__Ktedonobacterales; f__JG30-KF-AS9; g__JG30-KF-AS9; s__uncultured_bacterium",0.99887468952685
"Survival rate","594f8f727dc539b74b714e9e1db525b7",-0.559016994374947,0.0302818727265981,"d__Bacteria; p__Actinobacteriota; c__Actinobacteria; o__Nitriliruptorales; f__Nitriliruptoraceae; g__Nitriliruptoraceae; s__uncultured_Nitriliruptorales",0.999465420612538
"Survival rate","8ff7bbc28eed8a29ffb12ea11d51facc",-0.559016994374947,0.0302818727265981,"d__Bacteria; p__Actinobacteriota; c__Actinobacteria; o__Nitriliruptorales; f__Nitriliruptoraceae; g__Nitriliruptoraceae; s__uncultured_Actinobacteridae",0.925867195266512
"Survival rate","3274d3e66923a05f8206877eb559c5cd",-0.559016994374947,0.0302818727265981,"d__Bacteria; p__Deferribacterota; c__Deferribacteres; o__Deferribacterales; f__Deferribacteraceae; g__Mucispirillum; s__Mucispirillum_schaedleri",0.857910988016264
"Survival rate","b65961dca39fea3a8c0851342c2f2c8a",-0.559016994374947,0.0302818727265981,"d__Bacteria; p__Firmicutes; c__Clostridia; o__Lachnospirales; f__Lachnospiraceae; g__Dorea",0.889777015924131
"Survival rate","0f1c3e419153ccda4f3b052139705c91",-0.559016994374947,0.0302818727265981,"d__Bacteria; p__Firmicutes; c__Clostridia; o__Peptostreptococcales-Tissierellales; f__Peptostreptococcales-Tissierellales; g__Peptoniphilus; s__swine_manure",0.810075849393578
"Survival rate","b05993111f45b3afaffb857aa62bbdd0",-0.559016994374947,0.0302818727265981,"d__Bacteria; p__Bacteroidota; c__Kapabacteria; o__Kapabacteriales; f__Kapabacteriales; g__Kapabacteriales; s__uncultured_bacterium",0.98064100559641
"Survival rate","7e7d710136e0879bd54d0688cf61a039",-0.559016994374947,0.0302818727265981,"d__Bacteria; p__Proteobacteria; c__Gammaproteobacteria; o__Cellvibrionales; f__Spongiibacteraceae; g__BD1-7_clade",0.997957065154407
"Survival rate","035d171db93825b8d821b06d3d66b205",-0.559016994374947,0.0302818727265981,"d__Bacteria; p__Firmicutes; c__Clostridia; o__Peptostreptococcales-Tissierellales; f__Anaerovoracaceae; g__[Eubacterium]_nodatum_group",0.984800577836261
"Survival rate","b3a096f617e34be93d1def2ab124dd8f",-0.559016994374947,0.0302818727265981,"d__Bacteria; p__Firmicutes; c__Clostridia; o__Peptostreptococcales-Tissierellales; f__Peptostreptococcaceae; g__Romboutsia",0.880143946548441
"Survival rate","c80300a2058ec4e89a9a14ce6f35365f",-0.559016994374947,0.0302818727265981,"d__Bacteria; p__Firmicutes; c__Clostridia; o__Clostridiales; f__Clostridiaceae; g__Clostridium_sensu_stricto_12",0.942555754460387
"Survival rate","5e6891caa59e073449ef776f7986fc53",-0.559016994374947,0.0302818727265981,"d__Bacteria; p__Chloroflexi; c__Anaerolineae; o__Anaerolineales; f__Anaerolineaceae; g__uncultured",0.931483287635526
"Survival rate","b08ff9f8531723def8d979e447c2fa96",-0.559016994374947,0.0302818727265981,"d__Bacteria; p__Proteobacteria; c__Gammaproteobacteria; o__Oceanospirillales; f__Endozoicomonadaceae; g__Endozoicomonas; s__Endozoicomonas_acroporae",0.968253335288406
"Survival rate","25fcf503f5ed764b324a77fc889c46f6",-0.559016994374947,0.0302818727265981,"d__Bacteria; p__Actinobacteriota; c__Actinobacteria; o__Micrococcales; f__Promicromonosporaceae; g__Promicromonospora",0.967088624530788
"Survival rate","3ca2517a87771afc59c9f968f9506362",-0.559016994374947,0.0302818727265981,"d__Bacteria; p__Firmicutes; c__Clostridia; o__Lachnospirales; f__Lachnospiraceae; g__Agathobacter",0.940113128996282
"Survival rate","a0f14f9ede4543c0dcf38125f71365cf",-0.559016994374947,0.0302818727265981,"d__Bacteria; p__Actinobacteriota; c__Actinobacteria; o__Micrococcales; f__Micrococcaceae; g__Kocuria",0.9896738129088
"Feed conversion ratio","6c3a865f7addfbf8a77692aebbb9afc9",-0.549350265573536,0.0339088826989764,"d__Bacteria; p__Actinobacteriota; c__Actinobacteria; o__Streptomycetales; f__Streptomycetaceae; g__Streptomyces",0.999758774551907
"Survival rate","c6858b936dbbc6f49a9992ec91e2e20e",-0.559016994374947,0.0302818727265981,"d__Bacteria; p__Actinobacteriota; c__Actinobacteria; o__Streptomycetales; f__Streptomycetaceae; g__Streptomyces",0.999750692814868
"Survival rate","efd7fc92cd8b3fdf5f97f9a999d62632",-0.559016994374947,0.0302818727265981,"d__Bacteria; p__Actinobacteriota; c__Actinobacteria; o__Streptomycetales; f__Streptomycetaceae; g__Streptomyces",0.981981656701204
"Survival rate","8851987faaa8359bfd1c420eeddd7597",-0.559016994374947,0.0302818727265981,"d__Bacteria; p__Actinobacteriota; c__Actinobacteria; o__Micrococcales; f__Dermabacteraceae; g__Brachybacterium",0.999825708176349
"Survival rate","a1d2d346f9685f2dfc894c679f660979",-0.559016994374947,0.0302818727265981,"d__Bacteria; p__Actinobacteriota; c__Actinobacteria; o__Corynebacteriales; f__Dietziaceae; g__Dietzia",0.999723046560703
"Survival rate","364d073c954829c09e2895b9e21385f1",-0.559016994374947,0.0302818727265981,"d__Bacteria; p__Firmicutes; c__Clostridia; o__Oscillospirales; f__Ruminococcaceae; g__Subdoligranulum",0.975936534778646
"Final weight","fb6be3138a0f6df917dca733345cc2be",0.588202955969527,0.0210884709753865,"d__Bacteria; p__Actinobacteriota; c__Actinobacteria; o__Streptomycetales; f__Streptomycetaceae; g__Streptomyces",0.98388679484008
"Specific growth rate","fb6be3138a0f6df917dca733345cc2be",0.586619634238975,0.0215242612422428,"d__Bacteria; p__Actinobacteriota; c__Actinobacteria; o__Streptomycetales; f__Streptomycetaceae; g__Streptomyces",0.98388679484008
"Weight gain","fb6be3138a0f6df917dca733345cc2be",0.586619634238975,0.0215242612422428,"d__Bacteria; p__Actinobacteriota; c__Actinobacteria; o__Streptomycetales; f__Streptomycetaceae; g__Streptomyces",0.98388679484008
"Percentage weight gain","fb6be3138a0f6df917dca733345cc2be",0.586619634238975,0.0215242612422428,"d__Bacteria; p__Actinobacteriota; c__Actinobacteria; o__Streptomycetales; f__Streptomycetaceae; g__Streptomyces",0.98388679484008
"Daily weight gain","fb6be3138a0f6df917dca733345cc2be",0.586619634238975,0.0215242612422428,"d__Bacteria; p__Actinobacteriota; c__Actinobacteria; o__Streptomycetales; f__Streptomycetaceae; g__Streptomyces",0.98388679484008
"Survival rate","57151080ff26d5a496a3587404e21790",-0.559016994374947,0.0302818727265981,"d__Bacteria; p__Actinobacteriota; c__Actinobacteria; o__Streptomycetales; f__Streptomycetaceae; g__Streptomyces",0.984482758443655
"Feed conversion ratio","24034a8cc90f0328d2a27ba98b1121c6",-0.580457043842898,0.0232862091196289,"d__Bacteria; p__Proteobacteria; c__Gammaproteobacteria; o__Enterobacterales; f__Enterobacteriaceae; g__Escherichia-Shigella",0.931703487532226
"Survival rate","f1df034e76ad5a83af9de07e68e3088f",-0.559016994374947,0.0302818727265981,"d__Bacteria; p__Actinobacteriota; c__Actinobacteria; o__Kineosporiales; f__Kineosporiaceae; g__Kineococcus",0.999895629696872
"Survival rate","6663ac33301d6c18b9e4dacd1781b73d",-0.559016994374947,0.0302818727265981,"d__Bacteria; p__Actinobacteriota; c__Actinobacteria; o__Micrococcales; f__Micrococcaceae; g__Rothia",0.999975401603965
"Survival rate","e36b558aba13dbc1baf266aac6ba551b",-0.584512205989265,0.0221149307761448,"d__Bacteria; p__Actinobacteriota; c__Actinobacteria; o__Corynebacteriales; f__Nocardiaceae; g__Rhodococcus",0.998867043662566
"Survival rate","6aad5a794ae02f67ed322bc484c7b35a",-0.559016994374947,0.0302818727265981,"d__Bacteria; p__Actinobacteriota; c__Actinobacteria; o__Corynebacteriales; f__Mycobacteriaceae; g__Mycobacterium",0.997069662935186
"Survival rate","754aa9b5032c6b62f8867294ea4a7ed8",-0.559016994374947,0.0302818727265981,"d__Bacteria; p__Actinobacteriota; c__Actinobacteria; o__Bifidobacteriales; f__Bifidobacteriaceae; g__Bifidobacterium",0.999916177905864
"Survival rate","dd7d5562972470a31d3fb760e1008510",-0.559016994374947,0.0302818727265981,"d__Bacteria; p__Actinobacteriota; c__Actinobacteria; o__Corynebacteriales; f__Mycobacteriaceae; g__Mycobacterium",0.999092510635534
"Survival rate","c198726413969d77dc86475bb3998f7c",-0.559016994374947,0.0302818727265981,"d__Bacteria; p__Actinobacteriota; c__Actinobacteria; o__Corynebacteriales; f__Corynebacteriaceae; g__Corynebacterium",0.900025724125306
"Feed conversion ratio","c1830172777d2334b6f8df3823cc64d7",0.549350265573536,0.0339088826989764,"d__Bacteria; p__Actinobacteriota; c__Actinobacteria; o__Propionibacteriales; f__Nocardioidaceae; g__Kribbella",0.999798389550984
"Survival rate","0adfe90bebde65a332fe91a5ff474f78",-0.559016994374947,0.0302818727265981,"d__Bacteria; p__Actinobacteriota; c__Actinobacteria; o__Propionibacteriales; f__Nocardioidaceae; g__Kribbella",0.999558380972252
"Survival rate","8672a035f26e926935d6f7ce5629ea05",-0.559016994374947,0.0302818727265981,"d__Bacteria; p__Actinobacteriota; c__Actinobacteria; o__Corynebacteriales; f__Corynebacteriaceae; g__Lawsonella",0.999997392969314
"Specific growth rate","134b5dc5eacbf0c66c061f09530cf4cc",0.514048003262908,0.0499631851059101,"d__Bacteria; p__Actinobacteriota; c__Actinobacteria; o__Propionibacteriales; f__Nocardioidaceae; g__Nocardioides",0.891876933202035
"Percentage weight gain","134b5dc5eacbf0c66c061f09530cf4cc",0.514048003262908,0.0499631851059101,"d__Bacteria; p__Actinobacteriota; c__Actinobacteria; o__Propionibacteriales; f__Nocardioidaceae; g__Nocardioides",0.891876933202035
"Survival rate","cfc747362a1a79e4e4cb531828c2a740",-0.559016994374947,0.0302818727265981,"d__Bacteria; p__Actinobacteriota; c__Actinobacteria; o__Micrococcales; f__Micrococcaceae; g__Kocuria",0.923176889024343
"Survival rate","5e4531c4c382f648d1adcd262f217f50",-0.559016994374947,0.0302818727265981,"d__Bacteria; p__Firmicutes; c__Clostridia; o__Clostridiales; f__Clostridiaceae; g__Candidatus_Arthromitus",0.999999935870844
"Survival rate","3e77d3b5892f12338a64d8bd2055ccb1",-0.559016994374947,0.0302818727265981,"d__Bacteria; p__Firmicutes; c__Clostridia; o__Lachnospirales; f__Lachnospiraceae; g__[Eubacterium]_hallii_group",0.999921901950456
"Survival rate","63f4a608d19410e383e1289dddf4f71b",-0.559016994374947,0.0302818727265981,"d__Bacteria; p__Firmicutes; c__Clostridia; o__Clostridiales; f__Clostridiaceae; g__Clostridium_sensu_stricto_12",0.958510214777937
"Survival rate","eb46809b100f5c9278c2be9afe07664f",-0.559016994374947,0.0302818727265981,"d__Bacteria; p__Firmicutes; c__Clostridia; o__Clostridiales; f__Clostridiaceae; g__Clostridium_sensu_stricto_1",0.999606793526498
"Survival rate","c16c45ba4c9f4d608c9a89c30704445c",-0.559016994374947,0.0302818727265981,"d__Bacteria; p__Firmicutes; c__Clostridia; o__Clostridiales; f__Clostridiaceae; g__Clostridium_sensu_stricto_1",0.99890467588323
"Survival rate","3afbe687b07c15a9b23dec14f2f634de",-0.559016994374947,0.0302818727265981,"d__Bacteria; p__Actinobacteriota; c__Actinobacteria; o__Micrococcales; f__Brevibacteriaceae; g__Brevibacterium",0.999998259997355
"Survival rate","24e2ac0de16aa8230c8b2abb5a347f55",-0.559016994374947,0.0302818727265981,"d__Bacteria; p__Firmicutes; c__Clostridia; o__Lachnospirales; f__Lachnospiraceae; g__Blautia",0.993511009951125
"Survival rate","ba81e028367a7d7d79da1a4670291a2b",-0.559016994374947,0.0302818727265981,"d__Bacteria; p__Firmicutes; c__Clostridia; o__Lachnospirales; f__Lachnospiraceae; g__Coprococcus",0.882421755493815
"Survival rate","b56892d744334019cfd4698a7119ab25",-0.559016994374947,0.0302818727265981,"d__Bacteria; p__Firmicutes; c__Clostridia; o__Oscillospirales; f__Ruminococcaceae; g__Faecalibacterium",0.999929291297019
"Survival rate","1400731aee38afa246720740d3ae921b",-0.559016994374947,0.0302818727265981,"d__Bacteria; p__Proteobacteria; c__Gammaproteobacteria; o__Alteromonadales; f__Alteromonadaceae; g__Glaciecola; s__uncultured_bacterium",0.881864319625415
"Survival rate","15853456cbda3dd9e769ba00ae4a0803",-0.559016994374947,0.0302818727265981,"d__Bacteria; p__Gemmatimonadota; c__Gemmatimonadetes; o__Gemmatimonadales; f__Gemmatimonadaceae; g__uncultured",0.99998995186885
"Survival rate","77a5797deed19f6e6b7dc0bbf424d215",-0.559016994374947,0.0302818727265981,"d__Bacteria; p__Gemmatimonadota; c__Gemmatimonadetes; o__Gemmatimonadales; f__Gemmatimonadaceae; g__uncultured",0.912726688050881
"Survival rate","a92dfd61921d63d1449b4838759b8e61",-0.559016994374947,0.0302818727265981,"d__Bacteria; p__Myxococcota; c__Polyangia; o__VHS-B3-70; f__VHS-B3-70; g__VHS-B3-70; s__uncultured_bacterium",0.993546172898192
"Survival rate","52d82add4f305128147a2d37ff50668d",-0.559016994374947,0.0302818727265981,"d__Bacteria; p__Planctomycetota; c__Planctomycetes; o__Gemmatales; f__Gemmataceae; g__uncultured",0.993080092906884
"Survival rate","d3f9f555093aba04050cf72f23e7ed04",-0.559016994374947,0.0302818727265981,"d__Bacteria; p__Actinobacteriota; c__Actinobacteria; o__Frankiales; f__uncultured; g__uncultured",0.948089209227391
"Final weight","7b0af2101ed591e13b91b02053a38e20",-0.594266903969212,0.0194814883362406,"d__Bacteria; p__Desulfobacterota; c__Desulfovibrionia; o__Desulfovibrionales; f__Desulfovibrionaceae; g__uncultured; s__uncultured_bacterium",0.998873756640173
"Specific growth rate","7b0af2101ed591e13b91b02053a38e20",-0.592667259334222,0.0198959726987491,"d__Bacteria; p__Desulfobacterota; c__Desulfovibrionia; o__Desulfovibrionales; f__Desulfovibrionaceae; g__uncultured; s__uncultured_bacterium",0.998873756640173
"Weight gain","7b0af2101ed591e13b91b02053a38e20",-0.592667259334222,0.0198959726987491,"d__Bacteria; p__Desulfobacterota; c__Desulfovibrionia; o__Desulfovibrionales; f__Desulfovibrionaceae; g__uncultured; s__uncultured_bacterium",0.998873756640173
"Percentage weight gain","7b0af2101ed591e13b91b02053a38e20",-0.592667259334222,0.0198959726987491,"d__Bacteria; p__Desulfobacterota; c__Desulfovibrionia; o__Desulfovibrionales; f__Desulfovibrionaceae; g__uncultured; s__uncultured_bacterium",0.998873756640173
"Daily weight gain","7b0af2101ed591e13b91b02053a38e20",-0.592667259334222,0.0198959726987491,"d__Bacteria; p__Desulfobacterota; c__Desulfovibrionia; o__Desulfovibrionales; f__Desulfovibrionaceae; g__uncultured; s__uncultured_bacterium",0.998873756640173
"Survival rate","b368f9f7ae3c201c5297eebb1d77f5a3",-0.559016994374947,0.0302818727265981,"d__Bacteria; p__Desulfobacterota; c__Desulfovibrionia; o__Desulfovibrionales; f__Desulfovibrionaceae; g__uncultured; s__uncultured_bacterium",0.999707515461548
"Survival rate","fa387c9ffed9a4cf6789b8c516cd55c1",-0.559016994374947,0.0302818727265981,"d__Bacteria; p__Gemmatimonadota; c__Gemmatimonadetes; o__Gemmatimonadales; f__Gemmatimonadaceae; g__uncultured",0.999196105758861
"Survival rate","30c10e1c6658328c1d79bf2ee51724ee",-0.559016994374947,0.0302818727265981,"d__Bacteria; p__Dependentiae; c__Babeliae; o__Babeliales; f__Vermiphilaceae; g__Vermiphilaceae",0.999350575564526
"Survival rate","5b4536e9e29ad3ebf4cab096beb4f7b0",-0.559016994374947,0.0302818727265981,"d__Bacteria; p__Synergistota; c__Synergistia; o__Synergistales; f__Synergistaceae; g__Cloacibacillus; s__Cloacibacillus_evryensis",0.972713652074245
"Survival rate","db725d9dbab2bd8459ae4b4a39f7f352",-0.559016994374947,0.0302818727265981,"d__Bacteria; p__Gemmatimonadota; c__Gemmatimonadetes; o__Gemmatimonadales; f__Gemmatimonadaceae; g__uncultured",0.999930475789234
"Survival rate","21b4da425381fd690e98778da2e6bf5b",-0.559016994374947,0.0302818727265981,"d__Bacteria; p__Gemmatimonadota; c__Gemmatimonadetes; o__Gemmatimonadales; f__Gemmatimonadaceae; g__uncultured",0.999979431229532
"Survival rate","87ecdbebad23ddfd4b4a8c8cef035306",-0.559016994374947,0.0302818727265981,"d__Bacteria; p__Gemmatimonadota; c__Gemmatimonadetes; o__Gemmatimonadales; f__Gemmatimonadaceae; g__uncultured; s__uncultured_proteobacterium",0.850674440602868
"Survival rate","93a95ea3ab1870d1ab22db8ccfc02ef9",-0.559016994374947,0.0302818727265981,"d__Bacteria; p__Actinobacteriota; c__Actinobacteria; o__Streptomycetales; f__Streptomycetaceae; g__Streptomyces",0.865898528116714
"Survival rate","ebe0e5954adce24d0c7295123d25b955",-0.559016994374947,0.0302818727265981,"d__Bacteria; p__Actinobacteriota; c__Actinobacteria; o__Pseudonocardiales; f__Pseudonocardiaceae; g__Pseudonocardia",0.998139754860151
"Survival rate","5c969e42bd4a31fae0a8839a4f4b002e",-0.559016994374947,0.0302818727265981,"d__Bacteria; p__Firmicutes; c__Clostridia; o__Clostridiales; f__Clostridiaceae; g__Clostridium_sensu_stricto_13",0.995569046772455
"Survival rate","48147a58065bf6c7b9026863e40bea73",-0.559016994374947,0.0302818727265981,"d__Bacteria; p__Firmicutes; c__Clostridia; o__Oscillospirales; f__Butyricicoccaceae; g__Butyricicoccus; s__bacterium_NLAE-zl-H60",0.925487156827717
"Survival rate","d3abc0ba00d0604eb0b1ba7c9023dc95",-0.559016994374947,0.0302818727265981,"d__Bacteria; p__Proteobacteria; c__Gammaproteobacteria; o__Oceanospirillales; f__Halomonadaceae; g__Halomonas",0.951740698422779
"Survival rate","145700439ec88830b83432fa61eff7b9",-0.559016994374947,0.0302818727265981,"d__Bacteria; p__Armatimonadota; c__Chthonomonadetes; o__Chthonomonadales; f__Chthonomonadales; g__Chthonomonadales; s__uncultured_bacterium",0.984823038118069
"Survival rate","73235d32f870aca30c4d67733b5e2490",-0.559016994374947,0.0302818727265981,"d__Bacteria; p__Proteobacteria; c__Alphaproteobacteria; o__Defluviicoccales; f__Defluviicoccaceae; g__Defluviicoccus; s__uncultured_Defluviicoccus",0.822573023213607
"Survival rate","f4f3e4f1926b110fc3dd517dd3074d62",-0.559016994374947,0.0302818727265981,"d__Bacteria; p__Proteobacteria; c__Alphaproteobacteria; o__Sphingomonadales; f__Sphingomonadaceae; g__Sphingomonas",0.886731179359111
"Survival rate","5c236d77a966d6ead4802af31fb1966d",-0.559016994374947,0.0302818727265981,"d__Bacteria; p__Proteobacteria; c__Alphaproteobacteria; o__Dongiales; f__Dongiaceae; g__Dongia",0.999410531781114
"Survival rate","4cc9b03350d6b2530e18e3fb4ec5e58b",-0.559016994374947,0.0302818727265981,"d__Bacteria; p__Proteobacteria; c__Alphaproteobacteria; o__Kiloniellales; f__Fodinicurvataceae; g__uncultured; s__uncultured_Alphaproteobacteria",0.957903400697932
"Survival rate","4b168f629b7ea15fa9d51db1ff60c75b",-0.559016994374947,0.0302818727265981,"d__Bacteria; p__Proteobacteria; c__Alphaproteobacteria; o__Rhodospirillales; f__Rhodospirillaceae; g__uncultured; s__uncultured_bacterium",0.813727127179482
"Survival rate","39df9e27471e9444dbb14941a4218be0",-0.559016994374947,0.0302818727265981,"d__Bacteria; p__Proteobacteria; c__Gammaproteobacteria; o__Cellvibrionales; f__Cellvibrionaceae; g__Cellvibrio; s__uncultured_bacterium",0.843901065727745
"Survival rate","87488b3776307cdcdb6bd8d7e8da8a6d",-0.559016994374947,0.0302818727265981,"d__Bacteria; p__Proteobacteria; c__Gammaproteobacteria; o__Pseudomonadales; f__Pseudomonadaceae; g__Pseudomonas",0.999373761690601
"Survival rate","1952c56598252602e910e67d8af2c444",-0.559016994374947,0.0302818727265981,"d__Bacteria; p__Proteobacteria; c__Gammaproteobacteria; o__Pseudomonadales; f__Pseudomonadaceae; g__Pseudomonas",0.9999235310908
"Survival rate","075a4af6f9dc20553540e420a0f8dcda",-0.559016994374947,0.0302818727265981,"d__Bacteria; p__Proteobacteria; c__Gammaproteobacteria; o__PLTA13; f__PLTA13; g__PLTA13",0.999997086122328
"Survival rate","96dc51bc5e5b7c6dc5df84ad65f5aba5",-0.559016994374947,0.0302818727265981,"d__Bacteria; p__Proteobacteria; c__Gammaproteobacteria; o__Steroidobacterales; f__Steroidobacteraceae; g__Steroidobacter",0.825640252211765
"Survival rate","c5246d8805271dde7b323ebc923b088e",-0.559016994374947,0.0302818727265981,"d__Bacteria; p__Chloroflexi; c__Anaerolineae; o__SBR1031; f__A4b; g__A4b; s__uncultured_bacterium",0.807072235504267
"Survival rate","33ab9aa0398ff4f7fb254b4a5a9dd7c0",-0.559016994374947,0.0302818727265981,"d__Bacteria; p__Acidobacteriota; c__AT-s3-28; o__AT-s3-28; f__AT-s3-28; g__AT-s3-28; s__uncultured_bacterium",0.98028060825343
"Survival rate","d987c07a90dd02cff5db4ad2c14b2a04",-0.559016994374947,0.0302818727265981,"d__Bacteria; p__Proteobacteria; c__Alphaproteobacteria; o__Sphingomonadales; f__Sphingomonadaceae; g__Sphingomonas",0.995896668622929
"Survival rate","1662c7280b9c44fdd371c8466ffe6684",-0.559016994374947,0.0302818727265981,"d__Bacteria; p__Proteobacteria; c__Alphaproteobacteria; o__Azospirillales; f__uncultured; g__uncultured; s__uncultured_bacterium",0.867962817639882
"Survival rate","9ba9ce311540cc95e49be362d769276c",-0.559016994374947,0.0302818727265981,"d__Bacteria; p__Proteobacteria; c__Alphaproteobacteria; o__Acetobacterales; f__Acetobacteraceae; g__Acidiphilium",0.88555661728458
"Survival rate","1f3569c2b481b61c30dabbc0c6836705",-0.559016994374947,0.0302818727265981,"d__Bacteria; p__Proteobacteria; c__Alphaproteobacteria; o__Acetobacterales; f__Acetobacteraceae; g__Roseomonas",0.884345218164759
"Survival rate","93f30af5fd9330b9fbb647ab167067d4",-0.559016994374947,0.0302818727265981,"d__Bacteria; p__Proteobacteria; c__Gammaproteobacteria; o__Steroidobacterales; f__Woeseiaceae; g__JTB255_marine_benthic_group",0.999147835333644
"Survival rate","c6798b43ea553b4fa6601587d48bc78b",-0.559016994374947,0.0302818727265981,"d__Bacteria; p__Proteobacteria; c__Gammaproteobacteria; o__Run-SP154; f__Run-SP154; g__Run-SP154",0.925142498140647
"Survival rate","05f4c0a3197d45716d50b40af490aaf3",-0.559016994374947,0.0302818727265981,"d__Bacteria; p__Proteobacteria; c__Gammaproteobacteria; o__EPR3968-O8a-Bc78; f__EPR3968-O8a-Bc78; g__EPR3968-O8a-Bc78; s__uncultured_bacterium",0.894030384145524
"Survival rate","41aea44a967f999cf1d0ef51f432089f",-0.559016994374947,0.0302818727265981,"d__Bacteria; p__Proteobacteria; c__Gammaproteobacteria; o__Run-SP154; f__Run-SP154; g__Run-SP154; s__metagenome",0.851156667270657
"Survival rate","73fd086ebe76fe6bf12ccaad3191a741",-0.559016994374947,0.0302818727265981,"d__Bacteria; p__Proteobacteria; c__Gammaproteobacteria; o__HOC36; f__HOC36; g__HOC36; s__uncultured_bacterium",0.984066151251098
"Survival rate","e77009045af062bd8e09d8e067d0821c",-0.559016994374947,0.0302818727265981,"d__Bacteria; p__Proteobacteria; c__Gammaproteobacteria; o__Xanthomonadales; f__Rhodanobacteraceae; g__Dyella",0.96577541259076
"Survival rate","92e0fca6df8a32f50c1466a55158e9ae",-0.559016994374947,0.0302818727265981,"d__Bacteria; p__Proteobacteria; c__Gammaproteobacteria; o__Xanthomonadales; f__Rhodanobacteraceae; g__Mizugakiibacter; s__Mizugakiibacter_sediminis",0.875338429730875
"Survival rate","de9a5b48b375e72f306eec0a1fe68629",-0.559016994374947,0.0302818727265981,"d__Bacteria; p__Proteobacteria; c__Gammaproteobacteria; o__Salinisphaerales; f__Solimonadaceae; g__Polycyclovorans; s__uncultured_Xanthomonadaceae",0.827250601794227
"Survival rate","ee5c30c0bc27bac28a1246b9e7886a64",-0.559016994374947,0.0302818727265981,"d__Bacteria; p__Myxococcota; c__Polyangia; o__Haliangiales; f__Haliangiaceae; g__Haliangium",0.999970194548446
"Survival rate","c1aecaec6bb102e72d6e648a038e7eb9",-0.559016994374947,0.0302818727265981,"d__Bacteria; p__Proteobacteria; c__Gammaproteobacteria; o__Xanthomonadales; f__Xanthomonadaceae; g__Stenotrophomonas; s__Stenotrophomonas_rhizophila",0.831088130167694
"Survival rate","0a7079f8f74ea1fade453e0dcbbd3569",-0.559016994374947,0.0302818727265981,"d__Bacteria; p__Proteobacteria; c__Gammaproteobacteria; o__Xanthomonadales; f__Xanthomonadaceae; g__Pseudoxanthomonas",0.987443549617138
"Survival rate","30c166109c579eb3734e7b070627d683",-0.559016994374947,0.0302818727265981,"d__Bacteria; p__Proteobacteria; c__Gammaproteobacteria; o__Xanthomonadales; f__Xanthomonadaceae; g__Stenotrophomonas",0.999649087182959
"Final weight","b42df8c048e1eef843e6f75fbbc41fcc",0.551819267971412,0.0329530478753781,"d__Bacteria; p__Proteobacteria; c__Gammaproteobacteria; o__Xanthomonadales; f__Xanthomonadaceae; g__Stenotrophomonas",0.999574848677742
"Specific growth rate","b42df8c048e1eef843e6f75fbbc41fcc",0.550333883667492,0.0335256316781689,"d__Bacteria; p__Proteobacteria; c__Gammaproteobacteria; o__Xanthomonadales; f__Xanthomonadaceae; g__Stenotrophomonas",0.999574848677742
"Weight gain","b42df8c048e1eef843e6f75fbbc41fcc",0.550333883667492,0.0335256316781689,"d__Bacteria; p__Proteobacteria; c__Gammaproteobacteria; o__Xanthomonadales; f__Xanthomonadaceae; g__Stenotrophomonas",0.999574848677742
"Percentage weight gain","b42df8c048e1eef843e6f75fbbc41fcc",0.550333883667492,0.0335256316781689,"d__Bacteria; p__Proteobacteria; c__Gammaproteobacteria; o__Xanthomonadales; f__Xanthomonadaceae; g__Stenotrophomonas",0.999574848677742
"Daily weight gain","b42df8c048e1eef843e6f75fbbc41fcc",0.550333883667492,0.0335256316781689,"d__Bacteria; p__Proteobacteria; c__Gammaproteobacteria; o__Xanthomonadales; f__Xanthomonadaceae; g__Stenotrophomonas",0.999574848677742
"Final weight","9829360fd3ba454d7c470640bcb7077e",0.53969137197204,0.0378490244287399,"d__Bacteria; p__Proteobacteria; c__Gammaproteobacteria; o__Xanthomonadales; f__Xanthomonadaceae; g__Pseudoxanthomonas",0.9979762525887
"Specific growth rate","9829360fd3ba454d7c470640bcb7077e",0.538238633476998,0.0384699672946622,"d__Bacteria; p__Proteobacteria; c__Gammaproteobacteria; o__Xanthomonadales; f__Xanthomonadaceae; g__Pseudoxanthomonas",0.9979762525887
"Weight gain","9829360fd3ba454d7c470640bcb7077e",0.538238633476998,0.0384699672946622,"d__Bacteria; p__Proteobacteria; c__Gammaproteobacteria; o__Xanthomonadales; f__Xanthomonadaceae; g__Pseudoxanthomonas",0.9979762525887
"Percentage weight gain","9829360fd3ba454d7c470640bcb7077e",0.538238633476998,0.0384699672946622,"d__Bacteria; p__Proteobacteria; c__Gammaproteobacteria; o__Xanthomonadales; f__Xanthomonadaceae; g__Pseudoxanthomonas",0.9979762525887
"Daily weight gain","9829360fd3ba454d7c470640bcb7077e",0.538238633476998,0.0384699672946622,"d__Bacteria; p__Proteobacteria; c__Gammaproteobacteria; o__Xanthomonadales; f__Xanthomonadaceae; g__Pseudoxanthomonas",0.9979762525887
"Final weight","89c16ee85b28bb1b37fb9e9fe2741593",0.551819267971412,0.0329530478753781,"d__Bacteria; p__Proteobacteria; c__Gammaproteobacteria; o__Xanthomonadales; f__Xanthomonadaceae; g__Pseudoxanthomonas",0.999076186176642
"Specific growth rate","89c16ee85b28bb1b37fb9e9fe2741593",0.550333883667492,0.0335256316781689,"d__Bacteria; p__Proteobacteria; c__Gammaproteobacteria; o__Xanthomonadales; f__Xanthomonadaceae; g__Pseudoxanthomonas",0.999076186176642
"Weight gain","89c16ee85b28bb1b37fb9e9fe2741593",0.550333883667492,0.0335256316781689,"d__Bacteria; p__Proteobacteria; c__Gammaproteobacteria; o__Xanthomonadales; f__Xanthomonadaceae; g__Pseudoxanthomonas",0.999076186176642
"Percentage weight gain","89c16ee85b28bb1b37fb9e9fe2741593",0.550333883667492,0.0335256316781689,"d__Bacteria; p__Proteobacteria; c__Gammaproteobacteria; o__Xanthomonadales; f__Xanthomonadaceae; g__Pseudoxanthomonas",0.999076186176642
"Daily weight gain","89c16ee85b28bb1b37fb9e9fe2741593",0.550333883667492,0.0335256316781689,"d__Bacteria; p__Proteobacteria; c__Gammaproteobacteria; o__Xanthomonadales; f__Xanthomonadaceae; g__Pseudoxanthomonas",0.999076186176642
"Survival rate","5599298a9a8858251fea629e15d64715",-0.559016994374947,0.0302818727265981,"d__Bacteria; p__Proteobacteria; c__Gammaproteobacteria; o__Xanthomonadales; f__Xanthomonadaceae; g__Pseudoxanthomonas",0.997888365924972
"Survival rate","d1c383346effda869936af47915aa91a",-0.559016994374947,0.0302818727265981,"d__Bacteria; p__Proteobacteria; c__Alphaproteobacteria; o__Rhizobiales; f__Rhizobiaceae; g__Allorhizobium-Neorhizobium-Pararhizobium-Rhizobium",0.884470354814349
"Survival rate","998b327e9984659a66aae67e8483e448",-0.559016994374947,0.0302818727265981,"d__Bacteria; p__Proteobacteria; c__Alphaproteobacteria; o__Rhizobiales; f__Beijerinckiaceae; g__Microvirga",0.982613625779093
"Survival rate","eba0e51892ca83e16a0adb539ec70a2b",-0.584512205989265,0.0221149307761448,"d__Bacteria; p__Proteobacteria; c__Alphaproteobacteria; o__Rhizobiales; f__Rhizobiaceae; g__Lentilitoribacter",0.975922840892455
"Survival rate","16264e1d659693cab5a02b0d90f8e2fc",-0.559016994374947,0.0302818727265981,"d__Bacteria; p__Proteobacteria; c__Alphaproteobacteria; o__Rhizobiales; f__Rhizobiaceae; g__Allorhizobium-Neorhizobium-Pararhizobium-Rhizobium",0.991944395546517
"Survival rate","42304c7cab607a5ac20a314476536c85",-0.559016994374947,0.0302818727265981,"d__Bacteria; p__Proteobacteria; c__Alphaproteobacteria; o__Sphingomonadales; f__Sphingomonadaceae; g__Sphingopyxis",0.874827446964655
"Survival rate","713f756052f34b79b8fe95dfb72f1e74",-0.559016994374947,0.0302818727265981,"d__Bacteria; p__Proteobacteria; c__Alphaproteobacteria; o__Rhizobiales; f__Beijerinckiaceae; g__Bosea",0.999760373147276
"Survival rate","719ec21954c679f94870540f1509d9a4",-0.559016994374947,0.0302818727265981,"d__Bacteria; p__Proteobacteria; c__Alphaproteobacteria; o__Rhizobiales; f__Labraceae; g__Labrys",0.998416717453232
"Survival rate","e18d5cd0d743e7085af97fb322081f37",-0.559016994374947,0.0302818727265981,"d__Bacteria; p__Proteobacteria; c__Alphaproteobacteria; o__Rhizobiales; f__Xanthobacteraceae; g__Pseudolabrys",0.987825485699103
"Feed conversion ratio","a9577265508f4b5160774b46c258821c",-0.527101635791221,0.0434855558891476,"d__Bacteria; p__Proteobacteria; c__Alphaproteobacteria; o__Rhizobiales; f__Xanthobacteraceae; g__uncultured",0.865847415871156
"Specific growth rate","8316dee3afbb1a0705db539e2420ea70",0.560187312427969,0.0298634668198583,"d__Bacteria; p__Proteobacteria; c__Gammaproteobacteria; o__Pseudomonadales; f__Moraxellaceae; g__Acinetobacter",0.999997761099793
"Percentage weight gain","8316dee3afbb1a0705db539e2420ea70",0.560187312427969,0.0298634668198583,"d__Bacteria; p__Proteobacteria; c__Gammaproteobacteria; o__Pseudomonadales; f__Moraxellaceae; g__Acinetobacter",0.999997761099793
"Feed conversion ratio","6be8f5847283d8b696d0291acf3258b8",0.549350265573536,0.0339088826989764,"d__Bacteria; p__Proteobacteria; c__Gammaproteobacteria; o__Pseudomonadales; f__Moraxellaceae; g__Acinetobacter",0.999997112770925
"Survival rate","785b1234686f3147ea510eda02ba7e25",-0.559016994374947,0.0302818727265981,"d__Bacteria; p__Proteobacteria; c__Gammaproteobacteria; o__Xanthomonadales; f__Xanthomonadaceae; g__Lysobacter",0.9927116467636
"Survival rate","a55860e73093e5b872f689376b91c8a1",-0.559016994374947,0.0302818727265981,"d__Bacteria; p__Proteobacteria; c__Gammaproteobacteria; o__Xanthomonadales; f__Xanthomonadaceae; g__Lysobacter",0.990578150760205
"Survival rate","d1bca56c9f885cbcfcefdd319f037be3",-0.559016994374947,0.0302818727265981,"d__Bacteria; p__Cyanobacteria; c__Vampirivibrionia; o__Obscuribacterales; f__Obscuribacteraceae; g__Obscuribacteraceae; s__uncultured_bacterium",0.99976853282098
"Survival rate","e18cc0bcaabe834ad164032cee3d2f16",-0.559016994374947,0.0302818727265981,"d__Bacteria; p__Actinobacteriota; c__Actinobacteria; o__Propionibacteriales; f__Nocardioidaceae; g__Nocardioides",0.991282558751886
"Survival rate","8ded12e0115ced360e287286132e6369",-0.559016994374947,0.0302818727265981,"d__Bacteria; p__Actinobacteriota; c__Actinobacteria; o__Propionibacteriales; f__Nocardioidaceae; g__Nocardioides",0.93687749767434
"Survival rate","e8006841d58f01fafbb69a8807253221",-0.559016994374947,0.0302818727265981,"d__Bacteria; p__Proteobacteria; c__Alphaproteobacteria; o__uncultured; f__uncultured; g__uncultured",0.906196841327132
"Survival rate","757659fc992ab0e2b8585417a36a7fff",-0.559016994374947,0.0302818727265981,"d__Bacteria; p__Proteobacteria; c__Gammaproteobacteria; o__Legionellales; f__Legionellaceae; g__Legionella",0.98070108249092
"Survival rate","3e21f3d2ead2863c9178523c9db7a0e7",-0.559016994374947,0.0302818727265981,"d__Bacteria; p__Proteobacteria; c__Gammaproteobacteria; o__CCD24; f__CCD24; g__CCD24",0.999999449295171
"Survival rate","ee1142f5ca9eb7831b286501b625345f",-0.559016994374947,0.0302818727265981,"d__Bacteria; p__Proteobacteria; c__Alphaproteobacteria; o__Acetobacterales; f__Acetobacteraceae; g__Acetobacter",0.981657456060659
"Survival rate","9862f63a92450fa93646d0ef2a85a372",-0.559016994374947,0.0302818727265981,"d__Bacteria; p__Proteobacteria; c__Alphaproteobacteria; o__uncultured; f__uncultured; g__uncultured; s__uncultured_Rhodobacteraceae",0.944268690485143
"Survival rate","1c9d6d36f95160f4f1e1be7c362420c9",-0.559016994374947,0.0302818727265981,"d__Bacteria; p__Proteobacteria; c__Alphaproteobacteria; o__Rhodospirillales; f__uncultured; g__uncultured; s__uncultured_bacterium",0.8093119008611
"Survival rate","7091f23492e9bc8d0b2bb0b7e24ff417",-0.559016994374947,0.0302818727265981,"d__Bacteria; p__Proteobacteria; c__Alphaproteobacteria; o__Reyranellales; f__Reyranellaceae; g__Reyranella",0.999999590952821
"Survival rate","2bc49f007598013b607ea01b3a8f54c4",-0.709208143266975,0.0030688151705438,"d__Bacteria; p__Proteobacteria; c__Gammaproteobacteria; o__Oceanospirillales; f__Halomonadaceae; g__Halomonas",0.99989128109119
"Survival rate","77c528d712f1c434b74eff843bc3c740",-0.559016994374947,0.0302818727265981,"d__Bacteria; p__Proteobacteria; c__Gammaproteobacteria; o__Oceanospirillales; f__Halomonadaceae; g__Halomonas",0.997422052126061
"Survival rate","a54e9f074ec40e5736076f2b869192ce",-0.559016994374947,0.0302818727265981,"d__Bacteria; p__Proteobacteria; c__Gammaproteobacteria; o__Pseudomonadales; f__Moraxellaceae; g__Enhydrobacter",0.958997762452935
"Final weight","752fb6590f8ea0894d89564ee64d4bb1",-0.530595449972511,0.041862760259072,"d__Bacteria; p__Proteobacteria; c__Gammaproteobacteria; o__Alteromonadales; f__Marinobacteraceae; g__Marinobacter",0.999988459319086
"Specific growth rate","752fb6590f8ea0894d89564ee64d4bb1",-0.529167195834127,0.0425206208553597,"d__Bacteria; p__Proteobacteria; c__Gammaproteobacteria; o__Alteromonadales; f__Marinobacteraceae; g__Marinobacter",0.999988459319086
"Weight gain","752fb6590f8ea0894d89564ee64d4bb1",-0.529167195834127,0.0425206208553597,"d__Bacteria; p__Proteobacteria; c__Gammaproteobacteria; o__Alteromonadales; f__Marinobacteraceae; g__Marinobacter",0.999988459319086
"Percentage weight gain","752fb6590f8ea0894d89564ee64d4bb1",-0.529167195834127,0.0425206208553597,"d__Bacteria; p__Proteobacteria; c__Gammaproteobacteria; o__Alteromonadales; f__Marinobacteraceae; g__Marinobacter",0.999988459319086
"Daily weight gain","752fb6590f8ea0894d89564ee64d4bb1",-0.529167195834127,0.0425206208553597,"d__Bacteria; p__Proteobacteria; c__Gammaproteobacteria; o__Alteromonadales; f__Marinobacteraceae; g__Marinobacter",0.999988459319086
"Survival rate","e38b916e64440aaa82c7eb5b4ddfdd18",-0.559016994374947,0.0302818727265981,"d__Bacteria; p__Proteobacteria; c__Gammaproteobacteria; o__JG36-TzT-191; f__JG36-TzT-191; g__JG36-TzT-191",0.813274124039219
"Survival rate","55b008f1f627202442cd431b7925daf8",-0.559016994374947,0.0302818727265981,"d__Bacteria; p__Proteobacteria; c__Alphaproteobacteria; o__uncultured; f__uncultured; g__uncultured",0.973075724560729
"Survival rate","8abe48d30bb57a504ce01c115f8ac64b",-0.559016994374947,0.0302818727265981,"d__Bacteria; p__Gemmatimonadota; c__BD2-11_terrestrial_group; o__BD2-11_terrestrial_group; f__BD2-11_terrestrial_group; g__BD2-11_terrestrial_group; s__uncultured_forest",0.83962363566834
"Survival rate","ec352793533f628203b62bb41c8974ba",-0.559016994374947,0.0302818727265981,"d__Bacteria; p__Firmicutes; c__Clostridia; o__Oscillospirales; f__Oscillospiraceae; g__uncultured; s__uncultured_bacterium",0.856291845682533
"Survival rate","b07277735b0aca9ad74c40881f5e08f3",-0.559016994374947,0.0302818727265981,"d__Bacteria; p__Myxococcota; c__Polyangia; o__Haliangiales; f__Haliangiaceae; g__Haliangium",0.998726073104996
"Final weight","9bafbdf23e9b576730e0f1818b07b5b7",-0.588202955969527,0.0210884709753865,"d__Bacteria; p__Desulfobacterota; c__Syntrophorhabdia; o__Syntrophorhabdales; f__Syntrophorhabdaceae; g__Syntrophorhabdus; s__uncultured_bacterium",0.986911080186754
"Specific growth rate","9bafbdf23e9b576730e0f1818b07b5b7",-0.586619634238975,0.0215242612422428,"d__Bacteria; p__Desulfobacterota; c__Syntrophorhabdia; o__Syntrophorhabdales; f__Syntrophorhabdaceae; g__Syntrophorhabdus; s__uncultured_bacterium",0.986911080186754
"Weight gain","9bafbdf23e9b576730e0f1818b07b5b7",-0.586619634238975,0.0215242612422428,"d__Bacteria; p__Desulfobacterota; c__Syntrophorhabdia; o__Syntrophorhabdales; f__Syntrophorhabdaceae; g__Syntrophorhabdus; s__uncultured_bacterium",0.986911080186754
"Percentage weight gain","9bafbdf23e9b576730e0f1818b07b5b7",-0.586619634238975,0.0215242612422428,"d__Bacteria; p__Desulfobacterota; c__Syntrophorhabdia; o__Syntrophorhabdales; f__Syntrophorhabdaceae; g__Syntrophorhabdus; s__uncultured_bacterium",0.986911080186754
"Daily weight gain","9bafbdf23e9b576730e0f1818b07b5b7",-0.586619634238975,0.0215242612422428,"d__Bacteria; p__Desulfobacterota; c__Syntrophorhabdia; o__Syntrophorhabdales; f__Syntrophorhabdaceae; g__Syntrophorhabdus; s__uncultured_bacterium",0.986911080186754
"Survival rate","e4c635a805235f2625c59503ecb3b6c0",-0.559016994374947,0.0302818727265981,"d__Bacteria; p__Firmicutes; c__Clostridia; o__Oscillospirales; f__Oscillospiraceae; g__uncultured",0.95669047295862
"Survival rate","a7b8114f13da96c760e8a04919ed1a5b",-0.559016994374947,0.0302818727265981,"d__Bacteria; p__Firmicutes; c__Clostridia; o__Christensenellales; f__Christensenellaceae; g__Christensenellaceae_R-7_group; s__uncultured_spirochete",0.997036213796505
"Survival rate","c88ea8978b960aa51cd2c45917063a4d",-0.559016994374947,0.0302818727265981,"d__Bacteria; p__Firmicutes; c__Clostridia; o__Oscillospirales; f__Oscillospiraceae; g__NK4A214_group; s__unidentified",0.984037686041733
"Survival rate","e87783a063172fed9b2fc3eec3622a94",-0.559016994374947,0.0302818727265981,"d__Bacteria; p__Myxococcota; c__Polyangia; o__Haliangiales; f__Haliangiaceae; g__Haliangium",0.869208291855912
"Survival rate","fc274cf201bcb8da3ab282ec1567f828",-0.559016994374947,0.0302818727265981,"d__Bacteria; p__Synergistota; c__Synergistia; o__Synergistales; f__Synergistaceae; g__Aminobacterium",0.980005477342881
"Final weight","8a6a28fc82b7ef41adb9384db3da0df0",0.588202955969527,0.0210884709753865,"d__Bacteria; p__Proteobacteria; c__Gammaproteobacteria; o__Burkholderiales; f__Sutterellaceae; g__Parasutterella",0.999999988582645
"Specific growth rate","8a6a28fc82b7ef41adb9384db3da0df0",0.586619634238975,0.0215242612422428,"d__Bacteria; p__Proteobacteria; c__Gammaproteobacteria; o__Burkholderiales; f__Sutterellaceae; g__Parasutterella",0.999999988582645
"Weight gain","8a6a28fc82b7ef41adb9384db3da0df0",0.586619634238975,0.0215242612422428,"d__Bacteria; p__Proteobacteria; c__Gammaproteobacteria; o__Burkholderiales; f__Sutterellaceae; g__Parasutterella",0.999999988582645
"Percentage weight gain","8a6a28fc82b7ef41adb9384db3da0df0",0.586619634238975,0.0215242612422428,"d__Bacteria; p__Proteobacteria; c__Gammaproteobacteria; o__Burkholderiales; f__Sutterellaceae; g__Parasutterella",0.999999988582645
"Daily weight gain","8a6a28fc82b7ef41adb9384db3da0df0",0.586619634238975,0.0215242612422428,"d__Bacteria; p__Proteobacteria; c__Gammaproteobacteria; o__Burkholderiales; f__Sutterellaceae; g__Parasutterella",0.999999988582645
"Survival rate","ea83fa2ffbc71b04af41f74ab99242a4",-0.559016994374947,0.0302818727265981,"d__Bacteria; p__Gemmatimonadota; c__S0134_terrestrial_group; o__S0134_terrestrial_group; f__S0134_terrestrial_group; g__S0134_terrestrial_group; s__uncultured_bacterium",0.993380359060421
"Survival rate","3ef6c64420eb254899987892b115f36f",-0.559016994374947,0.0302818727265981,"d__Bacteria; p__Bacteroidota; c__Bacteroidia; o__Chitinophagales; f__Saprospiraceae; g__uncultured",0.969605706167748
"Survival rate","696ed7df37e2ce3147b4f176e61d72a9",-0.559016994374947,0.0302818727265981,"d__Bacteria; p__Bacteroidota; c__Bacteroidia; o__Bacteroidales; f__Rikenellaceae; g__Alistipes",0.99995830947988
"Survival rate","c93c25753779245d9210e3cd96f224f3",-0.559016994374947,0.0302818727265981,"d__Bacteria; p__Proteobacteria; c__Alphaproteobacteria; o__Rhizobiales; f__Rhizobiales_Incertae_Sedis; g__Bauldia",0.876678946055538
"Survival rate","8cb65de6364bbdfe0c80b75a88b89bb1",-0.559016994374947,0.0302818727265981,"d__Bacteria; p__Firmicutes; c__Bacilli; o__Lactobacillales; f__Lactobacillaceae; g__Lactobacillus",0.999828386960849
"Survival rate","8c3d6dbffc176cfea9b43d4511b964b6",-0.559016994374947,0.0302818727265981,"d__Bacteria; p__Patescibacteria; c__Saccharimonadia; o__Saccharimonadales; f__Saccharimonadales; g__Saccharimonadales; s__TM7_phylum",0.97506946824737
"Final weight","b9de9b0176545454cd28c0025f46c546",-0.530595449972511,0.041862760259072,"d__Bacteria; p__Firmicutes; c__Negativicutes; o__Acidaminococcales; f__Acidaminococcaceae; g__Phascolarctobacterium",0.999999020974886
"Specific growth rate","b9de9b0176545454cd28c0025f46c546",-0.529167195834127,0.0425206208553597,"d__Bacteria; p__Firmicutes; c__Negativicutes; o__Acidaminococcales; f__Acidaminococcaceae; g__Phascolarctobacterium",0.999999020974886
"Weight gain","b9de9b0176545454cd28c0025f46c546",-0.529167195834127,0.0425206208553597,"d__Bacteria; p__Firmicutes; c__Negativicutes; o__Acidaminococcales; f__Acidaminococcaceae; g__Phascolarctobacterium",0.999999020974886
"Percentage weight gain","b9de9b0176545454cd28c0025f46c546",-0.529167195834127,0.0425206208553597,"d__Bacteria; p__Firmicutes; c__Negativicutes; o__Acidaminococcales; f__Acidaminococcaceae; g__Phascolarctobacterium",0.999999020974886
"Daily weight gain","b9de9b0176545454cd28c0025f46c546",-0.529167195834127,0.0425206208553597,"d__Bacteria; p__Firmicutes; c__Negativicutes; o__Acidaminococcales; f__Acidaminococcaceae; g__Phascolarctobacterium",0.999999020974886
"Survival rate","3da3b013c2bd2f875864427a1c9fa362",-0.559016994374947,0.0302818727265981,"d__Bacteria; p__Firmicutes; c__Negativicutes; o__Veillonellales-Selenomonadales; f__Veillonellaceae; g__Veillonella",0.999999799414683
"Survival rate","e6a6e9cd5a354f8f61069ec13c60ab2d",-0.559016994374947,0.0302818727265981,"d__Bacteria; p__Firmicutes; c__Negativicutes; o__Veillonellales-Selenomonadales; f__Selenomonadaceae; g__Megamonas",0.999956768243978
"Survival rate","4d27d13def8ee6d70331c41b7742ecf5",-0.559016994374947,0.0302818727265981,"d__Bacteria; p__Firmicutes; c__uncultured; o__uncultured; f__uncultured; g__uncultured; s__uncultured_bacterium",0.905385550923582
"Final weight","b7f845ae0d4e6315739b67584da3bfa1",-0.515435579973296,0.0492428418216662,"d__Bacteria; p__Firmicutes; c__Clostridia; o__Peptococcales; f__Peptococcaceae; g__Peptococcus",0.990450272746899
"Specific growth rate","b7f845ae0d4e6315739b67584da3bfa1",-0.514048133096009,0.0499631173441153,"d__Bacteria; p__Firmicutes; c__Clostridia; o__Peptococcales; f__Peptococcaceae; g__Peptococcus",0.990450272746899
"Weight gain","b7f845ae0d4e6315739b67584da3bfa1",-0.514048133096009,0.0499631173441153,"d__Bacteria; p__Firmicutes; c__Clostridia; o__Peptococcales; f__Peptococcaceae; g__Peptococcus",0.990450272746899
"Percentage weight gain","b7f845ae0d4e6315739b67584da3bfa1",-0.514048133096009,0.0499631173441153,"d__Bacteria; p__Firmicutes; c__Clostridia; o__Peptococcales; f__Peptococcaceae; g__Peptococcus",0.990450272746899
"Daily weight gain","b7f845ae0d4e6315739b67584da3bfa1",-0.514048133096009,0.0499631173441153,"d__Bacteria; p__Firmicutes; c__Clostridia; o__Peptococcales; f__Peptococcaceae; g__Peptococcus",0.990450272746899
"Survival rate","e14881dd26e49df514a0e40fb5056f45",-0.559016994374947,0.0302818727265981,"d__Bacteria; p__Actinobacteriota; c__Acidimicrobiia; o__Microtrichales; f__Ilumatobacteraceae; g__uncultured; s__uncultured_bacterium",0.834938614855223
"Survival rate","84a3ba9e5c19f198de9a9126c125c534",-0.559016994374947,0.0302818727265981,"d__Bacteria; p__Actinobacteriota; c__Acidimicrobiia; o__uncultured; f__uncultured; g__uncultured; s__uncultured_actinobacterium",0.830686913868012
"Survival rate","9924bfa30005ef6db5016cc46b42ee87",-0.559016994374947,0.0302818727265981,"d__Bacteria; p__Actinobacteriota; c__MB-A2-108; o__MB-A2-108; f__MB-A2-108; g__MB-A2-108",0.891371242807384
"Survival rate","ffa42766c9f0e70da1a96100d376ec44",-0.559016994374947,0.0302818727265981,"d__Bacteria; p__Acidobacteriota; c__Acidobacteriae; o__Subgroup_2; f__Subgroup_2; g__Subgroup_2",0.999999981811379
"Survival rate","8f4d1704cf29dad4c19e8027f5e6673d",-0.559016994374947,0.0302818727265981,"d__Bacteria; p__Actinobacteriota; c__Thermoleophilia; o__Gaiellales; f__uncultured; g__uncultured",0.979570560535177
"Survival rate","4a2918385327693e9869299dec4bcc3c",-0.559016994374947,0.0302818727265981,"d__Bacteria; p__Actinobacteriota; c__Thermoleophilia; o__Solirubrobacterales; f__67-14; g__67-14",0.999370011908048
"Survival rate","e99e5570458360530ea015f1c926a183",-0.559016994374947,0.0302818727265981,"d__Bacteria; p__Actinobacteriota; c__Thermoleophilia; o__Solirubrobacterales; f__67-14; g__67-14; s__uncultured_bacterium",0.882038978962622
"Survival rate","e04705842ebbd0626001f649c9eb61ac",-0.559016994374947,0.0302818727265981,"d__Bacteria; p__Actinobacteriota; c__Thermoleophilia; o__Solirubrobacterales; f__67-14; g__67-14",0.998228550141511
"Survival rate","8f5a6a17f7f9094dba47c98efa832985",-0.559016994374947,0.0302818727265981,"d__Bacteria; p__Actinobacteriota; c__Thermoleophilia; o__Solirubrobacterales; f__67-14; g__67-14",0.998460561715231
"Survival rate","60a6589143e56be587f0a9d8341ce1d8",-0.559016994374947,0.0302818727265981,"d__Bacteria; p__Actinobacteriota; c__Thermoleophilia; o__Solirubrobacterales; f__Solirubrobacteraceae; g__Parviterribacter; s__uncultured_bacterium",0.861800174721517
"Survival rate","47333ff1449c96aaa5ea16db9278825a",-0.559016994374947,0.0302818727265981,"d__Bacteria; p__Myxococcota; c__Polyangia; o__Polyangiales; f__Polyangiaceae; g__Aetherobacter",0.806287651452927
"Survival rate","40c41bf5bd8955d5b40311633e3e0d7c",-0.559016994374947,0.0302818727265981,"d__Bacteria; p__Bdellovibrionota; c__Oligoflexia; o__0319-6G20; f__0319-6G20; g__0319-6G20; s__uncultured_bacterium",0.862276051678051
"Survival rate","b2a7efeb0a73dd0f030adab24f2b3d6a",-0.559016994374947,0.0302818727265981,"d__Bacteria; p__Gemmatimonadota; c__Longimicrobia; o__Longimicrobiales; f__Longimicrobiaceae; g__Longimicrobiaceae; s__uncultured_bacterium",0.940828365109683
"Survival rate","174c6e89399eebea5f5e238b9091a2a7",-0.559016994374947,0.0302818727265981,"d__Bacteria; p__Gemmatimonadota; c__Longimicrobia; o__Longimicrobiales; f__Longimicrobiaceae; g__Longimicrobiaceae",0.999994688551295
"Survival rate","075714edbf24cc8ee3398d43e8c29efb",-0.559016994374947,0.0302818727265981,"d__Bacteria; p__Gemmatimonadota; c__Gemmatimonadetes; o__Gemmatimonadales; f__Gemmatimonadaceae; g__uncultured",0.998205035435159
"Survival rate","3b807dec29a2fb450eb559ca6a449f97",-0.559016994374947,0.0302818727265981,"d__Bacteria; p__Gemmatimonadota; c__Gemmatimonadetes; o__Gemmatimonadales; f__Gemmatimonadaceae; g__uncultured",0.998671933626318
"Survival rate","3d26381da6cc2dd9997ab4a718696368",-0.559016994374947,0.0302818727265981,"d__Bacteria; p__Actinobacteriota; c__Acidimicrobiia; o__IMCC26256; f__IMCC26256; g__IMCC26256",0.817972860468313
"Survival rate","49b7e9412a3adb3e7c7ff000e6df66ee",-0.559016994374947,0.0302818727265981,"d__Bacteria; p__Actinobacteriota; c__Acidimicrobiia; o__Microtrichales; f__Microtrichaceae; g__IMCC26207",0.999971480799023
"Survival rate","68c03a00d8691a47e7874c7dde53b9e3",-0.559016994374947,0.0302818727265981,"d__Bacteria; p__Actinobacteriota; c__Acidimicrobiia; o__Microtrichales; f__uncultured; g__uncultured; s__wastewater_metagenome",0.921769935912668
"Survival rate","65978a988c01584cd446ad0ba25bb1b7",-0.559016994374947,0.0302818727265981,"d__Bacteria; p__Actinobacteriota; c__Acidimicrobiia; o__uncultured; f__uncultured; g__uncultured",0.814771150955687
"Survival rate","0552ff580cb08bdd900aa584ba8d367a",-0.559016994374947,0.0302818727265981,"d__Bacteria; p__Actinobacteriota; c__Acidimicrobiia; o__IMCC26256; f__IMCC26256; g__IMCC26256",0.891989190629429
"Survival rate","faa3405115867385e6f1669866106ece",-0.559016994374947,0.0302818727265981,"d__Bacteria; p__Actinobacteriota; c__Acidimicrobiia; o__uncultured; f__uncultured; g__uncultured; s__uncultured_Acidimicrobiia",0.970917892445979
"Survival rate","60c6fc5983302c1637c4a1ff7c5fcb70",-0.559016994374947,0.0302818727265981,"d__Bacteria; p__Bdellovibrionota; c__Oligoflexia; o__0319-6G20; f__0319-6G20; g__0319-6G20; s__uncultured_bacterium",0.888359595617626
"Final weight","2ceeafb3073ba732b62995daa55e953b",0.588202955969527,0.0210884709753865,"d__Bacteria; p__Bdellovibrionota; c__Oligoflexia; o__0319-6G20; f__0319-6G20; g__0319-6G20",0.999931124226839
"Specific growth rate","2ceeafb3073ba732b62995daa55e953b",0.586619634238975,0.0215242612422428,"d__Bacteria; p__Bdellovibrionota; c__Oligoflexia; o__0319-6G20; f__0319-6G20; g__0319-6G20",0.999931124226839
"Weight gain","2ceeafb3073ba732b62995daa55e953b",0.586619634238975,0.0215242612422428,"d__Bacteria; p__Bdellovibrionota; c__Oligoflexia; o__0319-6G20; f__0319-6G20; g__0319-6G20",0.999931124226839
"Percentage weight gain","2ceeafb3073ba732b62995daa55e953b",0.586619634238975,0.0215242612422428,"d__Bacteria; p__Bdellovibrionota; c__Oligoflexia; o__0319-6G20; f__0319-6G20; g__0319-6G20",0.999931124226839
"Daily weight gain","2ceeafb3073ba732b62995daa55e953b",0.586619634238975,0.0215242612422428,"d__Bacteria; p__Bdellovibrionota; c__Oligoflexia; o__0319-6G20; f__0319-6G20; g__0319-6G20",0.999931124226839
"Survival rate","777fa1844e43949b456e16b059b4dd78",-0.559016994374947,0.0302818727265981,"d__Bacteria; p__Proteobacteria; c__Alphaproteobacteria; o__Caulobacterales; f__Caulobacteraceae; g__Brevundimonas",0.998778050132598
"Survival rate","90b51411c84030106b6ed072d7d5d305",-0.559016994374947,0.0302818727265981,"d__Bacteria; p__Actinobacteriota; c__MB-A2-108; o__MB-A2-108; f__MB-A2-108; g__MB-A2-108; s__uncultured_bacterium",0.833621594329321
"Survival rate","c4cf5fefb3df826a9154803323723ad5",-0.559016994374947,0.0302818727265981,"d__Bacteria; p__Myxococcota; c__Polyangia; o__Polyangiales; f__BIrii41; g__BIrii41",0.999185917181872
"Survival rate","7c2435e2da47277deb74b04c636ca42e",-0.559016994374947,0.0302818727265981,"d__Bacteria; p__Myxococcota; c__Polyangia; o__Polyangiales; f__BIrii41; g__BIrii41",0.999816862218549
"Survival rate","e9e4e27e1c5c3dad7c3a32801f4c591d",-0.559016994374947,0.0302818727265981,"d__Bacteria; p__Actinobacteriota; c__Thermoleophilia; o__Gaiellales; f__uncultured; g__uncultured",0.934957837514403
"Survival rate","3ae3af1e5274a4977e38d35715ec66e7",-0.559016994374947,0.0302818727265981,"d__Bacteria; p__Gemmatimonadota; c__Longimicrobia; o__Longimicrobiales; f__Longimicrobiaceae; g__Longimicrobium",0.995233402877667
"Survival rate","3f955a7450305592839f8ebbccab2b32",-0.559016994374947,0.0302818727265981,"d__Bacteria; p__Gemmatimonadota; c__Longimicrobia; o__Longimicrobiales; f__Longimicrobiaceae; g__YC-ZSS-LKJ147; s__metagenome",0.879329294956268
"Survival rate","4dd90d0237114eba12040e5fc31c14cd",-0.559016994374947,0.0302818727265981,"d__Bacteria; p__Gemmatimonadota; c__Gemmatimonadetes; o__Gemmatimonadales; f__Gemmatimonadaceae; g__uncultured",0.808907710264593
"Survival rate","6e744eb5345fea9189e1cda01e4d5b51",-0.559016994374947,0.0302818727265981,"d__Bacteria; p__Actinobacteriota; c__Acidimicrobiia; o__IMCC26256; f__IMCC26256; g__IMCC26256",0.997444652822744
"Survival rate","53010c66d976bf451cbb036c21aad142",-0.559016994374947,0.0302818727265981,"d__Bacteria; p__Proteobacteria; c__Alphaproteobacteria; o__Rhizobiales; f__A0839; g__A0839; s__metagenome",0.920197774544189
"Survival rate","a3ae51f1dac686d95657a8369a25f0d2",-0.584512205989265,0.0221149307761448,"d__Bacteria; p__Proteobacteria; c__Alphaproteobacteria; o__Rhizobiales; f__A0839; g__A0839; s__metagenome",0.935455620241792
"Survival rate","9bd81e739722dbf5a7e9d95380b0f015",-0.559016994374947,0.0302818727265981,"d__Bacteria; p__Actinobacteriota; c__Coriobacteriia; o__Coriobacteriales; f__Coriobacteriaceae; g__Collinsella",0.999993556886506
"Survival rate","5b9097b0b6dc5a12b09f773550ea1f0b",-0.559016994374947,0.0302818727265981,"d__Bacteria; p__Gemmatimonadota; c__Gemmatimonadetes; o__Gemmatimonadales; f__Gemmatimonadaceae; g__uncultured",0.889630883003467
"Survival rate","75547bf84f59e8f3ee08d207aadfb606",-0.559016994374947,0.0302818727265981,"d__Bacteria; p__Gemmatimonadota; c__Gemmatimonadetes; o__Gemmatimonadales; f__Gemmatimonadaceae; g__Gemmatimonas",0.999280057317216
"Survival rate","e875d2c696874df6d371cc335a981d2c",-0.559016994374947,0.0302818727265981,"d__Bacteria; p__Gemmatimonadota; c__Gemmatimonadetes; o__Gemmatimonadales; f__Gemmatimonadaceae; g__Gemmatimonas",0.999630937869158
"Survival rate","9b5e481f2c487408444133d5bc0d2982",-0.559016994374947,0.0302818727265981,"d__Bacteria; p__Actinobacteriota; c__MB-A2-108; o__MB-A2-108; f__MB-A2-108; g__MB-A2-108",0.999512794949856
"Survival rate","cb924f1c2f29e5dcd354382cd8e23114",-0.559016994374947,0.0302818727265981,"d__Bacteria; p__Actinobacteriota; c__Actinobacteria; o__Euzebyales; f__Euzebyaceae; g__uncultured",0.998025853367326
"Survival rate","df888d96b2f4ae2f9431d543ef5cf7ba",-0.559016994374947,0.0302818727265981,"d__Bacteria; p__Proteobacteria; c__Alphaproteobacteria; o__Rickettsiales; f__Mitochondria; g__Mitochondria",0.999999999989495
"Survival rate","3e005b8233dc49668cca1c2833089dca",-0.559016994374947,0.0302818727265981,"d__Bacteria; p__Acidobacteriota; c__Acidobacteriae; o__PAUC26f; f__PAUC26f; g__PAUC26f; s__uncultured_bacterium",0.893039659573817
"Survival rate","745a2a147fa825d27427f8b5d9fbd7a1",-0.559016994374947,0.0302818727265981,"d__Bacteria; p__Proteobacteria; c__Alphaproteobacteria; o__Caulobacterales; f__Hyphomonadaceae; g__Hirschia",0.999950177741956
"Survival rate","b34e949a4fa6b475575d5e20c8531881",-0.559016994374947,0.0302818727265981,"d__Bacteria; p__Proteobacteria; c__Alphaproteobacteria; o__Rhizobiales; f__Hyphomicrobiaceae; g__Hyphomicrobium",0.983534486315701
"Final weight","af2e91010e63720984885ef83bba863d",-0.530595449972511,0.041862760259072,"d__Bacteria; p__Proteobacteria; c__Alphaproteobacteria; o__Caulobacterales; f__Hyphomonadaceae; g__SWB02",0.999962964276972
"Specific growth rate","af2e91010e63720984885ef83bba863d",-0.529167195834127,0.0425206208553597,"d__Bacteria; p__Proteobacteria; c__Alphaproteobacteria; o__Caulobacterales; f__Hyphomonadaceae; g__SWB02",0.999962964276972
"Weight gain","af2e91010e63720984885ef83bba863d",-0.529167195834127,0.0425206208553597,"d__Bacteria; p__Proteobacteria; c__Alphaproteobacteria; o__Caulobacterales; f__Hyphomonadaceae; g__SWB02",0.999962964276972
"Percentage weight gain","af2e91010e63720984885ef83bba863d",-0.529167195834127,0.0425206208553597,"d__Bacteria; p__Proteobacteria; c__Alphaproteobacteria; o__Caulobacterales; f__Hyphomonadaceae; g__SWB02",0.999962964276972
"Daily weight gain","af2e91010e63720984885ef83bba863d",-0.529167195834127,0.0425206208553597,"d__Bacteria; p__Proteobacteria; c__Alphaproteobacteria; o__Caulobacterales; f__Hyphomonadaceae; g__SWB02",0.999962964276972
"Survival rate","5ec710ef81ca7eea1acedf4389c9891c",-0.559016994374947,0.0302818727265981,"d__Bacteria; p__Proteobacteria; c__Alphaproteobacteria; o__Caulobacterales; f__Hyphomonadaceae; g__SWB02",0.999907024495448
"Survival rate","1f7884748d06cd19bfeba475b7311965",-0.559016994374947,0.0302818727265981,"d__Bacteria; p__Proteobacteria; c__Alphaproteobacteria; o__Rhizobiales; f__Rhizobiales_Incertae_Sedis; g__Nordella",0.92950582110484
"Survival rate","b0e68b275141b87f54eb730f52e2d694",-0.559016994374947,0.0302818727265981,"d__Bacteria; p__Proteobacteria; c__Alphaproteobacteria; o__Tistrellales; f__Geminicoccaceae; g__Candidatus_Alysiosphaera",0.944268536613694
"Survival rate","31562e0cccf424385fb340151915ee92",-0.559016994374947,0.0302818727265981,"d__Bacteria; p__Proteobacteria; c__Alphaproteobacteria; o__Rhodobacterales; f__Rhodobacteraceae; g__Limibaculum; s__uncultured_bacterium",0.909923243241919
"Survival rate","48e9e2def54c07fca12b9a5454f6a8dd",-0.559016994374947,0.0302818727265981,"d__Bacteria; p__Proteobacteria; c__Gammaproteobacteria; o__Oceanospirillales; f__Alcanivoracaceae1; g__Alcanivorax; s__uncultured_bacterium",0.879399472786679
"Survival rate","99cd7f41722746791c4e58bb489cdaa7",-0.559016994374947,0.0302818727265981,"d__Bacteria; p__Proteobacteria; c__Gammaproteobacteria; o__Oceanospirillales; f__Alcanivoracaceae1; g__Alcanivorax",0.999974707819492
"Feed conversion ratio","77d9ccc8b6d44431ff22c2d4c4a775db",-0.656090619456244,0.00790366204672122,"d__Bacteria; p__Proteobacteria; c__Gammaproteobacteria; o__Oceanospirillales; f__Alcanivoracaceae1; g__Alcanivorax",0.999987788786949
"Survival rate","dc39db78050502e72aa4a7e571f34a8b",-0.559016994374947,0.0302818727265981,"d__Bacteria; p__Proteobacteria; c__Alphaproteobacteria; o__Tistrellales; f__Geminicoccaceae; g__uncultured",0.992846702476738
"Survival rate","90628cd9f44469041ded8e315b971d4a",-0.559016994374947,0.0302818727265981,"d__Bacteria; p__Myxococcota; c__bacteriap25; o__bacteriap25; f__bacteriap25; g__bacteriap25",0.987616193319457
"Survival rate","d31f26e2aff8d3399ad5c86f69aad6bd",-0.559016994374947,0.0302818727265981,"d__Bacteria; p__Myxococcota; c__Polyangia; o__Polyangiales; f__Sandaracinaceae; g__uncultured",0.999895002246209
"Survival rate","b612fed66402405e20bf624b3eb0600d",-0.559016994374947,0.0302818727265981,"d__Bacteria; p__Proteobacteria; c__Alphaproteobacteria; o__Azospirillales; f__Azospirillaceae; g__Skermanella",0.96389656206051
"Survival rate","61c341ccedb4079cd865ea19e98d818a",-0.559016994374947,0.0302818727265981,"d__Bacteria; p__Acidobacteriota; c__Vicinamibacteria; o__Vicinamibacterales; f__Vicinamibacteraceae; g__Vicinamibacteraceae",0.99961489565736
"Survival rate","d134dbe5560836ca8b29b6f737ed0cbc",-0.559016994374947,0.0302818727265981,"d__Bacteria; p__Acidobacteriota; c__Vicinamibacteria; o__Vicinamibacterales; f__Vicinamibacteraceae; g__Vicinamibacteraceae",0.99977619738865
"Survival rate","7e357f6767f45a1995fb9d3100387f16",-0.559016994374947,0.0302818727265981,"d__Bacteria; p__Myxococcota; c__Myxococcia; o__Myxococcales; f__Anaeromyxobacteraceae; g__Anaeromyxobacter",0.98781252065349
"Survival rate","49a9e6409f362cb52036b11b2b520d75",-0.559016994374947,0.0302818727265981,"d__Bacteria; p__Acidobacteriota; c__Vicinamibacteria; o__Vicinamibacterales; f__Vicinamibacteraceae; g__Vicinamibacteraceae",0.987071646664748
"Survival rate","f96e676d8b28e30094789f628c3b5e03",-0.559016994374947,0.0302818727265981,"d__Bacteria; p__Acidobacteriota; c__Vicinamibacteria; o__Vicinamibacterales; f__uncultured; g__uncultured",0.999960340703479
"Survival rate","9bb96f5a57e9f449f17038bd546662ed",-0.559016994374947,0.0302818727265981,"d__Bacteria; p__Acidobacteriota; c__Vicinamibacteria; o__Vicinamibacterales; f__uncultured; g__uncultured",0.999970742312767
"Survival rate","e56bb8320cb41359b461c1f04675222f",-0.559016994374947,0.0302818727265981,"d__Bacteria; p__Acidobacteriota; c__Vicinamibacteria; o__Vicinamibacterales; f__uncultured; g__uncultured",0.932353815105222
"Survival rate","76b5eb388d3eb47227f44d852cb21fc6",-0.559016994374947,0.0302818727265981,"d__Bacteria; p__Acidobacteriota; c__Vicinamibacteria; o__Vicinamibacterales; f__Vicinamibacteraceae; g__Vicinamibacteraceae",0.987259532722351
"Survival rate","22c140a98d46557242172de56d188c4e",-0.559016994374947,0.0302818727265981,"d__Bacteria; p__Acidobacteriota; c__Vicinamibacteria; o__Vicinamibacterales; f__Vicinamibacteraceae; g__uncultured",0.957375754509534
"Survival rate","b3dacbd62d6ff1d06d28b824cd61a38f",-0.559016994374947,0.0302818727265981,"d__Bacteria; p__Acidobacteriota; c__Vicinamibacteria; o__Vicinamibacterales; f__Vicinamibacteraceae; g__Vicinamibacteraceae",0.998416538382636
"Survival rate","7e381fe2e026190f94741999b36d9402",-0.559016994374947,0.0302818727265981,"d__Bacteria; p__Acidobacteriota; c__Vicinamibacteria; o__Vicinamibacterales; f__Vicinamibacteraceae; g__Vicinamibacteraceae",0.996516222749974
"Survival rate","b8a5ecda5e6e9af3c33f6452eedf2a44",-0.559016994374947,0.0302818727265981,"d__Bacteria; p__Acidobacteriota; c__Vicinamibacteria; o__Vicinamibacterales; f__Vicinamibacteraceae; g__Vicinamibacteraceae; s__uncultured_proteobacterium",0.865553970171745
"Survival rate","dd665968d23dd8da8be0b000d845fe4f",-0.559016994374947,0.0302818727265981,"d__Bacteria; p__Cyanobacteria; c__Vampirivibrionia; o__Obscuribacterales; f__Obscuribacteraceae; g__Obscuribacteraceae; s__uncultured_bacterium",0.981879842916392
"Final weight","216697419fa80c2143fc3679a75ebd2c",0.515435449789768,0.0492429090440436,"d__Bacteria; p__Chloroflexi; c__SL56_marine_group; o__SL56_marine_group; f__SL56_marine_group; g__SL56_marine_group",0.992971037362898
"Specific growth rate","216697419fa80c2143fc3679a75ebd2c",0.547294889046081,0.0347203238032756,"d__Bacteria; p__Chloroflexi; c__SL56_marine_group; o__SL56_marine_group; f__SL56_marine_group; g__SL56_marine_group",0.992971037362898
"Weight gain","216697419fa80c2143fc3679a75ebd2c",0.514048003262908,0.0499631851059101,"d__Bacteria; p__Chloroflexi; c__SL56_marine_group; o__SL56_marine_group; f__SL56_marine_group; g__SL56_marine_group",0.992971037362898
"Percentage weight gain","216697419fa80c2143fc3679a75ebd2c",0.547294889046081,0.0347203238032756,"d__Bacteria; p__Chloroflexi; c__SL56_marine_group; o__SL56_marine_group; f__SL56_marine_group; g__SL56_marine_group",0.992971037362898
"Daily weight gain","216697419fa80c2143fc3679a75ebd2c",0.514048003262908,0.0499631851059101,"d__Bacteria; p__Chloroflexi; c__SL56_marine_group; o__SL56_marine_group; f__SL56_marine_group; g__SL56_marine_group",0.992971037362898
"Feed conversion ratio","4bc7ff29c7d27a9024d839639c294e75",0.585571162204758,0.0218166015952796,"d__Bacteria; p__Chloroflexi; c__SL56_marine_group; o__SL56_marine_group; f__SL56_marine_group; g__SL56_marine_group",0.995014250217729
"Survival rate","ac0dfd6a861f0b2fa91faa51f94e3cbc",-0.559016994374947,0.0302818727265981,"d__Bacteria; p__Cyanobacteria; c__Sericytochromatia; o__Sericytochromatia; f__Sericytochromatia; g__Sericytochromatia",0.999843667782231
"Survival rate","3939e5f1e8223e86852cbc77eb54a61d",-0.559016994374947,0.0302818727265981,"d__Bacteria; p__Methylomirabilota; c__Methylomirabilia; o__Rokubacteriales; f__Rokubacteriales; g__Rokubacteriales; s__uncultured_bacterium",0.818898384846171
"Survival rate","5bac37bf28268a6fccdc7a1f875c5850",-0.559016994374947,0.0302818727265981,"d__Bacteria; p__Methylomirabilota; c__Methylomirabilia; o__Rokubacteriales; f__Rokubacteriales; g__Rokubacteriales",0.999999966715196
"Survival rate","e16a57bcc8e00517d607d28a1bfc24c4",-0.559016994374947,0.0302818727265981,"d__Bacteria; p__Methylomirabilota; c__Methylomirabilia; o__Rokubacteriales; f__Rokubacteriales; g__Rokubacteriales",0.999999309180678
"Survival rate","c8231cafecee59eafd7ac8b4cb2e506d",-0.559016994374947,0.0302818727265981,"d__Bacteria; p__Acidobacteriota; c__Acidobacteriae; o__Subgroup_13; f__Subgroup_13; g__Subgroup_13",0.999903491781732
"Survival rate","30b814511f1779d610eaa10b0aa9c7b6",-0.559016994374947,0.0302818727265981,"d__Bacteria; p__Acidobacteriota; c__Subgroup_18; o__Subgroup_18; f__Subgroup_18; g__Subgroup_18; s__uncultured_bacterium",0.906165633430879
"Survival rate","5c7febc4bfceed8c03f820b04682aa34",-0.559016994374947,0.0302818727265981,"d__Bacteria; p__Chloroflexi; c__Chloroflexia; o__Thermomicrobiales; f__AKYG1722; g__AKYG1722; s__uncultured_soil",0.872091341098065
"Survival rate","358d21f73e11c77534190c371e8a6dde",-0.559016994374947,0.0302818727265981,"d__Bacteria; p__Entotheonellaeota; c__Entotheonellia; o__Entotheonellales; f__Entotheonellaceae; g__Entotheonellaceae; s__uncultured_bacterium",0.9292672555727
"Survival rate","7bc9e81f14d53a33b381fdc3c700901c",-0.559016994374947,0.0302818727265981,"d__Bacteria; p__Acidobacteriota; c__Holophagae; o__Subgroup_7; f__Subgroup_7; g__Subgroup_7",0.99999804854028
"Survival rate","06fc5a6ce8ea1f88aa317a7eceb8ce72",-0.559016994374947,0.0302818727265981,"d__Bacteria; p__Acidobacteriota; c__Holophagae; o__Subgroup_7; f__Subgroup_7; g__Subgroup_7",0.999999171739863
"Survival rate","e2b43116b0f266a3a22cc82f09500065",-0.559016994374947,0.0302818727265981,"d__Bacteria; p__Actinobacteriota; c__Coriobacteriia; o__Coriobacteriales; f__Eggerthellaceae; g__Eggerthella",0.999984837726958
"Survival rate","cca32b8bad45d46d1809922093c94f6b",-0.559016994374947,0.0302818727265981,"d__Bacteria; p__Actinobacteriota; c__Coriobacteriia; o__OPB41; f__OPB41; g__OPB41",0.999117637623006
"Final weight","ae30dc74133447070194dd057b1b8ba4",-0.593927939615809,0.0195687601390691,"d__Bacteria; p__Acidobacteriota; c__Holophagae; o__Subgroup_7; f__Subgroup_7; g__Subgroup_7",0.999991592613809
"Weight gain","ae30dc74133447070194dd057b1b8ba4",-0.557891462786871,0.030688419683973,"d__Bacteria; p__Acidobacteriota; c__Holophagae; o__Subgroup_7; f__Subgroup_7; g__Subgroup_7",0.999991592613809
"Daily weight gain","ae30dc74133447070194dd057b1b8ba4",-0.557891462786871,0.030688419683973,"d__Bacteria; p__Acidobacteriota; c__Holophagae; o__Subgroup_7; f__Subgroup_7; g__Subgroup_7",0.999991592613809
"Survival rate","6ea78113b601e676a73a8092a931de04",-0.559016994374947,0.0302818727265981,"d__Bacteria; p__Acidobacteriota; c__Holophagae; o__Subgroup_7; f__Subgroup_7; g__Subgroup_7",0.999967617713214
"Survival rate","2f6e31aadd133a2b9c74a500a8c73bb0",-0.559016994374947,0.0302818727265981,"d__Bacteria; p__Acidobacteriota; c__Acidobacteriae; o__Acidobacteriales; f__uncultured; g__uncultured",0.89944182154582
"Final weight","a6a1d7511911f073f3199ba28d8b6df6",0.52056416073295,0.0466466567297705,"d__Bacteria; p__Chloroflexi; c__SL56_marine_group; o__SL56_marine_group; f__SL56_marine_group; g__SL56_marine_group",0.999999981003146
"Specific growth rate","a6a1d7511911f073f3199ba28d8b6df6",0.552409794551185,0.0327274645995779,"d__Bacteria; p__Chloroflexi; c__SL56_marine_group; o__SL56_marine_group; f__SL56_marine_group; g__SL56_marine_group",0.999999981003146
"Weight gain","a6a1d7511911f073f3199ba28d8b6df6",0.519162908768011,0.0473457202797674,"d__Bacteria; p__Chloroflexi; c__SL56_marine_group; o__SL56_marine_group; f__SL56_marine_group; g__SL56_marine_group",0.999999981003146
"Percentage weight gain","a6a1d7511911f073f3199ba28d8b6df6",0.552409794551185,0.0327274645995779,"d__Bacteria; p__Chloroflexi; c__SL56_marine_group; o__SL56_marine_group; f__SL56_marine_group; g__SL56_marine_group",0.999999981003146
"Daily weight gain","a6a1d7511911f073f3199ba28d8b6df6",0.519162908768011,0.0473457202797674,"d__Bacteria; p__Chloroflexi; c__SL56_marine_group; o__SL56_marine_group; f__SL56_marine_group; g__SL56_marine_group",0.999999981003146
"Final weight","5cee04567de32865d6e78270543955a2",-0.594266903969212,0.0194814883362406,"d__Bacteria; p__Elusimicrobiota; c__Elusimicrobia; o__MVP-88; f__MVP-88; g__MVP-88; s__uncultured_bacterium",0.993784905446375
"Specific growth rate","5cee04567de32865d6e78270543955a2",-0.592667259334222,0.0198959726987491,"d__Bacteria; p__Elusimicrobiota; c__Elusimicrobia; o__MVP-88; f__MVP-88; g__MVP-88; s__uncultured_bacterium",0.993784905446375
"Weight gain","5cee04567de32865d6e78270543955a2",-0.592667259334222,0.0198959726987491,"d__Bacteria; p__Elusimicrobiota; c__Elusimicrobia; o__MVP-88; f__MVP-88; g__MVP-88; s__uncultured_bacterium",0.993784905446375
"Percentage weight gain","5cee04567de32865d6e78270543955a2",-0.592667259334222,0.0198959726987491,"d__Bacteria; p__Elusimicrobiota; c__Elusimicrobia; o__MVP-88; f__MVP-88; g__MVP-88; s__uncultured_bacterium",0.993784905446375
"Daily weight gain","5cee04567de32865d6e78270543955a2",-0.592667259334222,0.0198959726987491,"d__Bacteria; p__Elusimicrobiota; c__Elusimicrobia; o__MVP-88; f__MVP-88; g__MVP-88; s__uncultured_bacterium",0.993784905446375
"Survival rate","9898e38d2e17f8cef7dd18022ef2e0b0",-0.559016994374947,0.0302818727265981,"d__Bacteria; p__Elusimicrobiota; c__Elusimicrobia; o__Elusimicrobiales; f__Elusimicrobiaceae; g__Elusimicrobium; s__uncultured_bacterium",0.996704940805622
"Survival rate","560bd81af23a93b6af00dbe5154a81e4",-0.559016994374947,0.0302818727265981,"d__Bacteria; p__Elusimicrobiota; c__Elusimicrobia; o__Lineage_IV; f__Lineage_IV; g__Lineage_IV; s__uncultured_Termite",0.910649926449562
"Survival rate","1a31c1f3767dd7f013367e8b7c5f3997",-0.559016994374947,0.0302818727265981,"d__Bacteria; p__Proteobacteria; c__Gammaproteobacteria; o__Burkholderiales; f__Comamonadaceae; g__Comamonas",0.952819574101673
"Survival rate","f15465f0a116f09574482db243db5a85",-0.559016994374947,0.0302818727265981,"d__Bacteria; p__Proteobacteria; c__Gammaproteobacteria; o__Burkholderiales; f__Comamonadaceae; g__Delftia",0.979443894456463
"Survival rate","6fff006480d108f74d6efa96fb61e097",-0.559016994374947,0.0302818727265981,"d__Bacteria; p__Proteobacteria; c__Gammaproteobacteria; o__Burkholderiales; f__Nitrosomonadaceae; g__MND1",0.999980393823538
"Survival rate","70af0a10bdc47a0d0c7eb7b3aa809150",-0.559016994374947,0.0302818727265981,"d__Bacteria; p__Proteobacteria; c__Gammaproteobacteria; o__Burkholderiales; f__Comamonadaceae; g__Variovorax",0.945890129241002
"Survival rate","1c62c9c4b28415343daedc00e9321452",-0.559016994374947,0.0302818727265981,"d__Bacteria; p__Proteobacteria; c__Gammaproteobacteria; o__Diplorickettsiales; f__Diplorickettsiaceae; g__Aquicella; s__uncultured_bacterium",0.95223403729918
"Survival rate","e3130c0d1269a9e6b690df536e1ba936",-0.559016994374947,0.0302818727265981,"d__Bacteria; p__Proteobacteria; c__Gammaproteobacteria; o__Burkholderiales; f__SC-I-84; g__SC-I-84",0.991930286206311
"Survival rate","2d059e29760d12ec272753e5b6f4cf19",-0.559016994374947,0.0302818727265981,"d__Bacteria; p__Proteobacteria; c__Gammaproteobacteria; o__Burkholderiales; f__Sutterellaceae; g__Parasutterella",0.999999990973358
"Survival rate","c5449d763f4d0226aa52cada13fc16d7",-0.559016994374947,0.0302818727265981,"d__Bacteria; p__Proteobacteria; c__Gammaproteobacteria; o__Burkholderiales; f__Hydrogenophilaceae; g__Thiobacillus",0.999990253944489
"Survival rate","87e0588d5a86e9286f6d413460cf2092",-0.559016994374947,0.0302818727265981,"d__Bacteria; p__Proteobacteria; c__Gammaproteobacteria; o__Burkholderiales; f__Nitrosomonadaceae; g__mle1-7",0.995788977731828
"Survival rate","05f01945a87fbe68d4090214aa71a99e",-0.559016994374947,0.0302818727265981,"d__Bacteria; p__Proteobacteria; c__Gammaproteobacteria; o__Burkholderiales; f__Comamonadaceae; g__Hydrogenophaga",0.948420030429011
"Survival rate","24994d1ef7ebda1930e0ef9be307e0e7",-0.559016994374947,0.0302818727265981,"d__Bacteria; p__Proteobacteria; c__Gammaproteobacteria; o__Burkholderiales; f__SC-I-84; g__SC-I-84",0.999616117266883
"Survival rate","de972f09b19a9da7b58363cae57564cb",-0.559016994374947,0.0302818727265981,"d__Bacteria; p__Proteobacteria; c__Gammaproteobacteria; o__Burkholderiales; f__Rhodocyclaceae; g__Methyloversatilis",0.999283189005316
"Survival rate","0b5dae8bcf32d49bb37a0bb29eff4e40",-0.559016994374947,0.0302818727265981,"d__Bacteria; p__Proteobacteria; c__Gammaproteobacteria; o__Burkholderiales; f__Neisseriaceae; g__uncultured",0.999978062353258
"Survival rate","9400185a280951e952c5c1e5dd638201",-0.559016994374947,0.0302818727265981,"d__Bacteria; p__Proteobacteria; c__Gammaproteobacteria; o__Burkholderiales; f__Neisseriaceae; g__uncultured",0.999980834102828
"Feed conversion ratio","14204d6723dc7d999723b31060117eca",-0.549350265573536,0.0339088826989764,"d__Bacteria; p__Gemmatimonadota; c__S0134_terrestrial_group; o__S0134_terrestrial_group; f__S0134_terrestrial_group; g__S0134_terrestrial_group; s__uncultured_bacterium",0.949112858452199
"Survival rate","a85966bf5e618743b111622cc1bcaed9",-0.559016994374947,0.0302818727265981,"d__Bacteria; p__Gemmatimonadota; c__S0134_terrestrial_group; o__S0134_terrestrial_group; f__S0134_terrestrial_group; g__S0134_terrestrial_group; s__uncultured_bacterium",0.911595321398735
"Survival rate","43e54c1d849628e25f50ca2dde95c636",-0.559016994374947,0.0302818727265981,"d__Bacteria; p__Acidobacteriota; c__Vicinamibacteria; o__Subgroup_17; f__Subgroup_17; g__Subgroup_17; s__uncultured_bacterium",0.835336211181065
"Survival rate","b16839a32371d95cea9412a514613e09",-0.559016994374947,0.0302818727265981,"d__Bacteria; p__Acidobacteriota; c__Subgroup_11; o__Subgroup_11; f__Subgroup_11; g__Subgroup_11; s__uncultured_bacterium",0.999650409844773
"Survival rate","5b18368f2028dc359553f8bebefafe28",-0.559016994374947,0.0302818727265981,"d__Bacteria; p__Firmicutes; c__Clostridia; o__Lachnospirales; f__Lachnospiraceae; g__Blautia",0.999901248706514
"Survival rate","79e88192e27595bf6fb60ba5e5e3a598",-0.559016994374947,0.0302818727265981,"d__Bacteria; p__Firmicutes; c__Clostridia; o__Oscillospirales; f__Ruminococcaceae; g__Incertae_Sedis; s__[Clostridium]_leptum",0.955042884520897
"Survival rate","7ce5916db71163fceed87a34b68acb3d",-0.559016994374947,0.0302818727265981,"d__Bacteria; p__Firmicutes; c__Clostridia; o__Oscillospirales; f__Ruminococcaceae; g__uncultured; s__gut_metagenome",0.98834232911031
"Survival rate","3b53cf92b60ac6daad8bcba0f497fc67",-0.559016994374947,0.0302818727265981,"d__Bacteria; p__Firmicutes; c__Clostridia; o__Oscillospirales; f__Ruminococcaceae; g__uncultured",0.998633445638219
"Final weight","cffbfa7e52f054c93869206a7dc6f587",0.644572957722583,0.00948468870345742,"d__Bacteria; p__Firmicutes; c__Bacilli; o__Staphylococcales; f__Staphylococcaceae; g__Staphylococcus",0.998295230432677
"Specific growth rate","cffbfa7e52f054c93869206a7dc6f587",0.578554109556755,0.0238518534864773,"d__Bacteria; p__Firmicutes; c__Bacilli; o__Staphylococcales; f__Staphylococcaceae; g__Staphylococcus",0.998295230432677
"Weight gain","cffbfa7e52f054c93869206a7dc6f587",0.642837899507505,0.00974283756521999,"d__Bacteria; p__Firmicutes; c__Bacilli; o__Staphylococcales; f__Staphylococcaceae; g__Staphylococcus",0.998295230432677
"Percentage weight gain","cffbfa7e52f054c93869206a7dc6f587",0.578554109556755,0.0238518534864773,"d__Bacteria; p__Firmicutes; c__Bacilli; o__Staphylococcales; f__Staphylococcaceae; g__Staphylococcus",0.998295230432677
"Daily weight gain","cffbfa7e52f054c93869206a7dc6f587",0.642837899507505,0.00974283756521999,"d__Bacteria; p__Firmicutes; c__Bacilli; o__Staphylococcales; f__Staphylococcaceae; g__Staphylococcus",0.998295230432677
"Final weight","3ce3d8d35506915fb7f9ea18cec59a03",0.594266903969212,0.0194814883362406,"d__Bacteria; p__Firmicutes; c__Clostridia; o__Lachnospirales; f__Lachnospiraceae; g__Blautia",0.999919655063648
"Specific growth rate","3ce3d8d35506915fb7f9ea18cec59a03",0.592667259334222,0.0198959726987491,"d__Bacteria; p__Firmicutes; c__Clostridia; o__Lachnospirales; f__Lachnospiraceae; g__Blautia",0.999919655063648
"Weight gain","3ce3d8d35506915fb7f9ea18cec59a03",0.592667259334222,0.0198959726987491,"d__Bacteria; p__Firmicutes; c__Clostridia; o__Lachnospirales; f__Lachnospiraceae; g__Blautia",0.999919655063648
"Percentage weight gain","3ce3d8d35506915fb7f9ea18cec59a03",0.592667259334222,0.0198959726987491,"d__Bacteria; p__Firmicutes; c__Clostridia; o__Lachnospirales; f__Lachnospiraceae; g__Blautia",0.999919655063648
"Daily weight gain","3ce3d8d35506915fb7f9ea18cec59a03",0.592667259334222,0.0198959726987491,"d__Bacteria; p__Firmicutes; c__Clostridia; o__Lachnospirales; f__Lachnospiraceae; g__Blautia",0.999919655063648
"Survival rate","d0965c2b0e460a8eb499040cce64ef54",-0.559016994374947,0.0302818727265981,"d__Bacteria; p__MBNT15; c__MBNT15; o__MBNT15; f__MBNT15; g__MBNT15",0.957230528431442
"Survival rate","29ca0bd11920aa3841fc5637dbeb74d9",-0.559016994374947,0.0302818727265981,"d__Bacteria; p__Actinobacteriota; c__Actinobacteria; o__Actinomycetales; f__Actinomycetaceae; g__Actinomyces",0.999994661437912
"Feed conversion ratio","b48610f0ee40a83f00b8b39c06732047",0.591607978309962,0.0201741354789882,"d__Bacteria; p__Deinococcota; c__Deinococci; o__Deinococcales; f__Deinococcaceae; g__Deinococcus",0.999999999647373
"Survival rate","051a039f8540ebcf0e4b81c0a2d70478",-0.559016994374947,0.0302818727265981,"d__Bacteria; p__Deinococcota; c__Deinococci; o__Deinococcales; f__Deinococcaceae; g__Deinococcus",0.999999999411229
"Survival rate","b14fbd954771681b6f6db3287e3d2b27",-0.559016994374947,0.0302818727265981,"d__Bacteria; p__Deinococcota; c__Deinococci; o__Deinococcales; f__Trueperaceae; g__Truepera; s__uncultured_bacterium",0.992706184851961
"Survival rate","15f598c482bf127d7d9ca7589bf2c824",-0.559016994374947,0.0302818727265981,"d__Bacteria; p__Deinococcota; c__Deinococci; o__Deinococcales; f__Deinococcaceae; g__Deinococcus",0.999999998797126
"Survival rate","72700aa3fa4f74c7b024477596877b77",-0.559016994374947,0.0302818727265981,"d__Bacteria; p__Chloroflexi; c__TK10; o__TK10; f__TK10; g__TK10",0.999954467162862
"Survival rate","6b19e3a902e78fb7f49b63567806b620",-0.559016994374947,0.0302818727265981,"d__Bacteria; p__Armatimonadota; c__Fimbriimonadia; o__Fimbriimonadales; f__Fimbriimonadaceae; g__Fimbriimonadaceae; s__uncultured_bacterium",0.974586025260382
"Survival rate","13e1cf1068637732aed88322ec9c466a",-0.559016994374947,0.0302818727265981,"d__Bacteria; p__Verrucomicrobiota; c__Verrucomicrobiae; o__Opitutales; f__Opitutaceae; g__Opitutus",0.879878281966037
"Survival rate","33cfc77a03d170606852df42f4a9d87a",-0.559016994374947,0.0302818727265981,"d__Bacteria; p__Verrucomicrobiota; c__Verrucomicrobiae; o__Chthoniobacterales; f__Terrimicrobiaceae; g__Terrimicrobium; s__uncultured_Verrucomicrobiales",0.964655210446091
"Survival rate","9adb9353f58b6d8fe7f3455e74d25859",-0.559016994374947,0.0302818727265981,"d__Bacteria; p__Verrucomicrobiota; c__Omnitrophia; o__Omnitrophales; f__Omnitrophaceae; g__Candidatus_Omnitrophus",0.995700997057477
"Survival rate","20dbcccf5739da6538f07900217a7d38",-0.559016994374947,0.0302818727265981,"d__Bacteria; p__Planctomycetota; c__vadinHA49; o__vadinHA49; f__vadinHA49; g__vadinHA49",0.950251662675993
"Survival rate","ccc95181e399cda8e2ecb2ed50430493",-0.559016994374947,0.0302818727265981,"d__Bacteria; p__Proteobacteria; c__Alphaproteobacteria; o__Rhodospirillales; f__uncultured; g__uncultured; s__uncultured_Rhodospirillales",0.861236403878999
"Survival rate","d431b305b333d490a5a80a97ffd772d9",-0.559016994374947,0.0302818727265981,"d__Bacteria; p__Patescibacteria; c__Parcubacteria; o__Candidatus_Nomurabacteria; f__Candidatus_Nomurabacteria; g__Candidatus_Nomurabacteria; s__Parcubacteria_group",0.999416145692282
"Survival rate","28db34c5b9247256b346104d4df99ead",-0.559016994374947,0.0302818727265981,"d__Bacteria; p__Bacteroidota; c__Bacteroidia; o__Bacteroidales; f__Prevotellaceae; g__Prevotellaceae_UCG-003",0.999972394159788
"Survival rate","1688273ed3f4d910b0af324a139dc20b",-0.559016994374947,0.0302818727265981,"d__Bacteria; p__Bacteroidota; c__Bacteroidia; o__Bacteroidales; f__F082; g__F082",0.999976172821768
"Survival rate","688c5bbe650d2711efccf23eb5c1b214",-0.559016994374947,0.0302818727265981,"d__Bacteria; p__Proteobacteria; c__Gammaproteobacteria; o__Aeromonadales; f__Succinivibrionaceae; g__Succinivibrionaceae_UCG-002",0.999999875583539
"Survival rate","6a9af483bb8a539a171cede7f550947b",-0.584512205989265,0.0221149307761448,"d__Bacteria; p__Bacteroidota; c__Bacteroidia; o__Flavobacteriales; f__Flavobacteriaceae; g__Planktosalinus; s__uncultured_bacterium",0.980527052316362
"Survival rate","93dfa009779b23aa52b32699d1baa970",-0.559016994374947,0.0302818727265981,"d__Bacteria; p__Proteobacteria; c__Gammaproteobacteria; o__Burkholderiales; f__Burkholderiaceae; g__Polynucleobacter",0.995473857698946
"Survival rate","4dbe6038ee87622601fc5b768a8a66ac",-0.559016994374947,0.0302818727265981,"d__Bacteria; p__Proteobacteria; c__Gammaproteobacteria; o__Burkholderiales; f__SC-I-84; g__SC-I-84",0.860730172831404
"Survival rate","a54c42289aa9e3d6238fb64803223aa8",-0.559016994374947,0.0302818727265981,"d__Bacteria; p__Bacteroidota; c__Kryptonia; o__Kryptoniales; f__BSV26; g__BSV26",0.985787747807034
"Survival rate","fc03dbcf69f9d3fa1b5946c188f07216",-0.559016994374947,0.0302818727265981,"d__Bacteria; p__Firmicutes; c__Clostridia; o__Oscillospirales; f__Oscillospiraceae; g__UCG-002; s__uncultured_organism",0.887246885549234
"Survival rate","cf50339786dfe591a225a81fc475e727",-0.559016994374947,0.0302818727265981,"d__Bacteria; p__Bacteroidota; c__Bacteroidia; o__Bacteroidales; f__Tannerellaceae; g__Parabacteroides; s__Parabacteroides_gordonii",0.894852463250422
"Survival rate","9c81543eba21904f12e716dc6c7629e4",-0.559016994374947,0.0302818727265981,"d__Bacteria; p__Bacteroidota; c__Bacteroidia; o__Cytophagales; f__Microscillaceae; g__uncultured; s__uncultured_Cytophagia",0.803349322728144
"Survival rate","1209aa86dfa67f58dd55c09a74434b80",-0.559016994374947,0.0302818727265981,"d__Bacteria; p__Acidobacteriota; c__Thermoanaerobaculia; o__Thermoanaerobaculales; f__Thermoanaerobaculaceae; g__Subgroup_10",0.983307448175305
"Survival rate","8944817b2d310bb032543dae678c2c84",-0.559016994374947,0.0302818727265981,"d__Bacteria; p__Planctomycetota; c__Planctomycetes; o__Pirellulales; f__Pirellulaceae; g__Pirellula",0.969594515260355
"Survival rate","87c5ae4358e242d5ac11fad62703b966",-0.559016994374947,0.0302818727265981,"d__Bacteria; p__Actinobacteriota; c__Thermoleophilia; o__uncultured; f__uncultured; g__uncultured; s__uncultured_bacterium",0.999726995113169
"Survival rate","3cbab68b3fcd972e64e6e01ec011a705",-0.559016994374947,0.0302818727265981,"d__Bacteria; p__Bacteroidota; c__Bacteroidia; o__Bacteroidales; f__Muribaculaceae; g__Muribaculaceae; s__uncultured_bacterium",0.936636599990789
"Survival rate","fee06b4e1c6ec244e805318510a60745",-0.559016994374947,0.0302818727265981,"d__Bacteria; p__Desulfobacterota; c__Syntrophorhabdia; o__Syntrophorhabdales; f__Syntrophorhabdaceae; g__Syntrophorhabdus; s__uncultured_bacterium",0.989858885825821
"Survival rate","6cb988baebc477b81945c96c6db2149a",-0.559016994374947,0.0302818727265981,"d__Bacteria; p__Proteobacteria; c__Alphaproteobacteria; o__Rhodobacterales; f__Rhodobacteraceae; g__Maribius",0.820646857446557
